Date,Open,High,Low,Close,Volume,Dividends,Stock Splits,Capital Gains
2014-09-30,18.67,18.67,18.49,18.49,6800,0.00,0.00,0.00
2014-10-01,18.25,18.25,18.15,18.15,8600,0.00,0.00,0.00
2014-10-02,18.03,18.26,18.03,18.26,15600,0.00,0.00,0.00
2014-10-03,18.48,18.50,18.47,18.50,8500,0.00,0.00,0.00
2014-10-06,18.59,18.59,18.38,18.38,5300,0.00,0.00,0.00
2014-10-07,18.25,18.25,18.19,18.19,4800,0.00,0.00,0.00
2014-10-08,18.05,18.24,17.90,18.24,4100,0.00,0.00,0.00
2014-10-09,18.22,18.22,17.81,17.91,6800,0.00,0.00,0.00
2014-10-10,17.83,17.83,17.41,17.41,4300,0.00,0.00,0.00
2014-10-13,17.40,17.49,17.29,17.49,3900,0.00,0.00,0.00
2014-10-14,17.39,17.41,17.39,17.41,9100,0.00,0.00,0.00
2014-10-15,17.34,17.34,17.17,17.17,2900,0.00,0.00,0.00
2014-10-16,17.44,17.74,17.38,17.74,3800,0.00,0.00,0.00
2014-10-17,17.93,17.93,17.68,17.77,6300,0.00,0.00,0.00
2014-10-20,17.81,17.86,17.80,17.86,8000,0.00,0.00,0.00
2014-10-21,18.04,18.22,18.03,18.22,15100,0.00,0.00,0.00
2014-10-22,18.27,18.27,18.00,18.00,6900,0.00,0.00,0.00
2014-10-23,18.07,18.22,18.07,18.14,3900,0.00,0.00,0.00
2014-10-24,18.09,18.09,18.08,18.09,2800,0.00,0.00,0.00
2014-10-27,18.08,18.08,17.97,18.08,7400,0.00,0.00,0.00
2014-10-28,18.19,18.58,18.18,18.58,20300,0.00,0.00,0.00
2014-10-29,18.83,18.83,18.22,18.34,12300,0.00,0.00,0.00
2014-10-30,18.22,18.22,18.22,18.22,2600,0.00,0.00,0.00
2014-10-31,18.63,18.71,18.63,18.71,600,0.00,0.00,0.00
2014-11-03,18.68,18.76,18.64,18.64,4000,0.00,0.00,0.00
2014-11-04,18.64,18.64,18.50,18.53,1100,0.00,0.00,0.00
2014-11-05,18.48,18.48,18.39,18.39,700,0.00,0.00,0.00
2014-11-06,18.37,18.53,18.37,18.53,1000,0.00,0.00,0.00
2014-11-07,18.54,18.54,18.40,18.40,900,0.00,0.00,0.00
2014-11-10,18.56,18.61,18.53,18.59,3400,0.00,0.00,0.00
2014-11-11,18.79,18.79,18.62,18.73,1400,0.00,0.00,0.00
2014-11-12,18.70,18.71,18.63,18.70,1400,0.00,0.00,0.00
2014-11-13,18.79,18.79,18.73,18.73,1800,0.00,0.00,0.00
2014-11-14,18.78,18.85,18.78,18.85,400,0.00,0.00,0.00
2014-11-17,18.85,18.86,18.85,18.86,700,0.00,0.00,0.00
2014-11-18,19.02,19.02,18.94,18.94,400,0.00,0.00,0.00
2014-11-19,18.81,18.83,18.77,18.78,1000,0.00,0.00,0.00
2014-11-20,18.77,18.77,18.77,18.77,300,0.00,0.00,0.00
2014-11-21,18.99,18.99,18.94,18.94,500,0.00,0.00,0.00
2014-11-24,19.00,19.09,19.00,19.09,500,0.00,0.00,0.00
2014-11-25,19.08,19.08,19.08,19.08,300,0.00,0.00,0.00
2014-11-26,19.08,19.08,19.08,19.08,300,0.00,0.00,0.00
2014-11-28,19.07,19.07,19.06,19.06,400,0.00,0.00,0.00
2014-12-01,18.81,18.81,18.65,18.65,2100,0.00,0.00,0.00
2014-12-02,18.60,18.70,18.60,18.67,1100,0.00,0.00,0.00
2014-12-03,18.81,18.81,18.81,18.81,300,0.00,0.00,0.00
2014-12-04,18.76,18.79,18.76,18.79,400,0.00,0.00,0.00
2014-12-05,18.82,18.82,18.75,18.75,800,0.00,0.00,0.00
2014-12-08,18.70,18.70,18.70,18.70,300,0.00,0.00,0.00
2014-12-09,18.24,18.48,18.22,18.48,1000,0.00,0.00,0.00
2014-12-10,18.49,18.49,18.49,18.49,300,0.00,0.00,0.00
2014-12-11,18.31,18.31,18.22,18.22,3100,0.00,0.00,0.00
2014-12-12,18.22,18.22,18.22,18.22,300,0.00,0.00,0.00
2014-12-15,18.05,18.05,17.72,17.72,800,0.00,0.00,0.00
2014-12-16,17.63,17.73,17.58,17.58,1600,0.00,0.00,0.00
2014-12-17,17.59,17.94,17.59,17.94,1200,0.00,0.00,0.00
2014-12-18,18.27,18.27,18.15,18.22,3500,0.00,0.00,0.00
2014-12-19,18.34,18.41,18.34,18.41,300,0.00,0.00,0.00
2014-12-22,18.50,18.50,18.43,18.49,1400,0.00,0.00,0.00
2014-12-23,18.60,18.63,18.56,18.57,7800,0.00,0.00,0.00
2014-12-24,18.55,18.56,18.55,18.55,700,0.00,0.00,0.00
2014-12-26,18.74,18.74,18.63,18.74,1400,0.00,0.00,0.00
2014-12-29,19.09,19.09,18.64,18.64,1800,0.00,0.00,0.00
2014-12-30,18.63,18.63,18.46,18.46,800,0.00,0.00,0.00
2014-12-31,18.50,18.58,18.50,18.51,1100,0.00,0.00,0.00
2015-01-02,18.46,18.46,18.21,18.32,1200,0.00,0.00,0.00
2015-01-05,18.10,18.10,17.80,17.80,1300,0.00,0.00,0.00
2015-01-06,17.85,17.86,17.44,17.64,3000,0.00,0.00,0.00
2015-01-07,17.65,17.65,17.65,17.65,200,0.00,0.00,0.00
2015-01-08,17.89,17.95,17.88,17.93,3900,0.00,0.00,0.00
2015-01-09,17.77,17.77,17.77,17.77,100,0.00,0.00,0.00
2015-01-12,17.90,17.90,17.52,17.64,30500,0.00,0.00,0.00
2015-01-13,17.71,17.71,17.37,17.53,1200,0.00,0.00,0.00
2015-01-14,17.39,17.41,17.26,17.37,2900,0.00,0.00,0.00
2015-01-15,17.49,17.49,17.22,17.23,2000,0.00,0.00,0.00
2015-01-16,17.13,17.26,17.13,17.26,800,0.00,0.00,0.00
2015-01-20,17.25,17.41,17.25,17.39,1200,0.00,0.00,0.00
2015-01-21,17.55,17.56,17.50,17.52,1700,0.00,0.00,0.00
2015-01-22,17.71,17.90,17.71,17.88,2400,0.00,0.00,0.00
2015-01-23,17.99,17.99,17.92,17.95,1500,0.00,0.00,0.00
2015-01-26,17.93,18.07,17.93,18.02,2900,0.00,0.00,0.00
2015-01-27,17.81,17.94,17.74,17.89,2700,0.00,0.00,0.00
2015-01-28,17.91,17.91,17.66,17.66,8700,0.00,0.00,0.00
2015-01-29,17.68,17.81,17.68,17.81,1500,0.00,0.00,0.00
2015-01-30,17.84,17.84,17.71,17.78,900,0.00,0.00,0.00
2015-02-02,17.62,17.81,17.62,17.76,1800,0.00,0.00,0.00
2015-02-03,17.71,17.71,17.60,17.71,8100,0.00,0.00,0.00
2015-02-04,17.79,17.79,17.79,17.79,100,0.00,0.00,0.00
2015-02-05,18.02,18.03,18.01,18.03,1700,0.00,0.00,0.00
2015-02-06,18.08,18.11,18.02,18.02,2900,0.00,0.00,0.00
2015-02-09,18.00,18.08,17.98,18.08,1300,0.00,0.00,0.00
2015-02-10,18.16,18.22,18.16,18.21,500,0.00,0.00,0.00
2015-02-11,18.48,18.48,18.22,18.34,1300,0.00,0.00,0.00
2015-02-12,18.41,18.53,18.39,18.53,10600,0.00,0.00,0.00
2015-02-13,18.73,18.76,18.71,18.76,11900,0.00,0.00,0.00
2015-02-17,18.76,18.76,18.66,18.72,3600,0.00,0.00,0.00
2015-02-18,18.81,18.81,18.66,18.68,900,0.00,0.00,0.00
2015-02-19,18.82,18.86,18.79,18.83,5600,0.00,0.00,0.00
2015-02-20,18.77,18.93,18.77,18.92,2100,0.00,0.00,0.00
2015-02-23,18.85,18.85,18.85,18.85,100,0.00,0.00,0.00
2015-02-24,18.78,18.78,18.78,18.78,100,0.00,0.00,0.00
2015-02-25,18.89,18.90,18.84,18.84,1500,0.00,0.00,0.00
2015-02-26,19.00,19.00,19.00,19.00,300,0.00,0.00,0.00
2015-02-27,19.02,19.02,18.98,18.98,2600,0.00,0.00,0.00
2015-03-02,19.09,19.09,19.07,19.07,900,0.00,0.00,0.00
2015-03-03,19.04,19.04,18.97,18.97,2500,0.00,0.00,0.00
2015-03-04,18.90,18.94,18.90,18.94,300,0.00,0.00,0.00
2015-03-05,18.85,19.04,18.85,19.01,2200,0.00,0.00,0.00
2015-03-06,18.79,18.79,18.77,18.77,700,0.00,0.00,0.00
2015-03-09,18.92,18.92,18.72,18.73,1700,0.00,0.00,0.00
2015-03-10,18.50,18.50,18.50,18.50,100,0.00,0.00,0.00
2015-03-11,18.50,18.51,18.46,18.51,1100,0.00,0.00,0.00
2015-03-12,18.69,19.03,18.57,18.64,2500,0.00,0.00,0.00
2015-03-13,18.58,18.61,18.58,18.61,400,0.00,0.00,0.00
2015-03-16,18.79,18.80,18.76,18.80,8100,0.00,0.00,0.00
2015-03-17,18.67,18.77,18.67,18.76,1000,0.00,0.00,0.00
2015-03-18,18.84,18.97,18.84,18.97,1700,0.00,0.00,0.00
2015-03-19,19.11,19.11,18.91,18.91,3800,0.00,0.00,0.00
2015-03-20,19.02,19.04,19.02,19.04,8800,0.00,0.00,0.00
2015-03-23,18.95,19.00,18.95,19.00,1100,0.00,0.00,0.00
2015-03-24,19.07,19.07,19.06,19.06,900,0.00,0.00,0.00
2015-03-25,18.64,18.64,18.57,18.57,200,0.00,0.00,0.00
2015-03-26,18.46,18.46,18.46,18.46,100,0.00,0.00,0.00
2015-03-27,18.37,18.37,18.37,18.37,200,0.00,0.00,0.00
2015-03-30,18.52,18.62,18.50,18.62,2100,0.00,0.00,0.00
2015-03-31,18.80,18.80,18.54,18.58,800,0.00,0.00,0.00
2015-04-01,18.41,18.45,18.37,18.45,500,0.00,0.00,0.00
2015-04-02,18.56,18.59,18.56,18.59,700,0.00,0.00,0.00
2015-04-06,18.65,18.79,18.65,18.79,1000,0.00,0.00,0.00
2015-04-07,18.93,18.93,18.82,18.82,4100,0.00,0.00,0.00
2015-04-08,19.04,19.04,19.04,19.04,100,0.00,0.00,0.00
2015-04-09,19.03,19.03,19.03,19.03,100,0.00,0.00,0.00
2015-04-10,19.19,19.22,19.19,19.22,1500,0.00,0.00,0.00
2015-04-13,19.25,19.25,19.21,19.21,600,0.00,0.00,0.00
2015-04-14,19.08,19.08,19.08,19.08,200,0.00,0.00,0.00
2015-04-15,19.36,19.38,19.36,19.37,1200,0.00,0.00,0.00
2015-04-16,19.26,19.28,19.20,19.24,2300,0.00,0.00,0.00
2015-04-17,19.06,19.06,18.89,18.91,7700,0.00,0.00,0.00
2015-04-20,19.13,19.13,18.87,18.98,1300,0.00,0.00,0.00
2015-04-21,19.03,19.03,19.01,19.01,1200,0.00,0.00,0.00
2015-04-22,18.92,19.13,18.92,19.12,35200,0.00,0.00,0.00
2015-04-23,19.07,19.26,19.07,19.26,1300,0.00,0.00,0.00
2015-04-24,19.17,19.17,19.17,19.17,200,0.00,0.00,0.00
2015-04-27,19.21,19.37,19.21,19.36,22800,0.00,0.00,0.00
2015-04-28,19.15,19.18,19.11,19.17,1300,0.00,0.00,0.00
2015-04-29,18.84,18.84,18.72,18.72,1000,0.00,0.00,0.00
2015-04-30,18.66,18.66,18.37,18.37,104500,0.00,0.00,0.00
2015-05-01,18.30,18.30,18.30,18.30,100,0.00,0.00,0.00
2015-05-04,18.48,18.49,18.46,18.49,14000,0.00,0.00,0.00
2015-05-05,18.28,18.28,18.26,18.26,500,0.00,0.00,0.00
2015-05-06,18.19,18.19,18.19,18.19,700,0.00,0.00,0.00
2015-05-07,18.22,18.22,18.20,18.20,700,0.00,0.00,0.00
2015-05-08,18.33,18.33,18.33,18.33,100,0.00,0.00,0.00
2015-05-11,18.41,18.43,18.38,18.42,900,0.00,0.00,0.00
2015-05-12,18.38,18.38,18.38,18.38,100,0.00,0.00,0.00
2015-05-13,18.46,18.46,18.46,18.46,200,0.00,0.00,0.00
2015-05-14,18.64,18.64,18.64,18.64,200,0.00,0.00,0.00
2015-05-15,18.57,18.58,18.57,18.58,1000,0.00,0.00,0.00
2015-05-18,18.58,18.68,18.58,18.68,500,0.00,0.00,0.00
2015-05-19,18.66,18.71,18.64,18.69,1000,0.00,0.00,0.00
2015-05-20,18.67,18.67,18.55,18.56,3600,0.00,0.00,0.00
2015-05-21,18.74,18.78,18.74,18.78,700,0.00,0.00,0.00
2015-05-22,18.72,18.76,18.72,18.76,3400,0.00,0.00,0.00
2015-05-26,18.76,18.76,18.58,18.58,700,0.00,0.00,0.00
2015-05-27,18.56,18.74,18.56,18.74,4600,0.00,0.00,0.00
2015-05-28,18.74,18.80,18.74,18.80,1000,0.00,0.00,0.00
2015-05-29,18.76,18.76,18.71,18.71,1400,0.00,0.00,0.00
2015-06-01,18.79,18.79,18.79,18.79,100,0.00,0.00,0.00
2015-06-02,18.85,18.85,18.78,18.78,400,0.00,0.00,0.00
2015-06-03,18.96,18.96,18.92,18.93,2000,0.00,0.00,0.00
2015-06-04,18.90,18.90,18.70,18.72,1600,0.00,0.00,0.00
2015-06-05,18.60,18.72,18.60,18.72,300,0.00,0.00,0.00
2015-06-08,18.76,18.78,18.70,18.71,1400,0.00,0.00,0.00
2015-06-09,18.74,18.74,18.69,18.70,1700,0.00,0.00,0.00
2015-06-10,18.84,18.86,18.80,18.86,500,0.00,0.00,0.00
2015-06-11,18.88,18.88,18.86,18.86,400,0.00,0.00,0.00
2015-06-12,18.77,18.77,18.73,18.74,900,0.00,0.00,0.00
2015-06-15,18.66,18.66,18.61,18.61,200,0.00,0.00,0.00
2015-06-16,18.68,18.72,18.68,18.72,500,0.00,0.00,0.00
2015-06-17,18.88,18.88,18.86,18.86,300,0.00,0.00,0.00
2015-06-18,19.00,19.04,19.00,19.04,2200,0.00,0.00,0.00
2015-06-19,19.04,19.04,19.03,19.03,5700,0.00,0.00,0.00
2015-06-22,19.09,19.13,19.09,19.13,300,0.00,0.00,0.00
2015-06-23,19.17,19.19,19.17,19.19,2500,0.00,0.00,0.00
2015-06-24,18.96,18.96,18.96,18.96,100,0.00,0.00,0.00
2015-06-25,19.03,19.03,19.03,19.03,700,0.00,0.00,0.00
2015-06-26,18.96,18.98,18.85,18.91,800,0.00,0.00,0.00
2015-06-29,18.45,18.45,18.35,18.35,2300,0.00,0.00,0.00
2015-06-30,18.46,18.46,18.41,18.43,1000,0.00,0.00,0.00
2015-07-01,18.64,18.64,18.45,18.50,1300,0.00,0.00,0.00
2015-07-02,18.55,18.59,18.55,18.59,400,0.00,0.00,0.00
2015-07-06,18.48,18.48,18.43,18.44,900,0.00,0.00,0.00
2015-07-07,18.20,18.39,18.18,18.39,3900,0.00,0.00,0.00
2015-07-08,18.10,18.10,17.98,17.98,1600,0.00,0.00,0.00
2015-07-09,18.21,18.21,18.21,18.21,100,0.00,0.00,0.00
2015-07-10,18.21,18.21,18.21,18.21,100,0.00,0.00,0.00
2015-07-13,18.36,18.46,18.34,18.46,1800,0.00,0.00,0.00
2015-07-14,18.59,18.64,18.59,18.64,1100,0.00,0.00,0.00
2015-07-15,18.58,18.63,18.47,18.47,600,0.00,0.00,0.00
2015-07-16,18.56,18.61,18.56,18.61,400,0.00,0.00,0.00
2015-07-17,18.63,18.63,18.62,18.62,400,0.00,0.00,0.00
2015-07-20,18.58,18.63,18.58,18.63,300,0.00,0.00,0.00
2015-07-21,18.47,18.54,18.47,18.54,600,0.00,0.00,0.00
2015-07-22,18.47,18.47,18.44,18.44,600,0.00,0.00,0.00
2015-07-23,18.55,18.55,18.55,18.55,100,0.00,0.00,0.00
2015-07-24,18.40,18.40,18.40,18.40,200,0.00,0.00,0.00
2015-07-27,18.26,18.32,18.25,18.32,1900,0.00,0.00,0.00
2015-07-28,18.33,18.37,18.33,18.37,300,0.00,0.00,0.00
2015-07-29,18.35,18.41,18.35,18.41,1100,0.00,0.00,0.00
2015-07-30,18.26,18.28,18.26,18.28,400,0.00,0.00,0.00
2015-07-31,18.28,18.28,18.19,18.19,400,0.00,0.00,0.00
2015-08-03,18.08,18.08,18.00,18.00,1300,0.00,0.00,0.00
2015-08-04,17.77,17.77,17.77,17.77,200,0.00,0.00,0.00
2015-08-05,17.81,17.81,17.81,17.81,200,0.00,0.00,0.00
2015-08-06,17.72,17.74,17.68,17.74,2700,0.00,0.00,0.00
2015-08-07,17.83,17.83,17.83,17.83,100,0.00,0.00,0.00
2015-08-10,18.09,18.09,18.09,18.09,100,0.00,0.00,0.00
2015-08-11,17.96,18.00,17.96,18.00,1200,0.00,0.00,0.00
2015-08-12,17.79,17.79,17.79,17.79,100,0.00,0.00,0.00
2015-08-13,17.88,17.88,17.86,17.86,400,0.00,0.00,0.00
2015-08-14,17.93,17.93,17.90,17.90,500,0.00,0.00,0.00
2015-08-17,17.85,17.99,17.85,17.99,300,0.00,0.00,0.00
2015-08-18,17.82,17.90,17.79,17.79,4300,0.00,0.00,0.00
2015-08-19,17.66,17.66,17.66,17.66,100,0.00,0.00,0.00
2015-08-20,17.27,17.27,17.10,17.10,2400,0.00,0.00,0.00
2015-08-21,16.74,16.87,16.74,16.79,2800,0.00,0.00,0.00
2015-08-24,16.68,16.68,15.28,16.41,1600,0.00,0.00,0.00
2015-08-25,16.81,16.81,16.09,16.09,4400,0.00,0.00,0.00
2015-08-26,16.41,16.41,16.28,16.28,700,0.00,0.00,0.00
2015-08-27,17.06,17.06,17.03,17.03,700,0.00,0.00,0.00
2015-08-28,17.13,17.15,17.07,17.07,1200,0.00,0.00,0.00
2015-08-31,17.08,17.19,17.08,17.19,200,0.00,0.00,0.00
2015-09-01,16.96,16.96,16.58,16.60,1400,0.00,0.00,0.00
2015-09-02,16.59,16.59,16.59,16.59,100,0.00,0.00,0.00
2015-09-03,16.71,16.71,16.71,16.71,100,0.00,0.00,0.00
2015-09-04,16.48,16.50,16.48,16.50,200,0.00,0.00,0.00
2015-09-08,16.97,17.02,16.97,17.02,400,0.00,0.00,0.00
2015-09-09,16.98,16.98,16.98,16.98,100,0.00,0.00,0.00
2015-09-10,16.91,16.91,16.88,16.90,400,0.00,0.00,0.00
2015-09-11,16.88,16.88,16.79,16.81,3100,0.00,0.00,0.00
2015-09-14,16.88,16.88,16.88,16.88,300,0.00,0.00,0.00
2015-09-15,17.09,17.11,17.09,17.11,700,0.00,0.00,0.00
2015-09-16,17.45,17.45,17.45,17.45,100,0.00,0.00,0.00
2015-09-17,17.36,17.36,17.36,17.36,100,0.00,0.00,0.00
2015-09-18,17.20,17.23,17.19,17.23,1700,0.00,0.00,0.00
2015-09-21,17.16,17.16,17.16,17.16,300,0.00,0.00,0.00
2015-09-22,16.90,16.90,16.90,16.90,100,0.00,0.00,0.00
2015-09-23,16.81,16.81,16.81,16.81,100,0.00,0.00,0.00
2015-09-24,16.61,16.61,16.61,16.61,100,0.00,0.00,0.00
2015-09-25,16.77,16.77,16.77,16.77,100,0.00,0.00,0.00
2015-09-28,16.56,16.56,16.35,16.35,1400,0.00,0.00,0.00
2015-09-29,15.96,16.16,15.92,15.92,2100,0.00,0.00,0.00
2015-09-30,16.18,16.18,16.18,16.18,100,0.00,0.00,0.00
2015-10-01,16.04,16.04,16.04,16.04,100,0.00,0.00,0.00
2015-10-02,16.21,16.21,16.21,16.21,100,0.00,0.00,0.00
2015-10-05,16.80,16.80,16.80,16.80,100,0.00,0.00,0.00
2015-10-06,16.72,16.74,16.72,16.74,1900,0.00,0.00,0.00
2015-10-07,16.95,16.95,16.95,16.95,300,0.00,0.00,0.00
2015-10-08,16.98,16.98,16.98,16.98,300,0.00,0.00,0.00
2015-10-09,17.23,17.23,17.23,17.23,100,0.00,0.00,0.00
2015-10-12,17.16,17.16,17.16,17.16,100,0.00,0.00,0.00
2015-10-13,17.09,17.09,17.09,17.09,200,0.00,0.00,0.00
2015-10-14,17.07,17.07,16.99,16.99,200,0.00,0.00,0.00
2015-10-15,17.29,17.29,17.06,17.06,300,0.00,0.00,0.00
2015-10-16,17.27,17.27,17.25,17.25,1300,0.00,0.00,0.00
2015-10-19,17.17,17.17,17.17,17.17,100,0.00,0.00,0.00
2015-10-20,17.15,17.19,17.15,17.19,400,0.00,0.00,0.00
2015-10-21,17.32,17.32,17.11,17.11,500,0.00,0.00,0.00
2015-10-22,17.21,17.21,17.21,17.21,200,0.00,0.00,0.00
2015-10-23,17.15,17.21,17.15,17.21,1200,0.00,0.00,0.00
2015-10-26,17.32,17.32,17.32,17.32,200,0.00,0.00,0.00
2015-10-27,17.20,17.20,17.20,17.20,100,0.00,0.00,0.00
2015-10-28,17.54,17.54,17.54,17.54,100,0.00,0.00,0.00
2015-10-29,17.67,17.67,17.52,17.52,500,0.00,0.00,0.00
2015-10-30,17.66,17.66,17.66,17.66,100,0.00,0.00,0.00
2015-11-02,17.92,17.92,17.92,17.92,100,0.00,0.00,0.00
2015-11-03,18.06,18.06,18.06,18.06,200,0.00,0.00,0.00
2015-11-04,18.08,18.08,18.08,18.08,200,0.00,0.00,0.00
2015-11-05,17.99,17.99,17.99,17.99,100,0.00,0.00,0.00
2015-11-06,18.20,18.20,18.17,18.17,1200,0.00,0.00,0.00
2015-11-09,18.05,18.08,18.02,18.02,600,0.00,0.00,0.00
2015-11-10,17.85,17.87,17.85,17.87,300,0.00,0.00,0.00
2015-11-11,17.86,17.86,17.86,17.86,500,0.00,0.00,0.00
2015-11-12,17.57,17.57,17.57,17.57,100,0.00,0.00,0.00
2015-11-13,17.39,17.39,17.19,17.19,200,0.00,0.00,0.00
2015-11-16,17.28,17.28,17.28,17.28,200,0.00,0.00,0.00
2015-11-17,17.39,17.39,17.39,17.39,100,0.00,0.00,0.00
2015-11-18,17.63,17.63,17.63,17.63,100,0.00,0.00,0.00
2015-11-19,17.77,17.77,17.74,17.74,400,0.00,0.00,0.00
2015-11-20,17.95,17.95,17.95,17.95,400,0.00,0.00,0.00
2015-11-23,17.88,17.88,17.88,17.88,100,0.00,0.00,0.00
2015-11-24,17.75,17.75,17.75,17.75,100,0.00,0.00,0.00
2015-11-25,18.15,18.17,18.12,18.12,2200,0.00,0.00,0.00
2015-11-27,18.25,18.25,18.25,18.25,100,0.00,0.00,0.00
2015-11-30,18.38,18.38,18.38,18.38,200,0.00,0.00,0.00
2015-12-01,18.43,18.43,18.43,18.43,200,0.00,0.00,0.00
2015-12-02,18.51,18.51,18.51,18.51,100,0.00,0.00,0.00
2015-12-03,18.28,18.28,18.28,18.28,300,0.00,0.00,0.00
2015-12-04,18.30,18.33,18.30,18.33,200,0.00,0.00,0.00
2015-12-07,18.18,18.18,18.18,18.18,1100,0.00,0.00,0.00
2015-12-08,17.99,17.99,17.99,17.99,200,0.00,0.00,0.00
2015-12-09,18.07,18.07,18.03,18.03,200,0.00,0.00,0.00
2015-12-10,18.15,18.17,18.15,18.17,700,0.00,0.00,0.00
2015-12-11,18.23,18.23,17.80,17.80,3500,0.00,0.00,0.00
2015-12-14,17.63,17.63,17.63,17.63,100,0.00,0.00,0.00
2015-12-15,17.79,17.83,17.79,17.83,500,0.00,0.00,0.00
2015-12-16,18.05,18.05,18.05,18.05,300,0.00,0.00,0.00
2015-12-17,18.26,18.26,18.26,18.26,100,0.00,0.00,0.00
2015-12-18,18.07,18.07,18.07,18.07,400,0.00,0.00,0.00
2015-12-21,18.01,18.01,18.01,18.01,100,0.00,0.00,0.00
2015-12-22,18.14,18.14,18.14,18.14,200,0.00,0.00,0.00
2015-12-23,18.36,18.36,18.36,18.36,200,0.00,0.00,0.00
2015-12-24,18.48,18.48,18.48,18.48,100,0.19,0.00,0.00
2015-12-28,18.27,18.27,18.27,18.27,100,0.00,0.00,0.00
2015-12-29,18.37,18.42,18.37,18.42,200,0.00,0.00,0.00
2015-12-30,18.39,18.40,18.33,18.33,1000,0.00,0.00,0.00
2015-12-31,18.13,18.16,18.06,18.06,900,0.00,0.00,0.00
2016-01-04,17.60,17.74,17.57,17.70,3900,0.00,0.00,0.00
2016-01-05,17.75,17.78,17.75,17.78,900,0.00,0.00,0.00
2016-01-06,17.76,17.76,17.41,17.43,400,0.00,0.00,0.00
2016-01-07,17.22,17.22,17.04,17.13,1300,0.00,0.00,0.00
2016-01-08,16.54,16.54,16.54,16.54,100,0.00,0.00,0.00
2016-01-11,16.71,16.71,16.06,16.06,1300,0.00,0.00,0.00
2016-01-12,16.43,16.43,16.14,16.17,1100,0.00,0.00,0.00
2016-01-13,16.28,16.36,15.80,15.84,1500,0.00,0.00,0.00
2016-01-14,15.76,15.76,15.76,15.76,400,0.00,0.00,0.00
2016-01-15,15.75,15.75,15.35,15.35,1300,0.00,0.00,0.00
2016-01-19,15.77,15.77,15.49,15.49,400,0.00,0.00,0.00
2016-01-20,14.91,15.08,14.91,15.07,16500,0.00,0.00,0.00
2016-01-21,15.28,15.43,15.23,15.43,700,0.00,0.00,0.00
2016-01-22,15.59,15.59,15.59,15.59,100,0.00,0.00,0.00
2016-01-25,15.32,15.32,15.32,15.32,100,0.00,0.00,0.00
2016-01-26,15.18,15.18,15.18,15.18,600,0.00,0.00,0.00
2016-01-27,15.42,15.42,15.30,15.30,200,0.00,0.00,0.00
2016-01-28,14.96,14.98,14.91,14.91,600,0.00,0.00,0.00
2016-01-29,15.01,15.14,15.01,15.14,400,0.00,0.00,0.00
2016-02-01,15.09,15.09,15.09,15.09,100,0.00,0.00,0.00
2016-02-02,15.16,15.16,14.89,14.89,1000,0.00,0.00,0.00
2016-02-03,14.87,14.87,14.87,14.87,100,0.00,0.00,0.00
2016-02-04,15.13,15.13,15.13,15.13,200,0.00,0.00,0.00
2016-02-05,14.61,14.61,14.33,14.33,500,0.00,0.00,0.00
2016-02-08,14.31,14.31,13.77,13.77,1400,0.00,0.00,0.00
2016-02-09,13.88,13.88,13.51,13.63,2500,0.00,0.00,0.00
2016-02-10,13.92,13.92,13.92,13.92,200,0.00,0.00,0.00
2016-02-11,13.67,13.67,13.67,13.67,1000,0.00,0.00,0.00
2016-02-12,13.98,13.98,13.76,13.93,1500,0.00,0.00,0.00
2016-02-16,14.21,14.21,14.20,14.20,400,0.00,0.00,0.00
2016-02-17,14.84,14.86,14.84,14.86,300,0.00,0.00,0.00
2016-02-18,14.92,14.92,14.87,14.89,2400,0.00,0.00,0.00
2016-02-19,14.99,14.99,14.94,14.99,4400,0.00,0.00,0.00
2016-02-22,15.25,15.31,15.25,15.31,800,0.00,0.00,0.00
2016-02-23,15.30,15.30,15.30,15.30,200,0.00,0.00,0.00
2016-02-24,15.16,15.21,15.16,15.21,600,0.00,0.00,0.00
2016-02-25,15.28,15.28,15.26,15.28,1000,0.00,0.00,0.00
2016-02-26,15.59,15.59,15.59,15.59,200,0.00,0.00,0.00
2016-02-29,15.76,15.85,15.72,15.83,700,0.00,0.00,0.00
2016-03-01,16.10,16.10,16.10,16.10,600,0.00,0.00,0.00
2016-03-02,16.20,16.36,16.20,16.32,1100,0.00,0.00,0.00
2016-03-03,16.53,16.73,16.53,16.73,700,0.00,0.00,0.00
2016-03-04,16.92,17.29,16.92,17.29,400,0.00,0.00,0.00
2016-03-07,17.05,17.05,17.05,17.05,100,0.00,0.00,0.00
2016-03-08,16.86,16.86,16.86,16.86,600,0.00,0.00,0.00
2016-03-09,16.82,16.82,16.81,16.81,700,0.00,0.00,0.00
2016-03-10,16.50,16.58,16.50,16.58,1500,0.00,0.00,0.00
2016-03-11,16.69,16.69,16.69,16.69,200,0.00,0.00,0.00
2016-03-14,17.11,17.11,17.05,17.05,200,0.00,0.00,0.00
2016-03-15,16.74,16.74,16.65,16.68,1400,0.00,0.00,0.00
2016-03-16,16.77,16.97,16.77,16.97,400,0.00,0.00,0.00
2016-03-17,17.17,17.18,17.17,17.18,2800,0.00,0.00,0.00
2016-03-18,17.37,17.44,17.37,17.43,900,0.00,0.00,0.00
2016-03-21,17.52,17.52,17.52,17.52,100,0.00,0.00,0.00
2016-03-22,17.50,17.59,17.50,17.59,1200,0.00,0.00,0.00
2016-03-23,17.31,17.31,17.31,17.31,100,0.00,0.00,0.00
2016-03-24,16.93,17.18,16.93,17.15,2200,0.00,0.00,0.00
2016-03-28,17.36,17.36,17.25,17.25,500,0.00,0.00,0.00
2016-03-29,17.35,17.73,17.25,17.73,700,0.00,0.00,0.00
2016-03-30,17.88,17.88,17.78,17.80,1400,0.00,0.00,0.00
2016-03-31,17.87,17.87,17.80,17.85,300,0.00,0.00,0.00
2016-04-01,17.71,17.71,17.71,17.71,100,0.00,0.00,0.00
2016-04-04,17.93,17.99,17.93,17.97,1300,0.00,0.00,0.00
2016-04-05,17.97,17.97,17.97,17.97,0,0.00,0.00,0.00
2016-04-06,17.85,18.00,17.85,18.00,900,0.00,0.00,0.00
2016-04-07,18.07,18.07,18.07,18.07,300,0.00,0.00,0.00
2016-04-08,18.07,18.07,18.07,18.07,0,0.00,0.00,0.00
2016-04-11,18.35,18.35,17.94,17.94,1400,0.00,0.00,0.00
2016-04-12,17.83,17.92,17.81,17.88,3900,0.00,0.00,0.00
2016-04-13,17.88,17.88,17.88,17.88,0,0.00,0.00,0.00
2016-04-14,18.52,18.66,18.52,18.55,3000,0.00,0.00,0.00
2016-04-15,18.49,18.49,18.49,18.49,300,0.00,0.00,0.00
2016-04-18,18.22,18.34,18.21,18.30,19400,0.00,0.00,0.00
2016-04-19,18.34,18.42,18.15,18.28,2300,0.00,0.00,0.00
2016-04-20,18.13,18.13,18.13,18.13,300,0.00,0.00,0.00
2016-04-21,18.47,18.59,18.47,18.55,400,0.00,0.00,0.00
2016-04-22,18.59,18.59,18.39,18.43,1500,0.00,0.00,0.00
2016-04-25,18.28,18.28,18.23,18.27,1400,0.00,0.00,0.00
2016-04-26,18.42,18.46,18.30,18.44,2200,0.00,0.00,0.00
2016-04-27,18.40,18.40,18.40,18.40,100,0.00,0.00,0.00
2016-04-28,18.23,18.23,18.23,18.23,200,0.00,0.00,0.00
2016-04-29,17.77,17.82,17.75,17.81,3900,0.00,0.00,0.00
2016-05-02,17.75,17.85,17.75,17.85,400,0.00,0.00,0.00
2016-05-03,17.58,17.58,17.42,17.51,17700,0.00,0.00,0.00
2016-05-04,17.22,17.22,17.06,17.06,700,0.00,0.00,0.00
2016-05-05,17.03,17.03,17.02,17.02,500,0.00,0.00,0.00
2016-05-06,17.06,17.06,16.92,16.92,800,0.00,0.00,0.00
2016-05-09,17.40,17.40,16.97,16.97,600,0.00,0.00,0.00
2016-05-10,17.10,17.21,17.10,17.21,400,0.00,0.00,0.00
2016-05-11,17.14,17.14,17.14,17.14,200,0.00,0.00,0.00
2016-05-12,17.01,17.01,17.01,17.01,100,0.00,0.00,0.00
2016-05-13,17.02,17.02,17.02,17.02,100,0.00,0.00,0.00
2016-05-16,17.17,17.20,17.17,17.17,1000,0.00,0.00,0.00
2016-05-17,17.24,17.24,17.24,17.24,100,0.00,0.00,0.00
2016-05-18,17.13,17.17,17.13,17.17,200,0.00,0.00,0.00
2016-05-19,17.03,17.03,17.03,17.03,100,0.00,0.00,0.00
2016-05-20,17.28,17.28,17.28,17.28,200,0.00,0.00,0.00
2016-05-23,17.18,17.40,17.18,17.32,2300,0.00,0.00,0.00
2016-05-24,17.79,17.87,17.79,17.86,300,0.00,0.00,0.00
2016-05-25,17.92,17.92,17.92,17.92,100,0.00,0.00,0.00
2016-05-26,18.03,18.03,18.03,18.03,1000,0.00,0.00,0.00
2016-05-27,18.02,18.10,18.02,18.10,200,0.00,0.00,0.00
2016-05-31,18.25,18.26,18.25,18.26,500,0.00,0.00,0.00
2016-06-01,18.10,18.26,18.10,18.25,2900,0.00,0.00,0.00
2016-06-02,18.34,18.34,18.34,18.34,100,0.00,0.00,0.00
2016-06-03,18.25,18.25,18.25,18.25,100,0.00,0.00,0.00
2016-06-06,18.50,18.50,18.50,18.50,200,0.00,0.00,0.00
2016-06-07,18.60,18.60,18.52,18.57,1300,0.00,0.00,0.00
2016-06-08,18.61,18.61,18.61,18.61,100,0.00,0.00,0.00
2016-06-09,18.48,18.52,18.48,18.52,500,0.00,0.00,0.00
2016-06-10,18.18,18.18,18.18,18.18,300,0.00,0.00,0.00
2016-06-13,18.38,18.39,18.26,18.26,700,0.00,0.00,0.00
2016-06-14,18.17,18.17,18.17,18.17,100,0.00,0.00,0.00
2016-06-15,18.46,18.46,18.46,18.46,100,0.00,0.00,0.00
2016-06-16,18.18,18.31,18.18,18.31,1100,0.00,0.00,0.00
2016-06-17,18.36,18.36,18.36,18.36,100,0.00,0.00,0.00
2016-06-20,18.70,18.70,18.70,18.70,200,0.00,0.00,0.00
2016-06-21,18.80,18.80,18.61,18.61,600,0.00,0.00,0.00
2016-06-22,18.61,18.61,18.61,18.61,600,0.00,0.00,0.00
2016-06-23,18.49,18.71,18.49,18.71,5600,0.00,0.00,0.00
2016-06-24,18.05,18.05,17.89,17.89,500,0.00,0.00,0.00
2016-06-27,17.24,17.24,17.22,17.22,1200,0.00,0.00,0.00
2016-06-28,17.54,17.55,17.54,17.55,700,0.00,0.00,0.00
2016-06-29,17.76,17.89,17.76,17.89,1500,0.00,0.00,0.00
2016-06-30,18.09,18.09,18.09,18.09,100,0.00,0.00,0.00
2016-07-01,18.24,18.24,18.24,18.24,100,0.00,0.00,0.00
2016-07-05,18.30,18.30,18.30,18.30,100,0.00,0.00,0.00
2016-07-06,17.96,17.96,17.87,17.87,400,0.00,0.00,0.00
2016-07-07,18.12,18.15,18.12,18.15,700,0.00,0.00,0.00
2016-07-08,18.37,18.62,18.37,18.62,1300,0.00,0.00,0.00
2016-07-11,18.81,18.87,18.80,18.80,1000,0.00,0.00,0.00
2016-07-12,19.02,19.06,19.02,19.06,800,0.00,0.00,0.00
2016-07-13,19.19,19.19,19.07,19.09,1300,0.00,0.00,0.00
2016-07-14,19.14,19.14,19.12,19.12,2200,0.00,0.00,0.00
2016-07-15,18.96,19.00,18.96,19.00,200,0.00,0.00,0.00
2016-07-18,19.12,19.22,19.12,19.19,600,0.00,0.00,0.00
2016-07-19,19.06,19.06,19.06,19.06,100,0.00,0.00,0.00
2016-07-20,19.23,19.30,19.23,19.30,500,0.00,0.00,0.00
2016-07-21,19.32,19.33,19.21,19.21,400,0.00,0.00,0.00
2016-07-22,19.23,19.23,19.23,19.23,200,0.00,0.00,0.00
2016-07-25,19.34,19.34,19.28,19.28,500,0.00,0.00,0.00
2016-07-26,19.38,19.38,19.38,19.38,200,0.00,0.00,0.00
2016-07-27,19.58,19.63,19.58,19.63,300,0.00,0.00,0.00
2016-07-28,19.41,19.41,19.41,19.41,100,0.00,0.00,0.00
2016-07-29,19.52,19.52,19.52,19.52,300,0.00,0.00,0.00
2016-08-01,19.50,19.56,19.50,19.56,700,0.00,0.00,0.00
2016-08-02,19.31,19.38,19.31,19.38,1000,0.00,0.00,0.00
2016-08-03,19.39,19.46,19.39,19.44,1000,0.00,0.00,0.00
2016-08-04,19.48,19.48,19.43,19.45,1800,0.00,0.00,0.00
2016-08-05,19.73,19.75,19.73,19.75,600,0.00,0.00,0.00
2016-08-08,19.87,19.87,19.87,19.87,100,0.00,0.00,0.00
2016-08-09,19.97,19.97,19.91,19.91,1500,0.00,0.00,0.00
2016-08-10,19.94,19.94,19.80,19.84,4000,0.00,0.00,0.00
2016-08-11,19.82,20.09,19.82,20.06,4300,0.00,0.00,0.00
2016-08-12,20.21,20.21,20.12,20.12,600,0.00,0.00,0.00
2016-08-15,20.29,20.33,20.27,20.33,1800,0.00,0.00,0.00
2016-08-16,20.15,20.18,20.15,20.18,2300,0.00,0.00,0.00
2016-08-17,20.13,20.13,20.09,20.09,300,0.00,0.00,0.00
2016-08-18,20.09,20.21,20.09,20.16,2100,0.00,0.00,0.00
2016-08-19,20.16,20.23,20.16,20.23,1600,0.00,0.00,0.00
2016-08-22,20.25,20.25,20.22,20.25,2800,0.00,0.00,0.00
2016-08-23,20.22,20.41,20.22,20.41,1100,0.00,0.00,0.00
2016-08-24,20.60,20.60,20.35,20.35,3300,0.00,0.00,0.00
2016-08-25,20.45,20.45,20.36,20.44,1600,0.00,0.00,0.00
2016-08-26,20.43,20.49,20.35,20.35,1100,0.00,0.00,0.00
2016-08-29,20.49,20.49,20.42,20.45,1100,0.00,0.00,0.00
2016-08-30,20.48,20.49,20.32,20.36,2100,0.00,0.00,0.00
2016-08-31,20.25,20.25,19.91,19.91,1000,0.00,0.00,0.00
2016-09-01,19.94,19.94,19.72,19.77,2100,0.00,0.00,0.00
2016-09-02,20.02,20.03,19.94,19.94,800,0.00,0.00,0.00
2016-09-06,20.24,20.28,20.22,20.24,1800,0.00,0.00,0.00
2016-09-07,20.26,20.26,20.09,20.13,500,0.00,0.00,0.00
2016-09-08,20.09,20.19,20.04,20.19,700,0.00,0.00,0.00
2016-09-09,20.03,20.03,19.60,19.60,3800,0.00,0.00,0.00
2016-09-12,19.45,19.45,19.45,19.45,200,0.00,0.00,0.00
2016-09-13,19.50,19.50,19.49,19.49,400,0.00,0.00,0.00
2016-09-14,19.42,19.54,19.42,19.54,400,0.00,0.00,0.00
2016-09-15,19.77,19.87,19.77,19.87,6400,0.00,0.00,0.00
2016-09-16,19.98,19.98,19.91,19.91,700,0.00,0.00,0.00
2016-09-19,20.06,20.12,20.06,20.12,2300,0.00,0.00,0.00
2016-09-20,19.98,19.99,19.98,19.98,600,0.00,0.00,0.00
2016-09-21,20.08,20.08,20.08,20.08,200,0.00,0.00,0.00
2016-09-22,20.40,20.42,20.40,20.42,400,0.00,0.00,0.00
2016-09-23,20.40,20.40,20.34,20.36,500,0.00,0.00,0.00
2016-09-26,20.34,20.39,20.34,20.37,500,0.00,0.00,0.00
2016-09-27,20.46,20.48,20.44,20.44,600,0.00,0.00,0.00
2016-09-28,20.72,20.75,20.72,20.75,1300,0.00,0.00,0.00
2016-09-29,20.87,20.87,20.75,20.75,400,0.00,0.00,0.00
2016-09-30,21.06,21.06,21.06,21.06,200,0.00,0.00,0.00
2016-10-03,21.69,21.69,21.01,21.02,1700,0.00,0.00,0.00
2016-10-04,21.07,21.09,21.00,21.00,2300,0.00,0.00,0.00
2016-10-05,21.18,21.18,21.18,21.18,300,0.00,0.00,0.00
2016-10-06,21.03,21.03,20.93,20.98,1200,0.00,0.00,0.00
2016-10-07,20.88,20.88,20.69,20.69,1300,0.00,0.00,0.00
2016-10-10,20.95,20.95,20.88,20.88,600,0.00,0.00,0.00
2016-10-11,20.54,20.54,20.52,20.53,1600,0.00,0.00,0.00
2016-10-12,20.38,20.38,20.31,20.31,1000,0.00,0.00,0.00
2016-10-13,19.95,20.13,19.95,20.13,700,0.00,0.00,0.00
2016-10-14,20.07,20.19,20.05,20.05,800,0.00,0.00,0.00
2016-10-17,19.89,19.98,19.89,19.95,1000,0.00,0.00,0.00
2016-10-18,20.23,20.23,19.99,19.99,1600,0.00,0.00,0.00
2016-10-19,20.13,20.13,20.10,20.11,1600,0.00,0.00,0.00
2016-10-20,20.15,20.15,20.00,20.00,900,0.00,0.00,0.00
2016-10-21,19.95,20.01,19.84,20.01,1500,0.00,0.00,0.00
2016-10-24,20.19,20.19,20.17,20.17,2800,0.00,0.00,0.00
2016-10-25,20.28,20.28,20.01,20.01,1800,0.00,0.00,0.00
2016-10-26,20.04,20.04,20.04,20.04,200,0.00,0.00,0.00
2016-10-27,20.06,20.06,19.77,19.77,700,0.00,0.00,0.00
2016-10-28,19.65,19.80,19.65,19.65,1600,0.00,0.00,0.00
2016-10-31,19.59,19.60,19.58,19.58,2500,0.00,0.00,0.00
2016-11-01,19.59,19.59,19.25,19.30,2600,0.00,0.00,0.00
2016-11-02,18.97,19.01,18.97,19.01,600,0.00,0.00,0.00
2016-11-03,19.06,19.06,19.05,19.05,300,0.00,0.00,0.00
2016-11-04,19.11,19.11,19.11,19.11,600,0.00,0.00,0.00
2016-11-07,19.11,19.11,19.11,19.11,0,0.00,0.00,0.00
2016-11-08,19.35,19.41,19.35,19.41,200,0.00,0.00,0.00
2016-11-09,19.44,19.49,19.28,19.49,18800,0.00,0.00,0.00
2016-11-10,19.87,19.87,19.87,19.87,300,0.00,0.00,0.00
2016-11-11,20.06,20.06,20.06,20.06,200,0.00,0.00,0.00
2016-11-14,20.41,20.41,20.07,20.11,900,0.00,0.00,0.00
2016-11-15,20.03,20.11,19.99,20.11,1300,0.00,0.00,0.00
2016-11-16,20.29,20.29,20.29,20.29,300,0.00,0.00,0.00
2016-11-17,20.48,20.49,20.48,20.49,400,0.00,0.00,0.00
2016-11-18,20.46,20.47,20.44,20.44,2100,0.00,0.00,0.00
2016-11-21,20.36,20.48,20.36,20.46,2000,0.00,0.00,0.00
2016-11-22,20.61,20.67,20.60,20.67,2300,0.00,0.00,0.00
2016-11-23,20.62,20.80,20.62,20.80,500,0.00,0.00,0.00
2016-11-25,20.80,20.80,20.80,20.80,0,0.00,0.00,0.00
2016-11-28,20.92,20.92,20.67,20.67,1700,0.00,0.00,0.00
2016-11-29,20.61,20.61,20.48,20.51,1100,0.00,0.00,0.00
2016-11-30,20.29,20.29,20.29,20.29,200,0.00,0.00,0.00
2016-12-01,19.88,19.88,19.83,19.83,1300,0.00,0.00,0.00
2016-12-02,19.80,19.80,19.76,19.76,700,0.00,0.00,0.00
2016-12-05,20.08,20.08,20.08,20.08,300,0.00,0.00,0.00
2016-12-06,20.53,20.53,20.36,20.49,1700,0.00,0.00,0.00
2016-12-07,20.41,20.41,20.41,20.41,100,0.00,0.00,0.00
2016-12-08,21.03,21.03,21.01,21.02,800,0.00,0.00,0.00
2016-12-09,21.02,21.03,20.98,20.98,2700,0.00,0.00,0.00
2016-12-12,20.89,20.89,20.77,20.83,1400,0.00,0.00,0.00
2016-12-13,21.02,21.12,21.02,21.10,2000,0.00,0.00,0.00
2016-12-14,21.09,21.09,21.09,21.09,3300,0.00,0.00,0.00
2016-12-15,21.02,21.06,21.02,21.05,1500,0.00,0.00,0.00
2016-12-16,21.07,21.11,21.02,21.05,2700,0.00,0.00,0.00
2016-12-19,21.14,21.14,21.05,21.11,2000,0.00,0.00,0.00
2016-12-20,21.22,21.22,21.11,21.14,2700,0.00,0.00,0.00
2016-12-21,21.19,21.19,21.07,21.07,500,0.00,0.00,0.00
2016-12-22,21.16,21.16,20.90,20.90,800,0.00,0.00,0.00
2016-12-23,21.08,21.08,21.08,21.08,300,0.00,0.00,0.00
2016-12-27,21.32,21.41,21.32,21.39,1900,0.00,0.00,0.00
2016-12-28,21.38,21.38,20.99,20.99,2600,0.00,0.00,0.00
2016-12-29,20.78,20.78,20.77,20.78,700,0.00,0.00,0.00
2016-12-30,20.84,20.84,20.68,20.68,22800,0.00,0.00,0.00
2017-01-03,20.87,21.04,20.70,20.94,4000,0.00,0.00,0.00
2017-01-04,21.10,21.34,21.10,21.33,2100,0.00,0.00,0.00
2017-01-05,21.25,21.35,21.08,21.18,2600,0.00,0.00,0.00
2017-01-06,21.27,21.36,21.23,21.33,7500,0.00,0.00,0.00
2017-01-09,21.45,21.61,21.41,21.56,5000,0.00,0.00,0.00
2017-01-10,21.62,21.67,21.54,21.58,1900,0.00,0.00,0.00
2017-01-11,21.66,21.66,21.54,21.57,2400,0.00,0.00,0.00
2017-01-12,21.49,21.56,21.49,21.56,300,0.00,0.00,0.00
2017-01-13,21.71,21.88,21.71,21.86,1200,0.00,0.00,0.00
2017-01-17,21.96,21.96,21.56,21.58,4700,0.00,0.00,0.00
2017-01-18,21.70,21.70,21.61,21.65,7000,0.00,0.00,0.00
2017-01-19,21.88,21.92,21.75,21.79,18500,0.00,0.00,0.00
2017-01-20,21.98,21.98,21.80,21.86,31000,0.00,0.00,0.00
2017-01-23,21.91,21.91,21.61,21.73,11200,0.00,0.00,0.00
2017-01-24,21.93,22.03,21.88,22.03,4600,0.00,0.00,0.00
2017-01-25,22.32,22.36,22.26,22.31,5300,0.00,0.00,0.00
2017-01-26,22.51,22.51,22.15,22.19,9400,0.00,0.00,0.00
2017-01-27,22.20,22.20,22.09,22.19,14200,0.00,0.00,0.00
2017-01-30,22.19,22.19,21.80,21.98,5100,0.00,0.00,0.00
2017-01-31,21.92,22.01,21.88,22.01,2600,0.00,0.00,0.00
2017-02-01,22.13,22.29,22.03,22.04,3000,0.00,0.00,0.00
2017-02-02,22.03,22.22,22.03,22.14,15200,0.00,0.00,0.00
2017-02-03,22.27,22.40,22.26,22.32,1600,0.00,0.00,0.00
2017-02-06,22.27,22.34,22.27,22.31,3100,0.00,0.00,0.00
2017-02-07,22.42,22.42,22.31,22.34,3300,0.00,0.00,0.00
2017-02-08,22.29,22.46,22.29,22.46,9100,0.00,0.00,0.00
2017-02-09,22.84,22.98,22.84,22.92,16900,0.00,0.00,0.00
2017-02-10,23.08,23.08,22.92,22.98,14100,0.00,0.00,0.00
2017-02-13,23.28,23.28,23.07,23.15,21100,0.00,0.00,0.00
2017-02-14,23.11,23.19,23.08,23.15,12100,0.00,0.00,0.00
2017-02-15,23.18,23.18,23.10,23.16,6100,0.00,0.00,0.00
2017-02-16,23.26,23.26,22.85,22.91,20400,0.00,0.00,0.00
2017-02-17,22.83,23.00,22.75,22.99,9500,0.00,0.00,0.00
2017-02-21,23.26,23.26,23.14,23.16,6500,0.00,0.00,0.00
2017-02-22,23.35,23.35,23.12,23.15,8200,0.00,0.00,0.00
2017-02-23,23.16,23.16,22.67,22.68,12600,0.00,0.00,0.00
2017-02-24,22.57,22.63,22.30,22.60,6000,0.00,0.00,0.00
2017-02-27,22.60,22.73,22.51,22.69,9100,0.00,0.00,0.00
2017-02-28,22.81,22.81,22.42,22.42,9200,0.00,0.00,0.00
2017-03-01,22.68,22.81,22.65,22.80,4500,0.00,0.00,0.00
2017-03-02,22.86,22.86,22.55,22.59,21300,0.00,0.00,0.00
2017-03-03,22.39,22.39,22.28,22.36,3300,0.00,0.00,0.00
2017-03-06,22.42,22.42,22.18,22.25,3700,0.00,0.00,0.00
2017-03-07,22.40,22.40,22.19,22.21,5200,0.00,0.00,0.00
2017-03-08,22.36,22.39,22.24,22.29,12800,0.00,0.00,0.00
2017-03-09,22.27,22.27,21.97,22.02,17000,0.00,0.00,0.00
2017-03-10,22.09,22.11,22.07,22.08,5500,0.00,0.00,0.00
2017-03-13,22.30,22.41,22.30,22.37,5200,0.00,0.00,0.00
2017-03-14,22.31,22.39,22.29,22.36,2800,0.00,0.00,0.00
2017-03-15,22.51,22.69,22.51,22.69,2800,0.00,0.00,0.00
2017-03-16,22.69,22.83,22.69,22.80,1700,0.00,0.00,0.00
2017-03-17,22.88,23.02,22.88,23.01,3900,0.00,0.00,0.00
2017-03-20,22.97,23.02,22.93,22.99,24100,0.00,0.00,0.00
2017-03-21,23.06,23.08,22.37,22.37,8400,0.00,0.00,0.00
2017-03-22,22.26,22.39,22.26,22.37,5000,0.00,0.00,0.00
2017-03-23,22.39,22.54,22.36,22.54,2800,0.00,0.00,0.00
2017-03-24,22.65,22.72,22.56,22.61,10200,0.00,0.00,0.00
2017-03-27,22.60,22.73,22.32,22.72,9000,0.00,0.00,0.00
2017-03-28,22.88,22.92,22.77,22.87,32900,0.00,0.00,0.00
2017-03-29,22.85,23.06,22.85,23.04,7800,0.00,0.00,0.00
2017-03-30,23.11,23.15,23.11,23.15,4500,0.00,0.00,0.00
2017-03-31,23.23,23.28,23.15,23.23,17600,0.00,0.00,0.00
2017-04-03,23.44,23.44,23.17,23.30,10400,0.00,0.00,0.00
2017-04-04,23.25,23.26,23.12,23.15,6400,0.00,0.00,0.00
2017-04-05,23.22,23.33,22.98,22.98,3100,0.00,0.00,0.00
2017-04-06,22.91,23.15,22.91,23.15,4800,0.00,0.00,0.00
2017-04-07,23.13,23.22,23.06,23.22,4300,0.00,0.00,0.00
2017-04-10,23.41,23.41,23.30,23.31,10800,0.00,0.00,0.00
2017-04-11,23.28,23.33,23.13,23.30,4800,0.00,0.00,0.00
2017-04-12,23.45,23.45,23.09,23.09,5500,0.00,0.00,0.00
2017-04-13,23.09,23.11,22.93,22.99,9300,0.00,0.00,0.00
2017-04-17,23.12,23.13,23.02,23.13,8000,0.00,0.00,0.00
2017-04-18,23.30,23.47,23.28,23.47,5600,0.00,0.00,0.00
2017-04-19,23.68,23.78,23.61,23.63,35700,0.00,0.00,0.00
2017-04-20,23.77,24.02,23.77,23.99,17800,0.00,0.00,0.00
2017-04-21,24.01,24.01,23.81,23.83,16500,0.00,0.00,0.00
2017-04-24,24.30,24.30,24.08,24.14,20500,0.00,0.00,0.00
2017-04-25,24.44,24.52,24.26,24.52,28100,0.00,0.00,0.00
2017-04-26,24.59,24.78,24.45,24.71,66800,0.00,0.00,0.00
2017-04-27,24.85,25.01,24.85,24.93,16200,0.00,0.00,0.00
2017-04-28,25.17,25.17,24.92,24.95,202300,0.00,0.00,0.00
2017-05-01,25.21,25.34,25.04,25.27,19200,0.00,0.00,0.00
2017-05-02,25.28,25.28,25.08,25.17,29000,0.00,0.00,0.00
2017-05-03,25.26,25.26,25.02,25.10,6400,0.00,0.00,0.00
2017-05-04,25.18,25.21,24.86,24.96,20200,0.00,0.00,0.00
2017-05-05,25.04,25.28,24.97,25.28,21600,0.00,0.00,0.00
2017-05-08,25.45,25.45,25.29,25.35,18500,0.00,0.00,0.00
2017-05-09,25.38,25.73,25.38,25.69,58300,0.00,0.00,0.00
2017-05-10,25.90,26.31,25.86,26.31,40600,0.00,0.00,0.00
2017-05-11,26.26,26.69,26.16,26.67,21600,0.00,0.00,0.00
2017-05-12,26.77,26.81,26.50,26.76,66000,0.00,0.00,0.00
2017-05-15,26.87,26.87,26.54,26.77,118900,0.00,0.00,0.00
2017-05-16,26.73,27.05,26.48,27.04,59300,0.00,0.00,0.00
2017-05-17,26.84,26.84,26.00,26.00,55700,0.00,0.00,0.00
2017-05-18,25.96,26.38,25.66,26.34,40000,0.00,0.00,0.00
2017-05-19,26.54,26.77,26.54,26.62,47200,0.00,0.00,0.00
2017-05-22,26.87,26.98,26.70,26.97,110900,0.00,0.00,0.00
2017-05-23,27.11,27.13,26.66,26.73,93600,0.00,0.00,0.00
2017-05-24,26.81,26.84,26.71,26.81,56800,0.00,0.00,0.00
2017-05-25,26.95,27.06,26.84,27.05,73900,0.00,0.00,0.00
2017-05-26,27.07,27.11,26.86,27.08,160300,0.00,0.00,0.00
2017-05-30,27.06,27.19,27.01,27.03,48600,0.00,0.00,0.00
2017-05-31,27.03,27.20,26.73,27.03,30800,0.00,0.00,0.00
2017-06-01,27.03,27.37,27.03,27.37,62600,0.00,0.00,0.00
2017-06-02,27.46,27.65,27.36,27.60,46400,0.00,0.00,0.00
2017-06-05,27.67,27.67,27.43,27.63,30900,0.00,0.00,0.00
2017-06-06,27.55,27.73,27.50,27.57,37600,0.00,0.00,0.00
2017-06-07,27.67,27.72,27.45,27.61,44600,0.00,0.00,0.00
2017-06-08,27.69,28.04,27.66,28.01,40800,0.00,0.00,0.00
2017-06-09,28.18,28.26,26.70,27.09,99200,0.00,0.00,0.00
2017-06-12,26.93,26.98,26.40,26.84,61300,0.00,0.00,0.00
2017-06-13,27.03,27.19,26.84,27.18,33000,0.00,0.00,0.00
2017-06-14,27.31,27.31,26.84,27.06,41900,0.00,0.00,0.00
2017-06-15,26.70,27.01,26.61,26.96,36400,0.00,0.00,0.00
2017-06-16,27.06,27.10,26.89,26.89,32700,0.00,0.00,0.00
2017-06-19,27.26,27.40,27.18,27.39,34100,0.00,0.00,0.00
2017-06-20,27.57,27.57,27.14,27.16,26700,0.00,0.00,0.00
2017-06-21,27.11,27.34,27.11,27.33,23100,0.00,0.00,0.00
2017-06-22,27.43,27.59,27.27,27.51,28400,0.00,0.00,0.00
2017-06-23,27.43,27.64,27.43,27.56,26000,0.00,0.00,0.00
2017-06-26,27.52,27.72,26.95,27.10,58700,0.00,0.00,0.00
2017-06-27,27.11,27.11,26.64,26.68,61400,0.00,0.00,0.00
2017-06-28,26.87,27.04,26.54,27.03,14500,0.00,0.00,0.00
2017-06-29,27.03,27.03,26.25,26.54,35600,0.00,0.00,0.00
2017-06-30,26.49,26.74,26.41,26.48,34100,0.00,0.00,0.00
2017-07-03,26.54,26.63,26.24,26.28,16500,0.00,0.00,0.00
2017-07-05,26.37,26.43,26.16,26.38,27000,0.00,0.00,0.00
2017-07-06,26.16,26.24,25.96,26.02,23000,0.00,0.00,0.00
2017-07-07,26.16,26.37,26.16,26.33,10700,0.00,0.00,0.00
2017-07-10,26.37,26.71,26.32,26.67,13800,0.00,0.00,0.00
2017-07-11,26.62,27.03,26.60,27.03,22600,0.00,0.00,0.00
2017-07-12,27.21,27.45,27.21,27.44,25100,0.00,0.00,0.00
2017-07-13,27.42,27.45,27.17,27.27,76000,0.00,0.00,0.00
2017-07-14,27.33,27.50,27.23,27.49,22600,0.00,0.00,0.00
2017-07-17,27.60,27.60,27.28,27.35,22200,0.00,0.00,0.00
2017-07-18,27.31,27.51,27.27,27.51,11700,0.00,0.00,0.00
2017-07-19,27.62,27.69,27.51,27.66,22000,0.00,0.00,0.00
2017-07-20,27.67,27.67,27.51,27.65,17600,0.00,0.00,0.00
2017-07-21,27.63,27.75,27.49,27.73,21000,0.00,0.00,0.00
2017-07-24,27.78,28.00,27.78,28.00,21200,0.00,0.00,0.00
2017-07-25,28.24,28.24,27.91,28.15,21600,0.00,0.00,0.00
2017-07-26,28.25,28.39,28.14,28.26,24700,0.00,0.00,0.00
2017-07-27,28.33,28.40,27.59,27.91,45700,0.00,0.00,0.00
2017-07-28,27.91,28.14,27.91,28.11,14400,0.00,0.00,0.00
2017-07-31,28.24,28.24,27.80,27.90,23900,0.00,0.00,0.00
2017-08-01,28.19,28.19,27.83,27.86,27600,0.00,0.00,0.00
2017-08-02,27.81,27.91,27.41,27.67,28100,0.00,0.00,0.00
2017-08-03,27.73,27.78,27.63,27.74,21800,0.00,0.00,0.00
2017-08-04,27.85,27.85,27.68,27.77,15300,0.00,0.00,0.00
2017-08-07,28.01,28.04,27.83,27.94,20500,0.00,0.00,0.00
2017-08-08,27.87,28.22,27.87,27.94,23300,0.00,0.00,0.00
2017-08-09,27.75,27.92,27.62,27.77,21500,0.00,0.00,0.00
2017-08-10,27.63,27.71,27.06,27.09,32900,0.00,0.00,0.00
2017-08-11,27.03,27.29,26.87,27.29,27000,0.00,0.00,0.00
2017-08-14,27.93,27.93,27.33,27.88,22300,0.00,0.00,0.00
2017-08-15,28.15,28.15,27.62,27.66,21200,0.00,0.00,0.00
2017-08-16,27.78,27.83,27.61,27.66,23400,0.00,0.00,0.00
2017-08-17,27.56,27.62,27.12,27.12,20500,0.00,0.00,0.00
2017-08-18,27.25,27.25,26.87,27.00,41400,0.00,0.00,0.00
2017-08-21,27.15,27.15,26.70,26.90,16100,0.00,0.00,0.00
2017-08-22,27.08,27.45,27.08,27.45,19700,0.00,0.00,0.00
2017-08-23,27.43,27.59,27.29,27.57,15500,0.00,0.00,0.00
2017-08-24,27.58,27.58,27.44,27.53,10100,0.00,0.00,0.00
2017-08-25,27.73,27.73,27.50,27.52,15500,0.00,0.00,0.00
2017-08-28,27.56,27.56,27.39,27.53,20000,0.00,0.00,0.00
2017-08-29,27.35,27.76,27.27,27.73,24700,0.00,0.00,0.00
2017-08-30,27.99,28.26,27.83,28.25,27500,0.00,0.00,0.00
2017-08-31,28.48,28.62,28.48,28.59,37400,0.00,0.00,0.00
2017-09-01,28.72,28.72,28.43,28.57,44600,0.00,0.00,0.00
2017-09-05,28.32,28.44,28.07,28.27,20300,0.00,0.00,0.00
2017-09-06,28.56,28.56,28.07,28.32,21700,0.00,0.00,0.00
2017-09-07,28.26,28.57,28.26,28.50,11800,0.00,0.00,0.00
2017-09-08,28.53,28.53,28.16,28.22,10900,0.00,0.00,0.00
2017-09-11,28.36,28.81,28.36,28.80,26300,0.00,0.00,0.00
2017-09-12,28.98,29.04,28.89,29.02,23500,0.00,0.00,0.00
2017-09-13,29.05,29.06,28.80,28.98,14500,0.00,0.00,0.00
2017-09-14,29.00,29.14,28.85,29.10,31100,0.00,0.00,0.00
2017-09-15,29.09,29.44,29.09,29.44,55200,0.00,0.00,0.00
2017-09-18,29.75,29.92,29.63,29.81,67600,0.00,0.00,0.00
2017-09-19,29.94,29.94,29.67,29.80,26600,0.00,0.00,0.00
2017-09-20,29.90,29.92,29.68,29.87,29100,0.00,0.00,0.00
2017-09-21,29.95,29.95,29.52,29.63,32300,0.00,0.00,0.00
2017-09-22,29.53,29.69,29.40,29.52,15800,0.00,0.00,0.00
2017-09-25,29.54,29.54,28.98,29.04,26100,0.00,0.00,0.00
2017-09-26,29.02,29.42,29.02,29.21,13300,0.00,0.00,0.00
2017-09-27,29.40,29.78,29.38,29.70,25200,0.00,0.00,0.00
2017-09-28,29.69,29.69,29.47,29.64,18300,0.00,0.00,0.00
2017-09-29,29.56,29.99,29.56,29.97,24900,0.00,0.00,0.00
2017-10-02,30.14,30.32,29.99,30.31,38600,0.00,0.00,0.00
2017-10-03,30.41,30.45,30.24,30.45,15500,0.00,0.00,0.00
2017-10-04,30.58,30.62,30.37,30.48,29700,0.00,0.00,0.00
2017-10-05,30.67,30.73,30.44,30.72,13200,0.00,0.00,0.00
2017-10-06,30.72,30.72,30.54,30.69,26900,0.00,0.00,0.00
2017-10-09,30.88,30.88,30.64,30.67,34800,0.00,0.00,0.00
2017-10-10,30.89,30.89,30.61,30.65,86900,0.00,0.00,0.00
2017-10-11,30.75,30.82,30.60,30.73,76100,0.00,0.00,0.00
2017-10-12,30.83,30.92,30.66,30.79,54100,0.00,0.00,0.00
2017-10-13,30.99,30.99,30.62,30.78,31900,0.00,0.00,0.00
2017-10-16,30.92,30.92,30.76,30.77,24100,0.00,0.00,0.00
2017-10-17,30.76,30.85,30.66,30.69,42300,0.00,0.00,0.00
2017-10-18,30.93,31.03,30.70,30.96,30100,0.00,0.00,0.00
2017-10-19,30.89,30.89,30.28,30.45,45400,0.00,0.00,0.00
2017-10-20,30.65,31.07,30.65,30.98,28200,0.00,0.00,0.00
2017-10-23,31.07,31.07,30.60,30.66,34600,0.00,0.00,0.00
2017-10-24,30.87,31.03,30.75,30.91,32700,0.00,0.00,0.00
2017-10-25,30.94,30.94,30.31,30.53,27200,0.00,0.00,0.00
2017-10-26,30.75,30.84,30.65,30.82,18200,0.00,0.00,0.00
2017-10-27,30.94,31.14,30.85,31.10,47400,0.00,0.00,0.00
2017-10-30,31.00,31.20,30.93,31.01,27700,0.00,0.00,0.00
2017-10-31,31.22,31.56,31.16,31.53,58100,0.00,0.00,0.00
2017-11-01,31.72,31.72,31.04,31.13,38900,0.00,0.00,0.00
2017-11-02,31.00,31.00,30.66,30.86,31700,0.00,0.00,0.00
2017-11-03,30.99,31.31,30.90,31.30,45100,0.00,0.00,0.00
2017-11-06,31.27,31.51,31.27,31.51,19300,0.00,0.00,0.00
2017-11-07,31.55,31.71,31.38,31.53,36500,0.00,0.00,0.00
2017-11-08,31.54,31.54,31.22,31.50,21100,0.00,0.00,0.00
2017-11-09,31.12,31.16,30.74,31.02,43100,0.00,0.00,0.00
2017-11-10,31.07,31.21,30.94,31.04,22100,0.00,0.00,0.00
2017-11-13,30.96,31.23,30.78,31.22,37300,0.00,0.00,0.00
2017-11-14,31.22,31.66,31.00,31.18,51700,0.00,0.00,0.00
2017-11-15,30.90,30.93,30.60,30.88,31600,0.00,0.00,0.00
2017-11-16,31.07,31.51,31.07,31.41,23500,0.00,0.00,0.00
2017-11-17,31.48,31.63,31.46,31.55,25300,0.00,0.00,0.00
2017-11-20,31.72,31.77,31.65,31.75,36400,0.00,0.00,0.00
2017-11-21,31.91,32.46,31.85,32.44,202900,0.00,0.00,0.00
2017-11-22,32.58,32.59,32.31,32.37,35900,0.00,0.00,0.00
2017-11-24,32.40,32.53,32.39,32.53,14000,0.00,0.00,0.00
2017-11-27,32.80,32.80,32.53,32.69,53900,0.00,0.00,0.00
2017-11-28,32.92,32.98,32.73,32.94,50000,0.00,0.00,0.00
2017-11-29,33.04,33.04,31.82,32.03,70200,0.00,0.00,0.00
2017-11-30,32.12,32.16,31.92,32.06,49500,0.00,0.00,0.00
2017-12-01,32.10,32.10,31.27,31.87,49200,0.00,0.00,0.00
2017-12-04,32.27,32.27,31.20,31.23,73300,0.00,0.00,0.00
2017-12-05,31.07,31.49,31.03,31.20,28400,0.00,0.00,0.00
2017-12-06,31.38,31.38,31.12,31.24,42700,0.00,0.00,0.00
2017-12-07,31.36,31.86,31.36,31.65,45900,0.00,0.00,0.00
2017-12-08,31.91,31.91,31.44,31.49,55300,0.00,0.00,0.00
2017-12-11,31.50,31.72,31.50,31.64,27100,0.00,0.00,0.00
2017-12-12,31.94,32.06,31.70,31.87,61700,0.00,0.00,0.00
2017-12-13,31.96,32.32,31.96,32.07,29200,0.00,0.00,0.00
2017-12-14,32.30,32.35,31.92,31.95,50900,0.00,0.00,0.00
2017-12-15,31.98,32.58,31.98,32.58,49400,0.00,0.00,0.00
2017-12-18,33.05,33.30,32.96,33.28,73500,0.00,0.00,0.00
2017-12-19,33.32,33.32,32.70,32.84,57500,0.00,0.00,0.00
2017-12-20,32.92,32.92,32.31,32.41,42900,0.00,0.00,0.00
2017-12-21,32.54,32.54,31.96,31.97,49800,0.00,0.00,0.00
2017-12-22,31.78,31.85,31.45,31.78,41400,0.00,0.00,0.00
2017-12-26,32.13,32.13,31.69,31.87,23900,0.00,0.00,0.00
2017-12-27,31.98,32.03,31.67,31.72,30600,0.51,0.00,0.00
2017-12-28,31.57,31.77,31.57,31.63,55900,0.00,0.00,0.00
2017-12-29,32.00,32.00,31.44,31.49,108100,0.00,0.00,0.00
2018-01-02,31.85,32.25,31.63,32.25,101800,0.00,0.00,0.00
2018-01-03,32.51,32.77,32.50,32.72,68400,0.00,0.00,0.00
2018-01-04,32.98,32.99,32.71,32.84,42400,0.00,0.00,0.00
2018-01-05,33.23,33.25,33.01,33.25,43000,0.00,0.00,0.00
2018-01-08,33.31,33.70,33.17,33.66,53200,0.00,0.00,0.00
2018-01-09,33.79,33.85,33.50,33.75,43100,0.00,0.00,0.00
2018-01-10,33.54,33.63,33.31,33.57,68900,0.00,0.00,0.00
2018-01-11,33.75,33.97,33.60,33.94,41100,0.00,0.00,0.00
2018-01-12,34.11,34.46,34.07,34.38,98300,0.00,0.00,0.00
2018-01-16,34.86,34.97,33.97,34.24,155500,0.00,0.00,0.00
2018-01-17,34.51,34.58,34.19,34.54,73700,0.00,0.00,0.00
2018-01-18,34.35,34.53,34.21,34.33,54100,0.00,0.00,0.00
2018-01-19,34.41,34.65,34.41,34.62,68900,0.00,0.00,0.00
2018-01-22,34.67,34.86,34.44,34.86,76400,0.00,0.00,0.00
2018-01-23,34.97,35.20,34.91,35.06,80800,0.00,0.00,0.00
2018-01-24,35.06,35.28,34.55,34.79,108100,0.00,0.00,0.00
2018-01-25,34.87,35.07,34.49,34.55,73600,0.00,0.00,0.00
2018-01-26,34.68,35.12,34.68,35.10,56200,0.00,0.00,0.00
2018-01-29,35.10,35.10,34.69,34.87,56800,0.00,0.00,0.00
2018-01-30,34.44,34.56,34.18,34.41,58100,0.00,0.00,0.00
2018-01-31,34.63,34.66,34.31,34.50,67600,0.00,0.00,0.00
2018-02-01,34.20,34.58,34.18,34.24,41100,0.00,0.00,0.00
2018-02-02,33.94,34.13,33.26,33.26,99600,0.00,0.00,0.00
2018-02-05,32.97,33.41,31.89,32.07,105200,0.00,0.00,0.00
2018-02-06,31.26,32.64,30.51,32.59,110600,0.00,0.00,0.00
2018-02-07,32.67,33.01,32.50,32.67,45200,0.00,0.00,0.00
2018-02-08,32.73,32.90,31.17,31.17,62700,0.00,0.00,0.00
2018-02-09,31.56,31.75,30.28,31.36,72600,0.00,0.00,0.00
2018-02-12,31.73,32.19,31.53,31.94,51900,0.00,0.00,0.00
2018-02-13,32.06,32.23,31.86,32.17,20900,0.00,0.00,0.00
2018-02-14,32.19,32.93,32.07,32.89,36200,0.00,0.00,0.00
2018-02-15,33.29,33.53,33.01,33.53,44700,0.00,0.00,0.00
2018-02-16,33.60,33.72,33.26,33.40,29400,0.00,0.00,0.00
2018-02-20,33.40,33.76,33.27,33.45,32000,0.00,0.00,0.00
2018-02-21,33.78,33.94,33.45,33.46,31100,0.00,0.00,0.00
2018-02-22,33.71,33.80,33.44,33.58,18500,0.00,0.00,0.00
2018-02-23,33.71,33.94,33.67,33.91,32800,0.00,0.00,0.00
2018-02-26,34.03,34.41,33.96,34.41,48200,0.00,0.00,0.00
2018-02-27,34.34,34.49,33.94,33.94,40600,0.00,0.00,0.00
2018-02-28,34.12,34.12,33.02,33.05,45000,0.00,0.00,0.00
2018-03-01,32.99,33.02,32.30,32.63,50700,0.00,0.00,0.00
2018-03-02,32.08,33.24,31.88,33.20,161100,0.00,0.00,0.00
2018-03-05,33.02,33.76,32.82,33.65,149300,0.00,0.00,0.00
2018-03-06,33.95,34.10,33.76,34.06,35000,0.00,0.00,0.00
2018-03-07,33.86,34.17,33.77,34.17,56300,0.00,0.00,0.00
2018-03-08,34.29,34.41,34.12,34.41,33500,0.00,0.00,0.00
2018-03-09,34.64,34.82,34.45,34.79,57600,0.00,0.00,0.00
2018-03-12,34.90,35.31,34.90,35.17,103900,0.00,0.00,0.00
2018-03-13,35.50,35.50,34.62,34.74,46300,0.00,0.00,0.00
2018-03-14,34.87,34.89,34.51,34.62,26200,0.00,0.00,0.00
2018-03-15,34.78,34.94,34.45,34.63,23000,0.00,0.00,0.00
2018-03-16,34.60,34.60,34.39,34.49,14100,0.00,0.00,0.00
2018-03-19,34.22,34.24,33.47,33.84,41900,0.00,0.00,0.00
2018-03-20,33.75,34.08,33.75,34.02,21400,0.00,0.00,0.00
2018-03-21,34.02,34.24,33.80,33.95,40100,0.00,0.00,0.00
2018-03-22,33.54,33.63,32.88,32.93,59300,0.00,0.00,0.00
2018-03-23,32.85,32.85,31.96,31.96,49500,0.00,0.00,0.00
2018-03-26,32.54,32.83,32.02,32.82,37600,0.00,0.00,0.00
2018-03-27,33.03,33.03,31.38,31.59,44500,0.00,0.00,0.00
2018-03-28,31.49,31.49,30.68,30.77,61800,0.00,0.00,0.00
2018-03-29,31.05,31.62,30.61,31.41,35500,0.00,0.00,0.00
2018-04-02,31.22,31.22,30.21,30.45,48600,0.00,0.00,0.00
2018-04-03,30.77,30.95,30.46,30.79,20000,0.00,0.00,0.00
2018-04-04,30.01,31.33,29.71,31.26,41700,0.00,0.00,0.00
2018-04-05,31.55,31.88,31.44,31.66,42400,0.00,0.00,0.00
2018-04-06,31.17,31.54,30.77,31.01,25600,0.00,0.00,0.00
2018-04-09,31.10,31.58,31.10,31.17,29500,0.00,0.00,0.00
2018-04-10,31.59,31.97,31.49,31.86,22000,0.00,0.00,0.00
2018-04-11,31.75,32.19,31.75,31.86,30400,0.00,0.00,0.00
2018-04-12,32.10,32.32,32.02,32.12,20800,0.00,0.00,0.00
2018-04-13,32.47,32.47,31.88,32.13,13700,0.00,0.00,0.00
2018-04-16,32.60,32.60,31.96,32.21,8100,0.00,0.00,0.00
2018-04-17,32.27,32.76,32.23,32.73,38200,0.00,0.00,0.00
2018-04-18,32.79,33.03,32.68,32.91,37200,0.00,0.00,0.00
2018-04-19,32.73,32.73,32.43,32.56,8700,0.00,0.00,0.00
2018-04-20,32.66,32.66,32.10,32.27,30700,0.00,0.00,0.00
2018-04-23,32.42,32.42,31.75,31.86,12000,0.00,0.00,0.00
2018-04-24,31.90,32.08,30.98,31.28,31300,0.00,0.00,0.00
2018-04-25,31.02,31.08,30.53,30.88,21200,0.00,0.00,0.00
2018-04-26,31.05,31.21,30.77,31.16,24100,0.00,0.00,0.00
2018-04-27,31.55,31.55,31.07,31.29,12300,0.00,0.00,0.00
2018-04-30,31.32,31.52,31.10,31.15,22800,0.00,0.00,0.00
2018-05-01,30.93,31.44,30.91,31.41,32100,0.00,0.00,0.00
2018-05-02,31.17,31.43,31.12,31.13,14100,0.00,0.00,0.00
2018-05-03,30.62,31.10,30.51,31.02,20200,0.00,0.00,0.00
2018-05-04,30.81,31.69,30.81,31.69,21200,0.00,0.00,0.00
2018-05-07,31.84,32.26,31.72,32.12,26800,0.00,0.00,0.00
2018-05-08,32.08,32.39,32.03,32.38,15000,0.00,0.00,0.00
2018-05-09,32.54,32.90,32.47,32.90,27100,0.00,0.00,0.00
2018-05-10,33.02,33.33,33.02,33.25,16500,0.00,0.00,0.00
2018-05-11,33.24,33.33,32.98,33.06,19700,0.00,0.00,0.00
2018-05-14,33.06,33.37,32.85,32.86,29400,0.00,0.00,0.00
2018-05-15,32.66,32.71,32.39,32.67,17400,0.00,0.00,0.00
2018-05-16,32.62,33.00,32.62,32.94,27200,0.00,0.00,0.00
2018-05-17,32.89,33.20,32.89,33.01,8100,0.00,0.00,0.00
2018-05-18,32.71,32.74,32.64,32.68,13200,0.00,0.00,0.00
2018-05-21,32.80,33.00,32.62,32.72,31900,0.00,0.00,0.00
2018-05-22,32.86,32.86,32.50,32.50,53500,0.00,0.00,0.00
2018-05-23,32.31,32.62,32.26,32.59,16100,0.00,0.00,0.00
2018-05-24,32.53,32.59,32.41,32.45,20500,0.00,0.00,0.00
2018-05-25,32.43,32.55,32.42,32.52,16400,0.00,0.00,0.00
2018-05-29,32.26,32.56,32.17,32.35,64100,0.00,0.00,0.00
2018-05-30,32.37,32.65,32.37,32.58,119800,0.00,0.00,0.00
2018-05-31,32.53,32.74,32.36,32.49,17800,0.00,0.00,0.00
2018-06-01,32.58,32.98,32.58,32.92,25100,0.00,0.00,0.00
2018-06-04,32.92,33.45,32.92,33.32,38900,0.00,0.00,0.00
2018-06-05,33.42,33.56,33.30,33.51,26000,0.00,0.00,0.00
2018-06-06,33.70,34.19,33.65,34.19,17400,0.00,0.00,0.00
2018-06-07,34.19,34.31,33.65,33.90,37100,0.00,0.00,0.00
2018-06-08,34.00,34.00,33.74,33.91,12300,0.00,0.00,0.00
2018-06-11,33.96,34.64,33.96,34.63,39000,0.00,0.00,0.00
2018-06-12,34.80,34.96,34.60,34.78,20800,0.00,0.00,0.00
2018-06-13,34.89,35.06,34.75,34.79,45200,0.00,0.00,0.00
2018-06-14,35.06,35.20,34.89,35.13,46500,0.00,0.00,0.00
2018-06-15,34.92,35.13,34.77,35.13,19700,0.00,0.00,0.00
2018-06-18,34.86,35.32,34.86,35.32,21700,0.00,0.00,0.00
2018-06-19,34.99,34.99,34.12,34.59,37500,0.00,0.00,0.00
2018-06-20,34.62,35.05,34.62,35.03,22000,0.00,0.00,0.00
2018-06-21,35.19,35.19,34.09,34.11,23900,0.00,0.00,0.00
2018-06-22,34.09,34.09,33.61,33.70,17200,0.00,0.00,0.00
2018-06-25,33.44,33.44,32.61,32.87,43000,0.00,0.00,0.00
2018-06-26,32.97,33.34,32.92,33.25,12300,0.00,0.00,0.00
2018-06-27,33.35,33.49,32.69,32.69,16000,0.00,0.00,0.00
2018-06-28,32.76,33.10,32.50,33.05,13200,0.00,0.00,0.00
2018-06-29,33.41,33.43,33.11,33.13,12600,0.00,0.00,0.00
2018-07-02,33.09,33.17,32.80,33.15,14000,0.00,0.00,0.00
2018-07-03,32.99,33.14,32.73,32.76,14600,0.00,0.00,0.00
2018-07-05,33.16,33.16,32.65,33.05,14400,0.00,0.00,0.00
2018-07-06,32.83,33.54,32.83,33.54,8900,0.00,0.00,0.00
2018-07-09,33.86,34.13,33.85,34.09,16000,0.00,0.00,0.00
2018-07-10,34.10,34.21,33.85,34.03,13000,0.00,0.00,0.00
2018-07-11,33.76,33.78,33.55,33.67,12000,0.00,0.00,0.00
2018-07-12,34.06,34.12,33.87,34.12,16900,0.00,0.00,0.00
2018-07-13,34.12,34.20,33.90,34.08,23400,0.00,0.00,0.00
2018-07-16,34.14,34.14,33.75,33.92,15800,0.00,0.00,0.00
2018-07-17,33.73,34.41,33.56,34.36,12400,0.00,0.00,0.00
2018-07-18,34.39,34.54,34.26,34.53,33300,0.00,0.00,0.00
2018-07-19,34.54,34.54,33.98,34.37,74700,0.00,0.00,0.00
2018-07-20,34.23,34.40,34.22,34.23,13500,0.00,0.00,0.00
2018-07-23,34.13,34.15,33.62,34.12,120800,0.00,0.00,0.00
2018-07-24,34.28,34.51,33.48,33.57,11200,0.00,0.00,0.00
2018-07-25,33.49,34.38,33.49,34.28,23000,0.00,0.00,0.00
2018-07-26,34.43,34.51,34.10,34.27,13100,0.00,0.00,0.00
2018-07-27,34.58,34.58,33.32,33.67,89100,0.00,0.00,0.00
2018-07-30,33.72,33.72,32.84,33.07,100600,0.00,0.00,0.00
2018-07-31,33.27,33.53,33.14,33.47,17400,0.00,0.00,0.00
2018-08-01,33.31,33.78,33.31,33.64,8300,0.00,0.00,0.00
2018-08-02,33.50,34.64,33.50,34.57,87400,0.00,0.00,0.00
2018-08-03,33.50,34.64,33.50,34.64,72400,0.00,0.00,0.00
2018-08-06,34.73,34.80,34.58,34.66,22600,0.00,0.00,0.00
2018-08-07,34.88,35.33,34.64,35.11,242100,0.00,0.00,0.00
2018-08-08,35.20,35.40,35.07,35.23,34100,0.00,0.00,0.00
2018-08-09,35.19,35.25,34.91,34.91,84400,0.00,0.00,0.00
2018-08-10,34.69,34.80,34.54,34.75,16000,0.00,0.00,0.00
2018-08-13,34.75,34.86,34.30,34.39,47000,0.00,0.00,0.00
2018-08-14,34.57,34.61,34.24,34.46,40600,0.00,0.00,0.00
2018-08-15,34.25,34.32,33.54,33.88,106300,0.00,0.00,0.00
2018-08-16,33.96,34.23,33.93,33.99,47700,0.00,0.00,0.00
2018-08-17,33.98,33.98,33.40,33.75,46400,0.00,0.00,0.00
2018-08-20,33.70,34.19,33.66,34.18,13800,0.00,0.00,0.00
2018-08-21,34.23,34.84,34.23,34.63,14600,0.00,0.00,0.00
2018-08-22,34.27,34.70,34.27,34.61,12000,0.00,0.00,0.00
2018-08-23,34.55,34.84,34.48,34.49,77200,0.00,0.00,0.00
2018-08-24,34.71,35.06,34.71,35.06,12000,0.00,0.00,0.00
2018-08-27,34.93,35.53,34.93,35.53,32500,0.00,0.00,0.00
2018-08-28,35.68,35.68,35.52,35.56,16800,0.00,0.00,0.00
2018-08-29,35.68,35.82,35.49,35.72,21100,0.00,0.00,0.00
2018-08-30,35.40,35.70,35.38,35.49,18100,0.00,0.00,0.00
2018-08-31,35.46,35.55,35.31,35.50,99100,0.00,0.00,0.00
2018-09-04,35.39,35.39,34.83,34.99,19300,0.00,0.00,0.00
2018-09-05,34.84,34.84,34.22,34.25,24700,0.00,0.00,0.00
2018-09-06,34.31,34.51,33.98,34.25,81500,0.00,0.00,0.00
2018-09-07,33.95,34.25,33.83,34.02,20500,0.00,0.00,0.00
2018-09-10,34.22,34.32,33.97,34.28,24300,0.00,0.00,0.00
2018-09-11,34.06,34.39,33.97,34.33,53600,0.00,0.00,0.00
2018-09-12,34.15,34.50,33.92,34.48,38800,0.00,0.00,0.00
2018-09-13,34.45,35.10,34.45,34.83,16200,0.00,0.00,0.00
2018-09-14,34.89,35.17,34.78,34.99,192200,0.00,0.00,0.00
2018-09-17,34.82,34.82,34.43,34.47,107100,0.00,0.00,0.00
2018-09-18,34.42,34.83,34.39,34.56,9600,0.00,0.00,0.00
2018-09-19,34.40,34.90,34.40,34.90,10900,0.00,0.00,0.00
2018-09-20,35.30,35.36,35.03,35.24,14800,0.00,0.00,0.00
2018-09-21,35.37,35.52,35.01,35.01,11800,0.00,0.00,0.00
2018-09-24,34.88,34.89,34.71,34.84,9100,0.00,0.00,0.00
2018-09-25,35.17,35.17,34.82,34.95,90800,0.00,0.00,0.00
2018-09-26,34.85,35.24,34.85,34.96,29000,0.00,0.00,0.00
2018-09-27,35.26,35.26,34.93,35.05,10200,0.00,0.00,0.00
2018-09-28,34.53,34.71,34.41,34.43,106400,0.00,0.00,0.00
2018-10-01,35.19,35.28,34.82,34.95,13900,0.00,0.00,0.00
2018-10-02,35.01,35.01,34.26,34.31,12400,0.00,0.00,0.00
2018-10-03,34.41,34.64,34.33,34.42,40700,0.00,0.00,0.00
2018-10-04,34.39,34.39,33.45,33.60,22500,0.00,0.00,0.00
2018-10-05,33.70,33.70,32.57,32.82,27300,0.00,0.00,0.00
2018-10-08,32.74,32.83,31.96,32.29,87100,0.00,0.00,0.00
2018-10-09,32.38,32.47,32.13,32.22,73100,0.00,0.00,0.00
2018-10-10,31.92,31.92,30.68,30.80,48300,0.00,0.00,0.00
2018-10-11,30.50,31.13,30.09,30.27,79200,0.00,0.00,0.00
2018-10-12,30.82,31.28,30.62,31.16,73900,0.00,0.00,0.00
2018-10-15,31.09,31.17,30.80,30.85,12000,0.00,0.00,0.00
2018-10-16,30.90,31.92,30.90,31.92,13700,0.00,0.00,0.00
2018-10-17,31.96,31.96,31.44,31.73,40700,0.00,0.00,0.00
2018-10-18,31.48,31.48,30.78,30.90,14800,0.00,0.00,0.00
2018-10-19,31.12,31.19,30.41,30.42,19600,0.00,0.00,0.00
2018-10-22,30.88,30.93,30.50,30.70,14000,0.00,0.00,0.00
2018-10-23,30.39,30.98,29.97,30.85,17100,0.00,0.00,0.00
2018-10-24,30.91,30.91,29.58,29.60,77000,0.00,0.00,0.00
2018-10-25,29.96,30.67,29.95,30.51,12700,0.00,0.00,0.00
2018-10-26,29.61,30.77,29.61,30.21,31100,0.00,0.00,0.00
2018-10-29,30.62,30.91,29.35,29.84,11900,0.00,0.00,0.00
2018-10-30,29.72,30.45,29.48,30.39,31100,0.00,0.00,0.00
2018-10-31,30.61,31.30,30.61,31.02,8500,0.00,0.00,0.00
2018-11-01,31.48,32.83,31.48,32.71,69800,0.00,0.00,0.00
2018-11-02,33.05,33.19,32.47,32.74,27100,0.00,0.00,0.00
2018-11-05,32.54,32.70,32.03,32.24,47200,0.00,0.00,0.00
2018-11-06,32.21,32.57,32.16,32.45,46500,0.00,0.00,0.00
2018-11-07,32.80,33.23,32.75,33.18,18300,0.00,0.00,0.00
2018-11-08,32.95,33.32,32.95,33.19,116700,0.00,0.00,0.00
2018-11-09,32.99,32.99,32.11,32.46,92300,0.00,0.00,0.00
2018-11-12,32.11,32.11,31.28,31.32,10000,0.00,0.00,0.00
2018-11-13,31.89,32.05,31.47,31.55,18100,0.00,0.00,0.00
2018-11-14,31.98,32.17,31.49,31.64,10800,0.00,0.00,0.00
2018-11-15,31.48,32.22,31.45,32.12,15200,0.00,0.00,0.00
2018-11-16,31.52,31.98,31.52,31.91,7100,0.00,0.00,0.00
2018-11-19,31.80,31.80,30.68,30.72,14500,0.00,0.00,0.00
2018-11-20,29.91,30.49,29.63,30.17,23600,0.00,0.00,0.00
2018-11-21,30.59,30.92,30.59,30.62,5100,0.00,0.00,0.00
2018-11-23,30.62,30.69,30.44,30.54,6900,0.00,0.00,0.00
2018-11-26,30.92,31.37,30.92,31.37,6000,0.00,0.00,0.00
2018-11-27,31.05,31.28,30.92,30.96,5500,0.00,0.00,0.00
2018-11-28,31.13,31.84,31.00,31.84,14900,0.00,0.00,0.00
2018-11-29,31.42,31.80,31.41,31.50,11100,0.00,0.00,0.00
2018-11-30,31.31,31.85,31.31,31.81,12000,0.00,0.00,0.00
2018-12-03,32.85,32.93,32.26,32.44,18200,0.00,0.00,0.00
2018-12-04,32.69,32.69,31.13,31.21,17600,0.00,0.00,0.00
2018-12-06,30.64,31.27,30.43,31.27,67200,0.00,0.00,0.00
2018-12-07,31.33,31.59,30.38,30.46,57700,0.00,0.00,0.00
2018-12-10,30.13,30.64,29.97,30.53,51500,0.00,0.00,0.00
2018-12-11,30.77,31.08,30.38,30.65,58400,0.00,0.00,0.00
2018-12-12,30.75,31.43,30.75,31.09,12000,0.00,0.00,0.00
2018-12-13,31.26,31.31,30.71,30.83,10300,0.00,0.00,0.00
2018-12-14,30.36,30.73,30.28,30.38,15500,0.00,0.00,0.00
2018-12-17,30.05,30.19,29.19,29.38,152900,0.00,0.00,0.00
2018-12-18,29.66,29.98,29.49,29.63,28700,0.00,0.00,0.00
2018-12-19,29.45,30.05,28.95,29.21,27900,0.00,0.00,0.00
2018-12-20,28.84,29.22,28.27,28.60,72700,0.00,0.00,0.00
2018-12-21,28.72,28.81,27.75,28.04,23600,0.00,0.00,0.00
2018-12-24,27.57,27.97,27.26,27.52,17400,0.00,0.00,0.00
2018-12-26,27.62,28.77,27.28,28.76,33300,0.00,0.00,0.00
2018-12-27,28.67,28.74,27.82,28.74,40800,0.84,0.00,0.00
2018-12-28,29.28,29.44,28.67,29.01,27900,0.00,0.00,0.00
2018-12-31,29.19,29.44,28.75,29.00,30700,0.00,0.00,0.00
2019-01-02,28.61,29.26,28.44,29.08,20700,0.00,0.00,0.00
2019-01-03,28.82,28.82,27.94,27.96,13700,0.00,0.00,0.00
2019-01-04,28.39,29.30,28.39,29.24,8800,0.00,0.00,0.00
2019-01-07,29.19,30.15,29.19,29.93,11300,0.00,0.00,0.00
2019-01-08,30.37,30.49,29.75,30.20,23100,0.00,0.00,0.00
2019-01-09,30.50,30.96,30.50,30.85,18900,0.00,0.00,0.00
2019-01-10,30.80,30.84,30.16,30.84,11600,0.00,0.00,0.00
2019-01-11,30.54,30.92,30.54,30.83,45400,0.00,0.00,0.00
2019-01-14,30.67,30.68,30.36,30.39,17400,0.00,0.00,0.00
2019-01-15,30.80,31.19,30.51,31.13,20600,0.00,0.00,0.00
2019-01-16,31.14,31.58,31.07,31.10,29500,0.00,0.00,0.00
2019-01-17,30.91,31.42,30.88,31.20,15100,0.00,0.00,0.00
2019-01-18,31.20,31.60,31.16,31.37,23000,0.00,0.00,0.00
2019-01-22,31.12,31.12,30.20,30.36,24600,0.00,0.00,0.00
2019-01-23,30.40,30.76,30.16,30.40,13300,0.00,0.00,0.00
2019-01-24,30.74,31.08,30.64,30.97,10400,0.00,0.00,0.00
2019-01-25,31.09,31.73,31.09,31.65,52000,0.00,0.00,0.00
2019-01-28,31.13,31.21,30.87,31.07,12900,0.00,0.00,0.00
2019-01-29,31.08,31.50,31.08,31.29,9700,0.00,0.00,0.00
2019-01-30,31.47,32.09,31.39,32.01,19000,0.00,0.00,0.00
2019-01-31,31.68,32.77,31.68,32.71,37500,0.00,0.00,0.00
2019-02-01,32.75,32.85,32.51,32.78,67300,0.00,0.00,0.00
2019-02-04,32.85,33.19,32.63,33.11,26700,0.00,0.00,0.00
2019-02-05,33.19,33.57,33.13,33.54,34500,0.00,0.00,0.00
2019-02-06,33.55,33.87,33.51,33.65,39600,0.00,0.00,0.00
2019-02-07,32.86,33.04,32.38,32.57,85600,0.00,0.00,0.00
2019-02-08,32.55,32.80,32.30,32.73,14800,0.00,0.00,0.00
2019-02-11,33.07,33.20,32.82,33.10,25100,0.00,0.00,0.00
2019-02-12,33.25,33.84,33.25,33.81,17400,0.00,0.00,0.00
2019-02-13,33.93,34.11,33.88,33.98,46300,0.00,0.00,0.00
2019-02-14,33.56,34.07,33.41,33.98,36400,0.00,0.00,0.00
2019-02-15,34.12,34.37,34.12,34.36,39400,0.00,0.00,0.00
2019-02-19,34.39,34.55,34.35,34.40,36400,0.00,0.00,0.00
2019-02-20,34.50,34.72,34.17,34.54,16500,0.00,0.00,0.00
2019-02-21,34.42,34.51,34.02,34.09,47700,0.00,0.00,0.00
2019-02-22,34.50,34.53,34.30,34.53,13500,0.00,0.00,0.00
2019-02-25,34.81,35.09,34.79,34.80,30600,0.00,0.00,0.00
2019-02-26,34.92,34.92,34.52,34.62,15900,0.00,0.00,0.00
2019-02-27,34.62,34.87,34.35,34.76,10500,0.00,0.00,0.00
2019-02-28,34.86,34.86,34.48,34.70,28100,0.00,0.00,0.00
2019-03-01,35.13,35.13,34.29,34.29,13000,0.00,0.00,0.00
2019-03-04,34.52,34.52,33.56,33.96,10800,0.00,0.00,0.00
2019-03-05,33.99,34.15,33.69,33.96,24500,0.00,0.00,0.00
2019-03-06,34.00,34.00,33.41,33.43,13300,0.00,0.00,0.00
2019-03-07,33.19,33.19,32.30,32.38,65400,0.00,0.00,0.00
2019-03-08,31.96,32.45,31.69,32.45,17400,0.00,0.00,0.00
2019-03-11,32.51,33.31,32.51,33.26,18300,0.00,0.00,0.00
2019-03-12,33.40,33.49,33.19,33.28,18300,0.00,0.00,0.00
2019-03-13,33.45,33.85,33.45,33.51,26000,0.00,0.00,0.00
2019-03-14,33.39,33.68,33.39,33.44,14300,0.00,0.00,0.00
2019-03-15,33.78,33.78,33.34,33.34,33900,0.00,0.00,0.00
2019-03-18,33.35,33.65,33.27,33.41,9600,0.00,0.00,0.00
2019-03-19,33.62,33.91,33.60,33.70,16000,0.00,0.00,0.00
2019-03-20,33.62,33.86,33.31,33.69,11500,0.00,0.00,0.00
2019-03-21,33.76,34.38,33.76,34.26,12300,0.00,0.00,0.00
2019-03-22,34.17,34.17,33.06,33.07,17900,0.00,0.00,0.00
2019-03-25,32.85,32.95,32.53,32.92,12700,0.00,0.00,0.00
2019-03-26,33.43,33.48,33.04,33.25,12600,0.00,0.00,0.00
2019-03-27,33.14,33.14,32.57,32.92,6400,0.00,0.00,0.00
2019-03-28,32.98,33.37,32.95,33.18,23000,0.00,0.00,0.00
2019-03-29,33.51,33.55,33.38,33.48,7100,0.00,0.00,0.00
2019-04-01,33.60,34.31,33.60,34.26,31300,0.00,0.00,0.00
2019-04-02,34.23,34.46,34.21,34.42,16400,0.00,0.00,0.00
2019-04-03,34.44,35.19,34.44,34.99,16300,0.00,0.00,0.00
2019-04-04,34.75,34.81,34.33,34.61,22600,0.00,0.00,0.00
2019-04-05,34.81,35.11,34.78,35.10,12200,0.00,0.00,0.00
2019-04-08,34.90,35.11,34.88,35.05,16800,0.00,0.00,0.00
2019-04-09,34.87,34.96,34.63,34.63,18800,0.00,0.00,0.00
2019-04-10,34.96,34.97,34.70,34.97,6200,0.00,0.00,0.00
2019-04-11,34.83,34.83,34.63,34.67,23300,0.00,0.00,0.00
2019-04-12,34.86,35.02,34.78,34.82,66400,0.00,0.00,0.00
2019-04-15,34.79,34.82,34.40,34.54,25400,0.00,0.00,0.00
2019-04-16,34.65,34.99,34.65,34.89,28900,0.00,0.00,0.00
2019-04-17,35.07,35.07,34.63,34.70,35400,0.00,0.00,0.00
2019-04-18,34.72,34.88,34.51,34.74,25400,0.00,0.00,0.00
2019-04-22,34.51,34.69,34.43,34.55,16400,0.00,0.00,0.00
2019-04-23,34.71,35.03,34.71,34.96,12000,0.00,0.00,0.00
2019-04-24,34.98,35.18,34.88,34.95,36400,0.00,0.00,0.00
2019-04-25,34.77,34.77,34.16,34.16,43300,0.00,0.00,0.00
2019-04-26,34.13,34.13,33.69,33.94,26400,0.00,0.00,0.00
2019-04-29,33.89,34.23,33.89,34.09,18000,0.00,0.00,0.00
2019-04-30,34.09,34.09,33.69,34.05,10400,0.00,0.00,0.00
2019-05-01,34.16,34.25,33.71,33.76,14300,0.00,0.00,0.00
2019-05-02,33.75,34.04,33.54,34.01,25200,0.00,0.00,0.00
2019-05-03,34.32,34.82,34.32,34.81,41800,0.00,0.00,0.00
2019-05-06,34.09,34.53,33.95,34.47,19800,0.00,0.00,0.00
2019-05-07,34.24,34.24,33.52,33.82,28400,0.00,0.00,0.00
2019-05-08,33.55,33.63,33.30,33.30,16300,0.00,0.00,0.00
2019-05-09,32.90,33.01,32.42,32.96,34500,0.00,0.00,0.00
2019-05-10,32.93,33.07,32.31,33.04,14200,0.00,0.00,0.00
2019-05-13,32.22,32.22,31.31,31.49,36900,0.00,0.00,0.00
2019-05-14,31.70,32.24,31.70,32.16,13500,0.00,0.00,0.00
2019-05-15,32.12,32.41,31.81,32.31,18400,0.00,0.00,0.00
2019-05-16,32.34,32.68,32.24,32.48,23600,0.00,0.00,0.00
2019-05-17,32.05,32.05,31.37,31.39,15300,0.00,0.00,0.00
2019-05-20,30.87,30.89,30.54,30.66,36500,0.00,0.00,0.00
2019-05-21,30.89,31.20,30.89,31.20,17500,0.00,0.00,0.00
2019-05-22,31.06,31.06,30.60,30.64,169900,0.00,0.00,0.00
2019-05-23,30.48,30.48,29.60,29.78,19800,0.00,0.00,0.00
2019-05-24,29.99,30.24,29.61,29.61,20800,0.00,0.00,0.00
2019-05-28,29.68,29.98,29.54,29.59,14100,0.00,0.00,0.00
2019-05-29,29.51,29.51,29.09,29.32,32000,0.00,0.00,0.00
2019-05-30,29.48,29.84,29.37,29.60,72200,0.00,0.00,0.00
2019-05-31,29.22,29.22,28.81,28.86,15000,0.00,0.00,0.00
2019-06-03,28.84,28.84,28.33,28.52,91200,0.00,0.00,0.00
2019-06-04,28.14,29.63,28.14,29.63,94500,0.00,0.00,0.00
2019-06-05,29.76,30.00,29.26,29.62,19100,0.00,0.00,0.00
2019-06-06,29.67,29.83,29.54,29.72,15900,0.00,0.00,0.00
2019-06-07,29.96,30.17,29.96,29.99,6700,0.00,0.00,0.00
2019-06-10,30.31,30.88,30.31,30.52,17400,0.00,0.00,0.00
2019-06-11,30.88,30.92,30.46,30.57,7700,0.00,0.00,0.00
2019-06-12,30.57,30.57,30.11,30.18,5300,0.00,0.00,0.00
2019-06-13,30.28,30.50,30.28,30.50,9200,0.00,0.00,0.00
2019-06-14,30.21,30.25,30.07,30.20,12100,0.00,0.00,0.00
2019-06-17,30.22,30.72,30.22,30.54,14100,0.00,0.00,0.00
2019-06-18,31.06,31.60,30.94,31.28,10700,0.00,0.00,0.00
2019-06-19,31.31,31.44,31.24,31.39,8600,0.00,0.00,0.00
2019-06-20,31.86,31.88,31.61,31.79,11000,0.00,0.00,0.00
2019-06-21,31.66,32.01,31.40,31.89,27300,0.00,0.00,0.00
2019-06-24,31.99,31.99,31.66,31.66,7600,0.00,0.00,0.00
2019-06-25,31.60,31.67,31.28,31.35,12800,0.00,0.00,0.00
2019-06-26,31.47,31.87,31.47,31.72,6800,0.00,0.00,0.00
2019-06-27,31.64,32.29,31.64,32.27,77000,0.00,0.00,0.00
2019-06-28,32.26,33.25,32.26,33.20,19900,0.00,0.00,0.00
2019-07-01,33.79,33.97,33.15,33.30,26200,0.00,0.00,0.00
2019-07-02,33.49,33.49,32.59,32.73,18800,0.00,0.00,0.00
2019-07-03,33.12,33.12,32.78,32.95,25000,0.00,0.00,0.00
2019-07-05,32.56,32.83,32.46,32.77,31000,0.00,0.00,0.00
2019-07-08,32.62,32.69,32.47,32.62,12800,0.00,0.00,0.00
2019-07-09,32.37,32.83,32.37,32.82,20400,0.00,0.00,0.00
2019-07-10,32.99,33.21,32.87,32.97,34100,0.00,0.00,0.00
2019-07-11,32.83,33.26,32.83,33.14,31400,0.00,0.00,0.00
2019-07-12,33.17,33.40,33.17,33.40,12700,0.00,0.00,0.00
2019-07-15,33.54,33.59,33.32,33.54,18800,0.00,0.00,0.00
2019-07-16,33.49,33.64,33.37,33.61,5100,0.00,0.00,0.00
2019-07-17,33.65,33.68,33.44,33.48,9700,0.00,0.00,0.00
2019-07-18,33.28,33.64,33.13,33.37,6900,0.00,0.00,0.00
2019-07-19,33.43,33.65,33.23,33.23,11500,0.00,0.00,0.00
2019-07-22,33.27,33.66,33.27,33.46,12500,0.00,0.00,0.00
2019-07-23,33.62,33.86,33.61,33.82,11500,0.00,0.00,0.00
2019-07-24,33.87,34.64,33.86,34.58,15600,0.00,0.00,0.00
2019-07-25,33.87,33.87,33.30,33.31,41100,0.00,0.00,0.00
2019-07-26,33.54,33.70,33.37,33.61,12700,0.00,0.00,0.00
2019-07-29,33.58,33.58,33.06,33.55,12900,0.00,0.00,0.00
2019-07-30,33.20,33.66,33.20,33.64,5400,0.00,0.00,0.00
2019-07-31,33.40,33.40,32.37,32.52,14600,0.00,0.00,0.00
2019-08-01,32.45,32.62,31.38,31.62,18400,0.00,0.00,0.00
2019-08-02,31.17,31.32,30.74,30.89,18600,0.00,0.00,0.00
2019-08-05,30.45,30.45,29.64,29.87,40300,0.00,0.00,0.00
2019-08-06,29.96,30.22,29.69,29.97,27500,0.00,0.00,0.00
2019-08-07,29.20,30.08,29.20,30.06,78900,0.00,0.00,0.00
2019-08-08,30.27,30.72,30.10,30.66,204400,0.00,0.00,0.00
2019-08-09,30.33,30.46,30.11,30.31,21700,0.00,0.00,0.00
2019-08-12,30.00,30.12,29.79,29.81,10200,0.00,0.00,0.00
2019-08-13,29.64,30.74,29.64,30.50,19500,0.00,0.00,0.00
2019-08-14,29.72,29.84,29.30,29.42,17800,0.00,0.00,0.00
2019-08-15,29.30,29.38,29.15,29.29,8600,0.00,0.00,0.00
2019-08-16,29.52,30.12,29.52,30.08,12000,0.00,0.00,0.00
2019-08-19,30.80,30.84,30.64,30.79,12000,0.00,0.00,0.00
2019-08-20,30.56,30.85,30.56,30.61,14800,0.00,0.00,0.00
2019-08-21,30.73,30.94,30.73,30.81,15800,0.00,0.00,0.00
2019-08-22,30.76,30.97,30.42,30.71,12600,0.00,0.00,0.00
2019-08-23,30.49,30.67,29.78,29.78,9900,0.00,0.00,0.00
2019-08-26,29.97,30.18,29.90,30.00,5700,0.00,0.00,0.00
2019-08-27,30.04,30.20,29.73,29.77,8900,0.00,0.00,0.00
2019-08-28,29.52,30.03,29.51,29.92,10900,0.00,0.00,0.00
2019-08-29,30.24,30.71,30.24,30.61,7100,0.00,0.00,0.00
2019-08-30,30.72,31.00,30.65,30.77,9800,0.00,0.00,0.00
2019-09-03,30.49,30.63,30.31,30.38,12000,0.00,0.00,0.00
2019-09-04,30.64,31.09,30.64,30.80,6200,0.00,0.00,0.00
2019-09-05,31.36,31.63,31.32,31.59,13400,0.00,0.00,0.00
2019-09-06,31.45,31.70,31.44,31.54,6900,0.00,0.00,0.00
2019-09-09,31.58,31.98,31.58,31.98,34600,0.00,0.00,0.00
2019-09-10,31.97,32.21,31.67,32.21,12400,0.00,0.00,0.00
2019-09-11,32.45,32.84,32.42,32.84,14500,0.00,0.00,0.00
2019-09-12,33.02,33.12,32.67,32.94,10200,0.00,0.00,0.00
2019-09-13,32.84,32.92,32.59,32.59,14700,0.00,0.00,0.00
2019-09-16,32.21,32.74,32.14,32.53,12700,0.00,0.00,0.00
2019-09-17,32.44,32.61,32.36,32.59,7300,0.00,0.00,0.00
2019-09-18,32.37,32.58,31.94,32.32,7800,0.00,0.00,0.00
2019-09-19,32.55,32.55,32.18,32.18,10500,0.00,0.00,0.00
2019-09-20,32.10,32.21,31.71,31.71,22100,0.00,0.00,0.00
2019-09-23,31.74,31.95,31.64,31.87,21800,0.00,0.00,0.00
2019-09-24,31.95,31.95,30.90,30.90,14400,0.00,0.00,0.00
2019-09-25,30.84,31.36,30.67,31.32,15900,0.00,0.00,0.00
2019-09-26,31.42,31.51,31.01,31.39,6500,0.00,0.00,0.00
2019-09-27,31.38,31.56,30.66,30.85,70500,0.00,0.00,0.00
2019-09-30,31.13,31.18,30.91,31.18,12700,0.00,0.00,0.00
2019-10-01,31.20,31.46,30.70,30.70,28500,0.00,0.00,0.00
2019-10-02,30.42,30.46,30.16,30.40,16300,0.00,0.00,0.00
2019-10-03,30.17,30.62,29.87,30.53,11300,0.00,0.00,0.00
2019-10-04,30.66,30.81,30.60,30.81,3800,0.00,0.00,0.00
2019-10-07,30.68,31.02,30.61,30.80,27200,0.00,0.00,0.00
2019-10-08,30.49,30.49,30.16,30.16,9500,0.00,0.00,0.00
2019-10-09,30.44,30.76,30.44,30.65,6300,0.00,0.00,0.00
2019-10-10,30.65,31.02,30.61,30.79,20900,0.00,0.00,0.00
2019-10-11,31.47,31.66,31.34,31.36,36600,0.00,0.00,0.00
2019-10-14,31.47,31.74,31.36,31.68,6500,0.00,0.00,0.00
2019-10-15,31.86,32.24,31.86,32.09,11800,0.00,0.00,0.00
2019-10-16,31.75,32.21,31.75,31.92,6100,0.00,0.00,0.00
2019-10-17,32.14,32.17,31.90,31.98,11400,0.00,0.00,0.00
2019-10-18,31.89,31.92,31.44,31.55,10200,0.00,0.00,0.00
2019-10-21,31.89,31.89,31.68,31.76,3600,0.00,0.00,0.00
2019-10-22,31.80,31.91,31.70,31.75,5800,0.00,0.00,0.00
2019-10-23,31.74,31.79,31.61,31.70,16400,0.00,0.00,0.00
2019-10-24,32.42,32.46,32.06,32.42,8000,0.00,0.00,0.00
2019-10-25,32.34,33.15,32.29,33.14,13200,0.00,0.00,0.00
2019-10-28,33.31,33.65,33.31,33.49,19100,0.00,0.00,0.00
2019-10-29,33.46,33.46,33.18,33.18,5000,0.00,0.00,0.00
2019-10-30,33.15,33.15,32.86,33.05,9500,0.00,0.00,0.00
2019-10-31,32.89,32.89,32.60,32.83,7500,0.00,0.00,0.00
2019-11-01,33.14,33.48,33.05,33.46,6600,0.00,0.00,0.00
2019-11-04,33.64,34.08,33.64,34.06,16400,0.00,0.00,0.00
2019-11-05,34.07,34.27,34.04,34.04,13200,0.00,0.00,0.00
2019-11-06,34.08,34.08,33.85,34.00,5700,0.00,0.00,0.00
2019-11-07,34.40,34.72,34.40,34.59,16900,0.00,0.00,0.00
2019-11-08,34.52,34.65,34.33,34.59,11000,0.00,0.00,0.00
2019-11-11,34.53,34.69,34.52,34.60,11600,0.00,0.00,0.00
2019-11-12,34.55,34.82,34.50,34.66,5500,0.00,0.00,0.00
2019-11-13,34.53,34.53,33.83,33.90,22000,0.00,0.00,0.00
2019-11-14,33.82,34.04,33.82,33.86,8700,0.00,0.00,0.00
2019-11-15,34.12,34.12,33.89,34.08,13100,0.00,0.00,0.00
2019-11-18,33.98,34.16,33.90,33.98,10200,0.00,0.00,0.00
2019-11-19,34.13,34.36,33.89,33.95,12300,0.00,0.00,0.00
2019-11-20,33.89,33.97,33.47,33.76,42700,0.00,0.00,0.00
2019-11-21,33.79,33.84,33.64,33.69,23600,0.00,0.00,0.00
2019-11-22,33.52,33.76,33.52,33.66,8600,0.00,0.00,0.00
2019-11-25,33.98,34.39,33.98,34.35,11100,0.00,0.00,0.00
2019-11-26,34.38,34.38,34.08,34.16,8700,0.00,0.00,0.00
2019-11-27,34.08,34.37,34.08,34.34,7000,0.00,0.00,0.00
2019-11-29,34.39,34.39,34.17,34.23,4500,0.00,0.00,0.00
2019-12-02,34.32,34.32,33.81,33.91,10400,0.00,0.00,0.00
2019-12-03,33.44,33.64,33.30,33.64,8400,0.00,0.00,0.00
2019-12-04,33.67,33.86,33.59,33.59,6700,0.00,0.00,0.00
2019-12-05,33.67,33.79,33.64,33.69,6200,0.00,0.00,0.00
2019-12-06,34.06,34.25,34.06,34.10,12300,0.00,0.00,0.00
2019-12-09,34.05,34.35,33.77,34.19,11700,0.00,0.00,0.00
2019-12-10,34.34,34.52,34.31,34.32,16600,0.00,0.00,0.00
2019-12-11,34.33,34.76,34.33,34.68,25300,0.00,0.00,0.00
2019-12-12,34.68,35.37,34.68,35.32,14800,0.00,0.00,0.00
2019-12-13,35.31,35.59,35.21,35.22,20600,0.00,0.00,0.00
2019-12-16,35.50,36.08,35.50,35.93,37200,0.00,0.00,0.00
2019-12-17,35.99,36.12,35.77,36.06,28600,0.00,0.00,0.00
2019-12-18,36.25,36.56,36.11,36.44,33300,0.00,0.00,0.00
2019-12-19,36.60,36.79,36.50,36.79,40900,0.00,0.00,0.00
2019-12-20,37.05,37.05,36.67,36.70,18200,0.00,0.00,0.00
2019-12-23,36.98,37.21,36.78,37.13,21900,0.00,0.00,0.00
2019-12-24,37.40,37.40,36.92,36.96,9700,0.00,0.00,0.00
2019-12-26,37.34,37.34,37.02,37.10,16800,0.00,0.00,0.00
2019-12-27,37.34,37.34,36.84,36.96,16900,0.00,0.00,0.00
2019-12-30,37.06,37.06,36.33,36.45,29400,0.00,0.00,0.00
2019-12-31,36.26,36.69,36.26,36.53,29100,0.00,0.00,0.00
2020-01-02,36.96,37.27,36.90,37.27,18100,0.00,0.00,0.00
2020-01-03,36.95,37.37,36.95,37.18,28300,0.00,0.00,0.00
2020-01-06,37.02,37.24,36.82,37.22,27400,0.00,0.00,0.00
2020-01-07,37.38,37.74,37.24,37.68,23800,0.00,0.00,0.00
2020-01-08,37.78,38.36,37.70,38.23,43900,0.00,0.00,0.00
2020-01-09,38.55,38.55,38.08,38.27,28700,0.00,0.00,0.00
2020-01-10,38.38,38.38,37.87,38.06,18600,0.00,0.00,0.00
2020-01-13,38.33,38.85,38.33,38.85,34500,0.00,0.00,0.00
2020-01-14,39.00,39.24,38.60,38.96,50800,0.00,0.00,0.00
2020-01-15,38.96,39.03,38.45,38.51,51800,0.00,0.00,0.00
2020-01-16,38.64,39.10,38.61,39.02,46600,0.00,0.00,0.00
2020-01-17,39.21,39.35,39.03,39.20,24900,0.00,0.00,0.00
2020-01-21,39.18,39.39,39.13,39.29,39800,0.00,0.00,0.00
2020-01-22,39.74,39.96,39.35,39.50,94700,0.00,0.00,0.00
2020-01-23,39.51,39.61,39.20,39.58,37600,0.00,0.00,0.00
2020-01-24,39.70,39.70,38.64,38.86,60800,0.00,0.00,0.00
2020-01-27,37.66,38.15,37.51,37.84,38500,0.00,0.00,0.00
2020-01-28,38.11,38.52,38.04,38.43,12900,0.00,0.00,0.00
2020-01-29,38.53,38.54,38.03,38.19,29600,0.00,0.00,0.00
2020-01-30,38.24,38.64,38.08,38.64,33000,0.00,0.00,0.00
2020-01-31,38.48,38.48,37.84,37.94,21500,0.00,0.00,0.00
2020-02-03,38.34,39.65,38.34,39.58,100900,0.00,0.00,0.00
2020-02-04,41.07,41.82,40.68,41.31,172500,0.00,0.00,0.00
2020-02-05,41.51,41.52,40.50,40.77,86000,0.00,0.00,0.00
2020-02-06,40.72,40.83,40.27,40.52,74400,0.00,0.00,0.00
2020-02-07,40.39,40.50,40.07,40.17,46300,0.00,0.00,0.00
2020-02-10,40.38,40.64,40.28,40.56,78800,0.00,0.00,0.00
2020-02-11,40.83,41.56,40.83,41.49,56700,0.00,0.00,0.00
2020-02-12,42.08,42.09,41.70,41.95,61500,0.00,0.00,0.00
2020-02-13,41.58,42.26,41.42,42.11,50400,0.00,0.00,0.00
2020-02-14,42.06,42.13,41.73,41.79,56000,0.00,0.00,0.00
2020-02-18,41.94,42.09,41.71,42.05,69700,0.00,0.00,0.00
2020-02-19,42.48,42.88,42.48,42.77,95000,0.00,0.00,0.00
2020-02-20,42.66,43.02,42.01,42.61,76600,0.00,0.00,0.00
2020-02-21,42.52,42.52,41.78,41.98,63100,0.00,0.00,0.00
2020-02-24,40.24,40.72,39.77,40.40,87700,0.00,0.00,0.00
2020-02-25,40.58,40.58,38.60,38.70,91500,0.00,0.00,0.00
2020-02-26,38.85,39.26,38.24,38.44,66700,0.00,0.00,0.00
2020-02-27,37.37,37.72,36.10,36.39,110200,0.00,0.00,0.00
2020-02-28,34.71,36.42,34.70,36.28,86100,0.00,0.00,0.00
2020-03-02,36.78,37.87,36.19,37.87,49200,0.00,0.00,0.00
2020-03-03,38.25,38.84,36.63,37.24,68500,0.00,0.00,0.00
2020-03-04,37.83,38.36,37.29,38.36,71200,0.00,0.00,0.00
2020-03-05,37.34,37.82,36.81,37.13,58700,0.00,0.00,0.00
2020-03-06,35.81,36.62,35.44,36.15,71500,0.00,0.00,0.00
2020-03-09,33.39,34.37,32.46,33.49,87100,0.00,0.00,0.00
2020-03-10,34.48,34.81,33.47,34.79,42000,0.00,0.00,0.00
2020-03-11,33.82,34.22,32.83,33.35,49700,0.00,0.00,0.00
2020-03-12,30.77,31.48,29.30,29.87,90900,0.00,0.00,0.00
2020-03-13,31.13,31.47,29.12,31.47,56300,0.00,0.00,0.00
2020-03-16,30.08,30.33,26.72,28.23,68100,0.00,0.00,0.00
2020-03-17,28.47,29.84,27.21,29.26,57300,0.00,0.00,0.00
2020-03-18,27.95,28.11,25.76,27.06,77200,0.00,0.00,0.00
2020-03-19,26.81,29.39,26.48,28.93,45900,0.00,0.00,0.00
2020-03-20,29.33,30.04,28.37,28.44,70000,0.00,0.00,0.00
2020-03-23,28.30,29.10,27.73,28.47,61600,0.00,0.00,0.00
2020-03-24,30.10,30.78,29.99,30.68,66600,0.00,0.00,0.00
2020-03-25,30.73,32.01,30.22,31.22,55400,0.00,0.00,0.00
2020-03-26,31.65,32.71,31.50,32.70,76400,0.00,0.00,0.00
2020-03-27,31.85,32.46,31.27,31.80,57200,0.00,0.00,0.00
2020-03-30,31.98,32.54,31.49,32.45,35300,0.00,0.00,0.00
2020-03-31,32.15,33.11,32.15,32.61,25500,0.00,0.00,0.00
2020-04-01,31.34,31.63,30.24,30.50,43000,0.00,0.00,0.00
2020-04-02,30.48,31.07,30.01,30.48,83500,0.00,0.00,0.00
2020-04-03,30.72,31.27,29.98,30.25,30500,0.00,0.00,0.00
2020-04-06,31.76,33.04,31.59,33.04,29300,0.00,0.00,0.00
2020-04-07,34.33,34.33,32.71,32.71,36600,0.00,0.00,0.00
2020-04-08,33.30,33.75,32.88,33.67,39200,0.00,0.00,0.00
2020-04-09,34.03,34.77,33.92,34.42,53100,0.00,0.00,0.00
2020-04-13,34.46,34.74,33.91,34.63,54100,0.00,0.00,0.00
2020-04-14,35.84,36.47,35.75,36.18,57500,0.00,0.00,0.00
2020-04-15,35.74,35.77,35.10,35.55,46300,0.00,0.00,0.00
2020-04-16,35.81,36.06,35.31,35.85,43800,0.00,0.00,0.00
2020-04-17,36.77,36.93,36.44,36.79,52700,0.00,0.00,0.00
2020-04-20,36.41,37.04,36.03,36.44,63000,0.00,0.00,0.00
2020-04-21,35.84,36.01,34.84,35.05,36000,0.00,0.00,0.00
2020-04-22,35.73,36.20,35.47,36.11,37500,0.00,0.00,0.00
2020-04-23,36.10,36.61,35.82,35.82,38000,0.00,0.00,0.00
2020-04-24,36.24,36.47,35.65,36.34,29900,0.00,0.00,0.00
2020-04-27,36.53,38.16,36.53,38.05,58000,0.00,0.00,0.00
2020-04-28,38.89,38.89,37.49,37.71,68400,0.00,0.00,0.00
2020-04-29,38.56,39.88,38.23,39.76,294800,0.00,0.00,0.00
2020-04-30,39.82,39.83,38.50,38.80,56700,0.00,0.00,0.00
2020-05-01,37.59,37.98,36.39,36.77,57700,0.00,0.00,0.00
2020-05-04,36.37,37.46,36.28,37.39,33700,0.00,0.00,0.00
2020-05-05,38.25,38.58,37.79,37.84,57300,0.00,0.00,0.00
2020-05-06,38.35,38.86,38.13,38.56,57500,0.00,0.00,0.00
2020-05-07,38.95,39.09,38.62,38.91,36300,0.00,0.00,0.00
2020-05-08,39.67,40.31,39.48,40.31,75300,0.00,0.00,0.00
2020-05-11,40.13,40.72,39.56,40.39,75800,0.00,0.00,0.00
2020-05-12,40.71,40.71,39.41,39.44,70300,0.00,0.00,0.00
2020-05-13,39.64,39.89,38.14,38.76,209000,0.00,0.00,0.00
2020-05-14,38.08,38.96,37.53,38.96,40300,0.00,0.00,0.00
2020-05-15,38.69,39.58,38.48,39.48,71300,0.00,0.00,0.00
2020-05-18,40.96,41.71,40.76,41.61,120600,0.00,0.00,0.00
2020-05-19,41.74,42.11,41.32,41.41,108100,0.00,0.00,0.00
2020-05-20,42.15,42.70,41.90,42.54,141100,0.00,0.00,0.00
2020-05-21,42.76,42.83,41.91,42.52,99200,0.00,0.00,0.00
2020-05-22,42.44,42.68,42.03,42.67,89200,0.00,0.00,0.00
2020-05-26,43.87,44.49,43.62,44.05,208500,0.00,0.00,0.00
2020-05-27,44.59,44.59,42.55,44.22,156700,0.00,0.00,0.00
2020-05-28,44.47,44.58,43.38,43.49,113000,0.00,0.00,0.00
2020-05-29,43.53,44.18,42.93,44.12,86300,0.00,0.00,0.00
2020-06-01,44.44,45.19,44.01,44.95,136400,0.00,0.00,0.00
2020-06-02,45.15,45.34,44.72,45.21,170700,0.00,0.00,0.00
2020-06-03,45.84,46.13,45.54,46.01,158700,0.00,0.00,0.00
2020-06-04,45.92,46.00,44.95,45.25,106400,0.00,0.00,0.00
2020-06-05,46.33,46.34,45.94,46.06,105800,0.00,0.00,0.00
2020-06-08,46.35,46.69,46.13,46.60,133900,0.00,0.00,0.00
2020-06-09,46.45,47.05,45.92,46.67,183100,0.00,0.00,0.00
2020-06-10,47.28,47.43,46.59,47.05,140400,0.00,0.00,0.00
2020-06-11,45.50,45.64,43.71,43.74,263500,0.00,0.00,0.00
2020-06-12,45.08,45.21,43.28,44.13,167600,0.00,0.00,0.00
2020-06-15,43.29,45.07,42.74,44.92,144800,0.00,0.00,0.00
2020-06-16,46.31,46.39,44.98,45.93,161000,0.00,0.00,0.00
2020-06-17,46.33,46.33,45.43,45.52,118300,0.00,0.00,0.00
2020-06-18,45.19,45.60,45.00,45.41,90700,0.00,0.00,0.00
2020-06-19,45.89,46.00,44.74,45.12,128300,0.00,0.00,0.00
2020-06-22,45.09,45.90,44.81,45.76,118000,0.00,0.00,0.00
2020-06-23,46.38,46.43,45.74,45.81,128400,0.00,0.00,0.00
2020-06-24,45.55,45.81,44.31,44.56,190200,0.00,0.00,0.00
2020-06-25,44.71,45.46,43.99,45.46,77100,0.00,0.00,0.00
2020-06-26,45.54,45.56,44.46,44.52,59700,0.00,0.00,0.00
2020-06-29,44.71,45.30,44.19,45.30,87700,0.00,0.00,0.00
2020-06-30,45.42,46.70,45.42,46.53,185400,0.00,0.00,0.00
2020-07-01,46.46,46.91,46.30,46.69,180300,0.00,0.00,0.00
2020-07-02,48.01,48.28,47.64,47.75,250200,0.00,0.00,0.00
2020-07-06,49.08,49.48,48.76,49.38,676900,0.00,0.00,0.00
2020-07-07,49.39,49.61,48.63,48.71,222900,0.00,0.00,0.00
2020-07-08,49.18,49.52,48.62,49.22,224600,0.00,0.00,0.00
2020-07-09,49.79,49.83,48.48,49.43,242200,0.00,0.00,0.00
2020-07-10,49.52,50.33,48.94,50.33,141400,0.00,0.00,0.00
2020-07-13,51.57,52.58,49.57,49.68,303400,0.00,0.00,0.00
2020-07-14,49.37,50.09,48.54,50.04,184800,0.00,0.00,0.00
2020-07-15,50.81,51.15,49.90,51.07,138000,0.00,0.00,0.00
2020-07-16,50.57,50.81,50.16,50.66,102000,0.00,0.00,0.00
2020-07-17,51.12,51.47,50.81,51.41,214600,0.00,0.00,0.00
2020-07-20,51.60,53.27,51.49,53.21,272000,0.00,0.00,0.00
2020-07-21,53.80,53.95,52.70,52.84,214500,0.00,0.00,0.00
2020-07-22,53.07,53.46,52.71,53.00,152100,0.00,0.00,0.00
2020-07-23,53.51,53.67,51.79,52.40,220600,0.00,0.00,0.00
2020-07-24,51.60,52.07,51.07,51.49,178800,0.00,0.00,0.00
2020-07-27,51.95,53.21,51.75,53.21,215700,0.00,0.00,0.00
2020-07-28,52.84,52.91,52.07,52.15,111600,0.00,0.00,0.00
2020-07-29,52.57,53.11,52.43,52.88,141100,0.00,0.00,0.00
2020-07-30,52.19,52.44,51.58,52.23,130400,0.00,0.00,0.00
2020-07-31,52.34,52.53,51.21,51.91,147500,0.00,0.00,0.00
2020-08-03,52.31,53.04,52.04,52.92,275800,0.00,0.00,0.00
2020-08-04,53.01,53.25,52.78,53.15,193700,0.00,0.00,0.00
2020-08-05,53.42,54.06,53.21,54.05,214900,0.00,0.00,0.00
2020-08-06,53.81,53.81,52.92,53.26,213600,0.00,0.00,0.00
2020-08-07,53.24,53.24,51.89,52.44,185500,0.00,0.00,0.00
2020-08-10,52.73,52.74,51.81,52.13,159600,0.00,0.00,0.00
2020-08-11,52.62,52.62,51.31,51.52,181000,0.00,0.00,0.00
2020-08-12,52.23,52.75,51.85,52.61,180500,0.00,0.00,0.00
2020-08-13,52.76,53.41,52.69,53.06,163600,0.00,0.00,0.00
2020-08-14,53.40,53.40,52.72,52.96,95600,0.00,0.00,0.00
2020-08-17,53.49,54.02,53.37,54.01,176900,0.00,0.00,0.00
2020-08-18,54.56,54.59,53.91,54.34,177900,0.00,0.00,0.00
2020-08-19,54.46,54.68,54.00,54.12,228700,0.00,0.00,0.00
2020-08-20,53.75,54.59,53.36,54.47,193200,0.00,0.00,0.00
2020-08-21,54.80,55.00,54.47,54.82,186000,0.00,0.00,0.00
2020-08-24,55.66,55.72,54.83,55.42,239800,0.00,0.00,0.00
2020-08-25,55.53,56.62,55.36,56.60,217500,0.00,0.00,0.00
2020-08-26,56.97,58.23,56.73,57.71,324100,0.00,0.00,0.00
2020-08-27,58.02,58.03,56.48,57.15,285300,0.00,0.00,0.00
2020-08-28,57.58,57.90,57.18,57.85,171700,0.00,0.00,0.00
2020-08-31,58.00,59.70,57.87,59.50,348900,0.00,0.00,0.00
2020-09-01,59.72,60.81,59.21,60.81,342400,0.00,0.00,0.00
2020-09-02,61.89,61.93,59.57,61.13,321900,0.00,0.00,0.00
2020-09-03,60.10,60.10,57.01,57.46,494100,0.00,0.00,0.00
2020-09-04,57.20,57.93,53.89,56.70,456400,0.00,0.00,0.00
2020-09-08,54.10,55.94,54.10,54.37,626300,0.00,0.00,0.00
2020-09-09,55.74,57.20,55.37,57.06,309200,0.00,0.00,0.00
2020-09-10,57.93,58.18,55.83,56.26,255300,0.00,0.00,0.00
2020-09-11,56.90,57.12,55.35,56.16,154200,0.00,0.00,0.00
2020-09-14,57.06,57.76,56.64,57.57,188700,0.00,0.00,0.00
2020-09-15,58.83,58.83,57.93,58.39,265400,0.00,0.00,0.00
2020-09-16,58.64,59.13,57.96,58.02,258300,0.00,0.00,0.00
2020-09-17,56.91,57.19,55.95,56.51,353400,0.00,0.00,0.00
2020-09-18,57.19,57.23,55.42,56.24,141800,0.00,0.00,0.00
2020-09-21,55.38,55.53,53.94,55.50,260600,0.00,0.00,0.00
2020-09-22,55.48,55.57,54.28,55.21,183400,0.00,0.00,0.00
2020-09-23,55.02,55.13,53.11,53.25,197100,0.00,0.00,0.00
2020-09-24,52.76,53.89,51.76,53.18,170600,0.00,0.00,0.00
2020-09-25,53.21,54.59,53.21,54.58,123100,0.00,0.00,0.00
2020-09-28,55.81,56.24,55.64,56.11,172800,0.00,0.00,0.00
2020-09-29,56.31,56.57,55.86,56.35,258100,0.00,0.00,0.00
2020-09-30,56.77,57.11,56.12,56.45,197500,0.00,0.00,0.00
2020-10-01,57.30,57.45,56.84,57.38,146500,0.00,0.00,0.00
2020-10-02,55.94,57.07,55.31,56.42,217100,0.00,0.00,0.00
2020-10-05,57.05,57.79,57.05,57.79,163700,0.00,0.00,0.00
2020-10-06,57.98,58.97,57.35,57.58,270900,0.00,0.00,0.00
2020-10-07,58.42,59.28,58.28,59.16,199300,0.00,0.00,0.00
2020-10-08,60.27,60.27,59.38,59.62,197300,0.00,0.00,0.00
2020-10-09,60.64,61.51,60.57,61.43,363800,0.00,0.00,0.00
2020-10-12,62.43,62.61,61.92,61.98,400700,0.00,0.00,0.00
2020-10-13,62.24,62.24,61.03,61.87,469400,0.00,0.00,0.00
2020-10-14,62.20,62.85,61.96,62.55,414500,0.00,0.00,0.00
2020-10-15,61.58,62.26,61.23,62.13,202300,0.00,0.00,0.00
2020-10-16,62.64,62.93,61.61,61.75,250700,0.00,0.00,0.00
2020-10-19,62.53,62.53,60.83,60.99,252700,0.00,0.00,0.00
2020-10-20,61.42,61.82,61.01,61.12,171200,0.00,0.00,0.00
2020-10-21,61.38,61.86,60.80,60.89,231000,0.00,0.00,0.00
2020-10-22,61.37,61.63,60.50,61.27,317800,0.00,0.00,0.00
2020-10-23,61.51,61.55,60.64,61.39,130300,0.00,0.00,0.00
2020-10-26,60.70,60.92,58.65,59.34,301800,0.00,0.00,0.00
2020-10-27,60.10,60.17,59.44,59.50,180500,0.00,0.00,0.00
2020-10-28,58.72,58.72,56.98,56.98,290800,0.00,0.00,0.00
2020-10-29,57.37,58.62,57.31,58.22,240800,0.00,0.00,0.00
2020-10-30,57.90,58.22,56.22,56.79,301200,0.00,0.00,0.00
2020-11-02,57.81,58.21,56.98,57.58,206600,0.00,0.00,0.00
2020-11-03,58.62,59.64,57.92,59.37,347500,0.00,0.00,0.00
2020-11-04,60.67,61.22,59.75,60.46,344200,0.00,0.00,0.00
2020-11-05,62.18,62.65,61.81,62.55,568200,0.00,0.00,0.00
2020-11-06,62.55,62.57,61.85,62.36,306200,0.00,0.00,0.00
2020-11-09,64.76,65.90,61.67,61.69,541300,0.00,0.00,0.00
2020-11-10,61.45,61.47,59.18,60.30,334200,0.00,0.00,0.00
2020-11-11,61.13,61.22,60.51,61.22,288400,0.00,0.00,0.00
2020-11-12,61.55,62.18,61.01,61.27,224500,0.00,0.00,0.00
2020-11-13,62.20,62.38,61.30,62.06,240600,0.00,0.00,0.00
2020-11-16,62.60,62.89,61.96,62.58,398700,0.00,0.00,0.00
2020-11-17,63.24,63.35,62.58,63.10,284700,0.00,0.00,0.00
2020-11-18,63.49,64.42,63.12,63.73,367000,0.00,0.00,0.00
2020-11-19,64.12,64.88,63.51,64.83,357100,0.00,0.00,0.00
2020-11-20,64.83,65.05,64.62,64.79,293000,0.00,0.00,0.00
2020-11-23,65.52,66.46,65.46,66.25,480800,0.00,0.00,0.00
2020-11-24,67.50,67.68,65.94,67.33,446300,0.00,0.00,0.00
2020-11-25,67.13,67.92,66.59,67.80,392100,0.00,0.00,0.00
2020-11-27,68.74,68.84,68.36,68.58,290000,0.00,0.00,0.00
2020-11-30,68.90,69.02,66.33,67.61,703400,0.00,0.00,0.00
2020-12-01,69.15,69.15,67.93,68.57,531800,0.00,0.00,0.00
2020-12-02,67.60,68.02,66.76,67.95,461800,0.00,0.00,0.00
2020-12-03,68.77,69.11,68.18,68.75,405200,0.00,0.00,0.00
2020-12-04,69.53,69.91,68.95,69.91,444700,0.00,0.00,0.00
2020-12-07,70.29,70.91,69.91,70.91,740700,0.00,0.00,0.00
2020-12-08,71.01,71.40,70.52,71.30,650000,0.00,0.00,0.00
2020-12-09,72.05,72.06,69.27,69.79,715600,0.00,0.00,0.00
2020-12-10,68.45,69.81,68.28,69.71,698300,0.00,0.00,0.00
2020-12-11,69.73,70.16,68.57,69.27,474900,0.00,0.00,0.00
2020-12-14,70.17,70.74,69.59,70.04,728600,0.00,0.00,0.00
2020-12-15,71.07,71.17,70.38,71.11,552800,0.00,0.00,0.00
2020-12-16,71.78,71.78,70.38,70.80,468100,0.00,0.00,0.00
2020-12-17,71.09,72.25,70.95,72.22,520100,0.00,0.00,0.00
2020-12-18,72.43,73.26,71.91,72.76,685100,0.00,0.00,0.00
2020-12-21,72.25,73.85,72.00,73.46,964400,0.00,0.00,0.00
2020-12-22,75.39,75.40,73.68,75.29,1331100,0.00,0.00,0.00
2020-12-23,76.55,77.11,75.49,76.03,1289600,0.00,0.00,0.00
2020-12-24,76.34,76.68,75.10,75.40,664600,0.00,0.00,0.00
2020-12-28,76.45,76.81,74.59,74.64,1053800,0.00,0.00,0.00
2020-12-29,75.54,75.54,72.70,73.79,1086500,0.66,0.00,0.00
2020-12-30,74.56,76.02,74.43,75.95,754200,0.00,0.00,0.00
2020-12-31,76.50,76.50,75.36,75.69,635500,0.00,0.00,0.00
2021-01-04,77.44,77.88,74.99,76.24,1267400,0.00,0.00,0.00
2021-01-05,76.43,78.08,76.25,78.08,1126100,0.00,0.00,0.00
2021-01-06,78.38,79.96,77.61,78.47,1477600,0.00,0.00,0.00
2021-01-07,80.54,83.57,80.14,83.45,1806000,0.00,0.00,0.00
2021-01-08,85.90,86.33,83.89,85.13,1921800,0.00,0.00,0.00
2021-01-11,84.33,84.89,83.40,83.58,1554000,0.00,0.00,0.00
2021-01-12,85.19,85.30,84.15,84.99,1050400,0.00,0.00,0.00
2021-01-13,85.32,85.72,84.50,85.32,915100,0.00,0.00,0.00
2021-01-14,86.32,88.59,85.94,87.46,1541700,0.00,0.00,0.00
2021-01-15,87.99,88.05,84.56,85.04,1869400,0.00,0.00,0.00
2021-01-19,87.77,88.20,86.93,88.09,1720700,0.00,0.00,0.00
2021-01-20,90.38,90.38,88.31,88.88,2126700,0.00,0.00,0.00
2021-01-21,90.15,90.34,88.31,89.32,1313800,0.00,0.00,0.00
2021-01-22,88.33,89.92,88.30,89.86,1225900,0.00,0.00,0.00
2021-01-25,92.19,93.53,89.36,91.61,2207700,0.00,0.00,0.00
2021-01-26,92.63,92.71,90.98,91.43,1314800,0.00,0.00,0.00
2021-01-27,89.58,91.81,88.02,88.99,1758800,0.00,0.00,0.00
2021-01-28,89.29,89.69,88.06,88.82,1369200,0.00,0.00,0.00
2021-01-29,88.40,89.30,85.90,86.56,1454500,0.00,0.00,0.00
2021-02-01,88.82,90.86,87.51,90.40,2006300,0.00,0.00,0.00
2021-02-02,92.80,92.87,91.48,92.35,1983100,0.00,0.00,0.00
2021-02-03,93.99,94.38,92.81,93.17,1913200,0.00,0.00,0.00
2021-02-04,93.88,94.14,93.31,93.85,1391300,0.00,0.00,0.00
2021-02-05,94.95,95.17,93.52,94.75,1813000,0.00,0.00,0.00
2021-02-08,96.24,97.38,95.85,97.26,2291000,0.00,0.00,0.00
2021-02-09,97.26,98.49,96.77,98.16,2491700,0.00,0.00,0.00
2021-02-10,99.71,99.81,95.76,96.84,2818200,0.00,0.00,0.00
2021-02-11,97.78,98.23,96.29,97.89,1706000,0.00,0.00,0.00
2021-02-12,97.53,98.43,96.50,98.42,1496000,0.00,0.00,0.00
2021-02-16,100.31,100.31,97.75,97.90,2752100,0.00,0.00,0.00
2021-02-17,97.43,97.45,94.82,96.46,2083600,0.00,0.00,0.00
2021-02-18,94.11,94.69,92.82,93.95,2193700,0.00,0.00,0.00
2021-02-19,95.54,96.93,95.34,96.10,1590300,0.00,0.00,0.00
2021-02-22,94.44,95.19,92.32,92.62,2116900,0.00,0.00,0.00
2021-02-23,87.75,89.74,82.89,89.08,4436100,0.00,0.00,0.00
2021-02-24,88.10,90.67,87.37,90.28,1957100,0.00,0.00,0.00
2021-02-25,89.29,90.15,85.65,86.40,2535800,0.00,0.00,0.00
2021-02-26,85.68,86.89,83.58,85.34,2246600,0.00,0.00,0.00
2021-03-01,88.08,89.05,87.24,88.75,1750800,0.00,0.00,0.00
2021-03-02,89.25,89.25,86.22,86.27,1490200,0.00,0.00,0.00
2021-03-03,86.32,86.91,83.07,83.23,1791100,0.00,0.00,0.00
2021-03-04,82.22,83.33,77.51,79.65,3483400,0.00,0.00,0.00
2021-03-05,80.23,80.72,74.21,79.78,3552600,0.00,0.00,0.00
2021-03-08,79.37,80.31,76.52,76.67,2715400,0.00,0.00,0.00
2021-03-09,79.56,82.52,79.18,82.07,2952500,0.00,0.00,0.00
2021-03-10,84.33,84.74,81.35,81.94,1291400,0.00,0.00,0.00
2021-03-11,84.56,86.18,83.83,86.04,1727000,0.00,0.00,0.00
2021-03-12,84.30,85.41,83.25,85.37,797000,0.00,0.00,0.00
2021-03-15,86.04,86.93,85.24,86.93,739800,0.00,0.00,0.00
2021-03-16,87.54,87.63,84.38,85.07,855100,0.00,0.00,0.00
2021-03-17,83.48,87.03,82.96,86.67,756200,0.00,0.00,0.00
2021-03-18,85.07,85.95,83.25,83.56,869900,0.00,0.00,0.00
2021-03-19,83.09,84.24,81.79,84.01,681100,0.00,0.00,0.00
2021-03-22,85.33,85.33,83.68,84.52,603000,0.00,0.00,0.00
2021-03-23,84.27,84.27,81.76,82.13,754300,0.00,0.00,0.00
2021-03-24,82.59,82.79,79.01,79.10,1136000,0.00,0.00,0.00
2021-03-25,77.04,80.12,76.79,79.81,1072800,0.00,0.00,0.00
2021-03-26,79.45,80.58,78.05,80.55,650000,0.00,0.00,0.00
2021-03-29,80.11,80.49,78.92,79.89,655900,0.00,0.00,0.00
2021-03-30,79.29,81.90,79.28,81.66,727900,0.00,0.00,0.00
2021-03-31,82.59,83.77,82.50,83.28,699500,0.00,0.00,0.00
2021-04-01,85.20,85.59,83.92,84.38,861300,0.00,0.00,0.00
2021-04-05,86.25,86.25,84.87,85.56,662500,0.00,0.00,0.00
2021-04-06,85.69,86.11,85.18,85.78,451900,0.00,0.00,0.00
2021-04-07,85.47,85.47,83.64,84.02,535300,0.00,0.00,0.00
2021-04-08,84.74,85.30,84.37,85.18,435800,0.00,0.00,0.00
2021-04-09,84.45,84.82,84.06,84.66,403400,0.00,0.00,0.00
2021-04-12,84.19,84.34,83.22,84.08,409600,0.00,0.00,0.00
2021-04-13,84.33,85.26,84.08,85.20,435400,0.00,0.00,0.00
2021-04-14,85.67,86.30,84.31,84.66,478600,0.00,0.00,0.00
2021-04-15,85.19,85.31,83.65,84.38,400100,0.00,0.00,0.00
2021-04-16,84.49,84.49,83.54,84.17,412400,0.00,0.00,0.00
2021-04-19,83.10,83.57,81.59,82.52,606800,0.00,0.00,0.00
2021-04-20,81.73,82.58,80.36,81.11,746700,0.00,0.00,0.00
2021-04-21,80.40,83.42,80.02,83.29,575100,0.00,0.00,0.00
2021-04-22,83.60,84.31,82.28,82.81,672700,0.00,0.00,0.00
2021-04-23,82.96,84.40,82.95,84.09,568800,0.00,0.00,0.00
2021-04-26,84.63,85.41,84.26,85.29,450600,0.00,0.00,0.00
2021-04-27,85.29,85.61,84.34,84.65,319400,0.00,0.00,0.00
2021-04-28,84.59,85.01,84.04,84.41,341100,0.00,0.00,0.00
2021-04-29,85.32,85.34,82.64,83.64,377200,0.00,0.00,0.00
2021-04-30,82.32,83.38,81.76,82.97,404800,0.00,0.00,0.00
2021-05-03,82.97,83.06,81.29,81.55,1018300,0.00,0.00,0.00
2021-05-04,80.43,80.73,78.88,80.22,811300,0.00,0.00,0.00
2021-05-05,80.66,80.85,79.40,79.56,514000,0.00,0.00,0.00
2021-05-06,79.37,79.68,78.21,79.31,897500,0.00,0.00,0.00
2021-05-07,79.99,81.17,79.45,80.07,829500,0.00,0.00,0.00
2021-05-10,79.42,79.43,76.80,76.89,1025100,0.00,0.00,0.00
2021-05-11,73.90,77.64,73.83,77.37,1236400,0.00,0.00,0.00
2021-05-12,76.05,76.92,74.41,74.52,686500,0.00,0.00,0.00
2021-05-13,74.84,76.17,73.08,73.88,982000,0.00,0.00,0.00
2021-05-14,74.75,76.63,74.52,76.44,864800,0.00,0.00,0.00
2021-05-17,75.97,76.39,75.13,76.12,842600,0.00,0.00,0.00
2021-05-18,76.46,77.89,76.08,76.65,457200,0.00,0.00,0.00
2021-05-19,74.41,76.31,74.34,76.16,482700,0.00,0.00,0.00
2021-05-20,76.82,77.89,76.82,77.74,359300,0.00,0.00,0.00
2021-05-21,78.37,78.68,77.61,77.71,329100,0.00,0.00,0.00
2021-05-24,77.81,79.39,77.58,78.83,400000,0.00,0.00,0.00
2021-05-25,79.16,80.05,78.57,79.09,496100,0.00,0.00,0.00
2021-05-26,79.45,80.60,79.38,80.34,391400,0.00,0.00,0.00
2021-05-27,80.54,80.97,79.96,80.90,357700,0.00,0.00,0.00
2021-05-28,81.06,81.68,80.67,80.76,427700,0.00,0.00,0.00
2021-06-01,81.35,82.10,80.84,81.37,309200,0.00,0.00,0.00
2021-06-02,81.33,81.61,81.05,81.47,313400,0.00,0.00,0.00
2021-06-03,80.59,81.03,79.83,80.02,361800,0.00,0.00,0.00
2021-06-04,80.40,81.48,80.40,81.14,369200,0.00,0.00,0.00
2021-06-07,81.05,81.34,80.46,81.31,261300,0.00,0.00,0.00
2021-06-08,81.92,82.06,80.52,81.35,253200,0.00,0.00,0.00
2021-06-09,81.73,81.73,80.62,80.74,312200,0.00,0.00,0.00
2021-06-10,80.66,81.30,80.36,80.79,299400,0.00,0.00,0.00
2021-06-11,81.11,81.11,80.61,80.96,318400,0.00,0.00,0.00
2021-06-14,81.29,81.53,80.75,81.35,403700,0.00,0.00,0.00
2021-06-15,81.16,81.44,80.12,80.39,291300,0.00,0.00,0.00
2021-06-16,80.31,80.31,78.93,79.78,304400,0.00,0.00,0.00
2021-06-17,79.37,81.14,79.37,80.94,375100,0.00,0.00,0.00
2021-06-18,80.18,81.02,79.72,80.06,544200,0.00,0.00,0.00
2021-06-21,80.67,81.42,80.13,81.18,470900,0.00,0.00,0.00
2021-06-22,80.78,82.36,80.78,82.13,432500,0.00,0.00,0.00
2021-06-23,82.54,83.75,82.45,83.44,422500,0.00,0.00,0.00
2021-06-24,84.15,85.00,84.03,84.64,369600,0.00,0.00,0.00
2021-06-25,84.99,85.54,84.52,85.15,303500,0.00,0.00,0.00
2021-06-28,85.57,86.17,85.47,85.94,346700,0.00,0.00,0.00
2021-06-29,86.09,86.59,85.55,86.50,444500,0.00,0.00,0.00
2021-06-30,85.92,86.23,85.53,85.53,336700,0.00,0.00,0.00
2021-07-01,86.24,86.24,84.37,84.81,360700,0.00,0.00,0.00
2021-07-02,85.10,85.41,83.89,84.05,451300,0.00,0.00,0.00
2021-07-06,83.60,83.72,82.32,83.13,388400,0.00,0.00,0.00
2021-07-07,83.55,83.55,81.53,82.13,292000,0.00,0.00,0.00
2021-07-08,79.74,81.52,79.39,81.34,343100,0.00,0.00,0.00
2021-07-09,82.11,82.87,81.51,82.76,226700,0.00,0.00,0.00
2021-07-12,83.04,83.24,82.24,82.66,195900,0.00,0.00,0.00
2021-07-13,82.54,82.84,81.78,81.83,222400,0.00,0.00,0.00
2021-07-14,82.26,82.26,80.30,80.34,353700,0.00,0.00,0.00
2021-07-15,80.15,80.73,78.69,79.57,437200,0.00,0.00,0.00
2021-07-16,79.81,80.03,78.36,78.58,382000,0.00,0.00,0.00
2021-07-19,76.84,78.02,76.52,78.02,598500,0.00,0.00,0.00
2021-07-20,78.36,80.12,77.77,79.77,331900,0.00,0.00,0.00
2021-07-21,79.86,81.18,79.86,81.15,325400,0.00,0.00,0.00
2021-07-22,81.20,81.27,80.07,80.54,512200,0.00,0.00,0.00
2021-07-23,80.13,80.24,79.35,80.20,241300,0.00,0.00,0.00
2021-07-26,79.37,80.02,78.86,79.21,351600,0.00,0.00,0.00
2021-07-27,78.38,78.53,76.28,77.77,432200,0.00,0.00,0.00
2021-07-28,78.33,80.13,78.33,79.81,414700,0.00,0.00,0.00
2021-07-29,80.34,81.25,80.08,80.81,242400,0.00,0.00,0.00
2021-07-30,79.95,81.02,79.79,80.54,295900,0.00,0.00,0.00
2021-08-02,80.81,81.49,80.67,80.78,812100,0.00,0.00,0.00
2021-08-03,80.97,80.97,79.52,80.54,336900,0.00,0.00,0.00
2021-08-04,80.06,80.78,79.92,80.20,337100,0.00,0.00,0.00
2021-08-05,80.44,81.53,80.43,81.27,301000,0.00,0.00,0.00
2021-08-06,81.04,81.40,80.15,80.50,324800,0.00,0.00,0.00
2021-08-09,80.38,81.48,80.22,81.15,317800,0.00,0.00,0.00
2021-08-10,81.59,82.16,81.17,81.26,398300,0.00,0.00,0.00
2021-08-11,81.78,82.02,80.94,81.87,226800,0.00,0.00,0.00
2021-08-12,81.58,82.10,81.23,81.93,344200,0.00,0.00,0.00
2021-08-13,81.69,81.80,80.06,80.21,326800,0.00,0.00,0.00
2021-08-16,79.40,79.60,78.25,78.90,425300,0.00,0.00,0.00
2021-08-17,77.62,78.41,76.98,77.90,470600,0.00,0.00,0.00
2021-08-18,77.83,78.93,77.55,77.97,211800,0.00,0.00,0.00
2021-08-19,76.95,78.00,76.79,77.12,409800,0.00,0.00,0.00
2021-08-20,77.13,78.05,77.13,77.86,222000,0.00,0.00,0.00
2021-08-23,78.50,80.03,78.50,79.90,357400,0.00,0.00,0.00
2021-08-24,80.59,81.97,80.56,81.72,348700,0.00,0.00,0.00
2021-08-25,81.75,82.35,81.26,81.94,213200,0.00,0.00,0.00
2021-08-26,81.60,82.74,81.25,81.52,456500,0.00,0.00,0.00
2021-08-27,81.79,83.15,81.75,82.92,274500,0.00,0.00,0.00
2021-08-30,83.43,83.98,82.82,83.78,324700,0.00,0.00,0.00
2021-08-31,83.51,83.80,82.82,83.57,213000,0.00,0.00,0.00
2021-09-01,83.69,84.69,83.69,84.12,317100,0.00,0.00,0.00
2021-09-02,84.47,85.29,84.34,84.82,272200,0.00,0.00,0.00
2021-09-03,84.73,85.17,84.44,84.90,276100,0.00,0.00,0.00
2021-09-07,84.88,85.57,84.85,85.16,293500,0.00,0.00,0.00
2021-09-08,84.68,84.73,82.84,83.44,324700,0.00,0.00,0.00
2021-09-09,83.05,84.23,83.05,83.60,235100,0.00,0.00,0.00
2021-09-10,84.06,84.22,82.55,82.59,197400,0.00,0.00,0.00
2021-09-13,83.05,83.05,81.16,82.34,394600,0.00,0.00,0.00
2021-09-14,82.60,82.93,81.16,81.41,234300,0.00,0.00,0.00
2021-09-15,81.40,81.93,80.95,81.84,190400,0.00,0.00,0.00
2021-09-16,81.55,82.12,81.29,81.86,140900,0.00,0.00,0.00
2021-09-17,81.86,82.29,81.32,82.02,220900,0.00,0.00,0.00
2021-09-20,79.81,80.11,77.94,79.09,555000,0.00,0.00,0.00
2021-09-21,79.35,79.89,78.79,79.41,267100,0.00,0.00,0.00
2021-09-22,79.79,80.87,79.78,80.29,324200,0.00,0.00,0.00
2021-09-23,80.76,81.52,80.76,81.37,486100,0.00,0.00,0.00
2021-09-24,80.53,81.31,80.24,81.03,199600,0.00,0.00,0.00
2021-09-27,80.90,81.76,80.20,81.41,235900,0.00,0.00,0.00
2021-09-28,80.62,80.95,78.83,79.11,335800,0.00,0.00,0.00
2021-09-29,79.31,79.66,77.92,77.99,359400,0.00,0.00,0.00
2021-09-30,78.40,78.71,77.44,77.44,267100,0.00,0.00,0.00
2021-10-01,77.68,77.89,76.40,77.45,216700,0.00,0.00,0.00
2021-10-04,77.30,77.32,75.29,75.81,336300,0.00,0.00,0.00
2021-10-05,75.81,77.30,75.77,76.76,225400,0.00,0.00,0.00
2021-10-06,75.77,76.86,75.37,76.81,289100,0.00,0.00,0.00
2021-10-07,77.61,78.90,77.51,78.45,166100,0.00,0.00,0.00
2021-10-08,78.77,78.86,78.10,78.16,259500,0.00,0.00,0.00
2021-10-11,78.00,78.63,77.36,77.45,189700,0.00,0.00,0.00
2021-10-12,77.44,78.35,77.44,77.95,247300,0.00,0.00,0.00
2021-10-13,78.46,78.95,78.12,78.68,164600,0.00,0.00,0.00
2021-10-14,79.46,79.97,79.34,79.73,151100,0.00,0.00,0.00
2021-10-15,80.13,80.30,79.84,79.98,169500,0.00,0.00,0.00
2021-10-18,79.71,80.71,79.71,80.51,183500,0.00,0.00,0.00
2021-10-19,80.88,82.19,80.83,82.06,209800,0.00,0.00,0.00
2021-10-20,82.17,82.37,81.62,81.94,171900,0.00,0.00,0.00
2021-10-21,81.45,82.86,81.43,82.26,185600,0.00,0.00,0.00
2021-10-22,82.01,82.56,81.09,81.33,195500,0.00,0.00,0.00
2021-10-25,81.84,84.09,81.56,83.73,327800,0.00,0.00,0.00
2021-10-26,83.97,85.09,82.84,83.25,290900,0.00,0.00,0.00
2021-10-27,83.49,84.20,82.32,82.39,226400,0.00,0.00,0.00
2021-10-28,83.07,84.09,82.97,84.02,609900,0.00,0.00,0.00
2021-10-29,83.56,84.20,83.51,84.13,176300,0.00,0.00,0.00
2021-11-01,84.94,87.66,84.84,87.50,439600,0.00,0.00,0.00
2021-11-02,87.13,87.32,86.16,86.73,311500,0.00,0.00,0.00
2021-11-03,86.78,88.05,86.63,87.92,296400,0.00,0.00,0.00
2021-11-04,88.82,89.34,88.06,88.55,409600,0.00,0.00,0.00
2021-11-05,88.94,89.23,87.40,88.07,380200,0.00,0.00,0.00
2021-11-08,88.11,89.57,88.08,89.13,468700,0.00,0.00,0.00
2021-11-09,89.17,89.29,86.10,86.91,432500,0.00,0.00,0.00
2021-11-10,85.74,87.48,84.72,85.61,442100,0.00,0.00,0.00
2021-11-11,86.67,86.93,86.01,86.45,241400,0.00,0.00,0.00
2021-11-12,86.55,86.83,85.87,86.81,221800,0.00,0.00,0.00
2021-11-15,87.06,87.09,85.96,86.61,464600,0.00,0.00,0.00
2021-11-16,86.10,87.60,86.03,87.60,389100,0.00,0.00,0.00
2021-11-17,87.26,87.69,86.41,86.75,293600,0.00,0.00,0.00
2021-11-18,87.43,87.44,85.25,85.83,323900,0.00,0.00,0.00
2021-11-19,85.43,86.12,85.43,85.58,335400,0.00,0.00,0.00
2021-11-22,85.97,85.97,82.74,83.17,445100,0.00,0.00,0.00
2021-11-23,83.09,84.17,81.11,82.32,481300,0.00,0.00,0.00
2021-11-24,81.46,83.89,81.24,83.81,451100,0.00,0.00,0.00
2021-11-26,81.34,82.40,80.75,81.78,348600,0.00,0.00,0.00
2021-11-29,82.85,83.28,81.22,82.39,430400,0.00,0.00,0.00
2021-11-30,81.93,82.94,80.18,81.51,680900,0.00,0.00,0.00
2021-12-01,82.51,83.21,78.62,78.62,742800,0.00,0.00,0.00
2021-12-02,78.97,80.48,78.13,79.73,968000,0.00,0.00,0.00
2021-12-03,79.88,79.88,75.93,77.04,1036700,0.00,0.00,0.00
2021-12-06,76.86,78.50,75.16,77.82,1061900,0.00,0.00,0.00
2021-12-07,79.42,80.78,79.42,79.85,660500,0.00,0.00,0.00
2021-12-08,79.99,81.28,78.95,81.00,426800,0.00,0.00,0.00
2021-12-09,80.25,80.91,78.36,78.36,450000,0.00,0.00,0.00
2021-12-10,78.99,79.59,77.77,77.92,555700,0.00,0.00,0.00
2021-12-13,77.68,78.05,75.81,76.39,431000,0.00,0.00,0.00
2021-12-14,75.19,76.66,74.51,75.40,583000,0.00,0.00,0.00
2021-12-15,75.10,76.67,73.35,76.42,797700,0.00,0.00,0.00
2021-12-16,76.89,77.63,73.94,74.30,658400,0.00,0.00,0.00
2021-12-17,73.52,75.97,72.80,75.07,620900,0.00,0.00,0.00
2021-12-20,73.30,73.91,72.52,73.25,547100,0.00,0.00,0.00
2021-12-21,73.97,76.23,73.97,76.23,548600,0.00,0.00,0.00
2021-12-22,75.93,77.25,75.75,76.87,429700,0.00,0.00,0.00
2021-12-23,76.88,78.42,76.36,78.05,366300,0.00,0.00,0.00
2021-12-27,77.84,78.80,77.69,78.26,358800,0.00,0.00,0.00
2021-12-28,78.20,78.73,77.29,77.39,372700,0.00,0.00,0.00
2021-12-29,77.66,77.84,76.11,76.82,433500,0.61,0.00,0.00
2021-12-30,76.54,78.76,76.54,77.73,421300,0.00,0.00,0.00
2021-12-31,77.65,78.24,76.99,77.01,387000,0.00,0.00,0.00
2022-01-03,78.08,78.89,77.11,78.74,409400,0.00,0.00,0.00
2022-01-04,78.93,79.12,76.51,77.64,288900,0.00,0.00,0.00
2022-01-05,77.21,78.17,73.95,73.95,468800,0.00,0.00,0.00
2022-01-06,73.88,74.90,72.26,73.86,565000,0.00,0.00,0.00
2022-01-07,73.79,75.00,72.52,72.88,715600,0.00,0.00,0.00
2022-01-10,71.94,72.32,70.24,72.26,869100,0.00,0.00,0.00
2022-01-11,72.00,74.27,71.99,73.94,360400,0.00,0.00,0.00
2022-01-12,74.32,75.03,72.70,73.20,263700,0.00,0.00,0.00
2022-01-13,73.27,73.72,70.65,70.76,380700,0.00,0.00,0.00
2022-01-14,70.02,71.31,69.25,70.75,531700,0.00,0.00,0.00
2022-01-18,69.50,70.59,68.66,68.67,621600,0.00,0.00,0.00
2022-01-19,69.04,69.71,67.70,67.73,542700,0.00,0.00,0.00
2022-01-20,68.48,70.75,67.51,67.58,443300,0.00,0.00,0.00
2022-01-21,67.24,67.66,65.30,65.31,1142100,0.00,0.00,0.00
2022-01-24,62.89,65.71,60.88,65.61,1757100,0.00,0.00,0.00
2022-01-25,64.20,65.97,63.46,64.54,609600,0.00,0.00,0.00
2022-01-26,65.99,67.13,63.20,63.68,841200,0.00,0.00,0.00
2022-01-27,64.10,64.20,60.86,60.97,613400,0.00,0.00,0.00
2022-01-28,60.82,62.09,59.31,62.05,618600,0.00,0.00,0.00
2022-01-31,62.55,66.00,62.55,65.91,479100,0.00,0.00,0.00
2022-02-01,66.54,66.75,64.65,66.56,419500,0.00,0.00,0.00
2022-02-02,66.91,67.17,64.47,65.11,441400,0.00,0.00,0.00
2022-02-03,63.63,64.74,62.84,62.93,438500,0.00,0.00,0.00
2022-02-04,63.46,65.24,62.52,64.66,379000,0.00,0.00,0.00
2022-02-07,64.99,66.38,64.50,64.73,313900,0.00,0.00,0.00
2022-02-08,64.76,66.27,64.36,66.13,265800,0.00,0.00,0.00
2022-02-09,67.02,67.88,66.85,67.82,374400,0.00,0.00,0.00
2022-02-10,66.14,68.57,65.80,66.14,390800,0.00,0.00,0.00
2022-02-11,66.08,67.39,64.49,65.03,443900,0.00,0.00,0.00
2022-02-14,64.75,66.14,64.41,64.94,399100,0.00,0.00,0.00
2022-02-15,66.22,67.62,66.00,67.52,302800,0.00,0.00,0.00
2022-02-16,67.02,67.71,66.42,67.29,299800,0.00,0.00,0.00
2022-02-17,66.43,66.76,64.92,65.03,365700,0.00,0.00,0.00
2022-02-18,65.05,65.65,63.73,64.19,388100,0.00,0.00,0.00
2022-02-22,63.25,64.19,61.79,62.28,594400,0.00,0.00,0.00
2022-02-23,63.05,63.23,60.00,60.08,461600,0.00,0.00,0.00
2022-02-24,57.32,63.19,57.15,63.08,713300,0.00,0.00,0.00
2022-02-25,63.42,64.12,62.00,64.04,433600,0.00,0.00,0.00
2022-02-28,63.88,66.63,63.88,66.42,413800,0.00,0.00,0.00
2022-03-01,66.74,67.23,64.75,65.11,335200,0.00,0.00,0.00
2022-03-02,65.32,65.69,64.02,65.31,307200,0.00,0.00,0.00
2022-03-03,65.55,65.59,62.55,62.86,297500,0.00,0.00,0.00
2022-03-04,62.23,63.00,60.90,61.48,505500,0.00,0.00,0.00
2022-03-07,61.49,62.52,60.49,60.49,342100,0.00,0.00,0.00
2022-03-08,60.28,62.85,59.72,60.76,458900,0.00,0.00,0.00
2022-03-09,61.81,62.88,61.46,62.42,347400,0.00,0.00,0.00
2022-03-10,61.36,61.73,60.66,61.54,241900,0.00,0.00,0.00
2022-03-11,62.23,62.26,59.33,59.33,209500,0.00,0.00,0.00
2022-03-14,58.97,59.35,56.89,57.22,358100,0.00,0.00,0.00
2022-03-15,57.40,58.86,56.88,58.71,282500,0.00,0.00,0.00
2022-03-16,60.42,62.79,60.36,62.70,485900,0.00,0.00,0.00
2022-03-17,62.22,64.90,62.09,64.90,253200,0.00,0.00,0.00
2022-03-18,64.31,67.22,64.31,67.05,286600,0.00,0.00,0.00
2022-03-21,67.24,67.78,65.94,66.62,332800,0.00,0.00,0.00
2022-03-22,67.05,68.80,66.87,68.48,197700,0.00,0.00,0.00
2022-03-23,67.70,69.09,67.06,67.82,269200,0.00,0.00,0.00
2022-03-24,68.21,69.07,67.31,69.04,192600,0.00,0.00,0.00
2022-03-25,69.13,69.13,67.94,68.76,191700,0.00,0.00,0.00
2022-03-28,69.07,69.57,67.89,69.39,196500,0.00,0.00,0.00
2022-03-29,69.90,71.30,69.38,71.17,448000,0.00,0.00,0.00
2022-03-30,70.59,71.56,69.60,70.00,235000,0.00,0.00,0.00
2022-03-31,68.89,69.11,67.50,67.66,260300,0.00,0.00,0.00
2022-04-01,68.23,68.52,67.36,68.19,171900,0.00,0.00,0.00
2022-04-04,68.65,70.50,68.56,70.34,222700,0.00,0.00,0.00
2022-04-05,70.28,70.34,67.97,68.13,210100,0.00,0.00,0.00
2022-04-06,66.99,67.07,65.13,65.80,243900,0.00,0.00,0.00
2022-04-07,65.83,66.43,64.29,65.59,167600,0.00,0.00,0.00
2022-04-08,65.45,65.59,64.19,64.19,152500,0.00,0.00,0.00
2022-04-11,63.17,64.19,62.71,63.51,211400,0.00,0.00,0.00
2022-04-12,64.50,65.30,62.96,63.25,172300,0.00,0.00,0.00
2022-04-13,63.51,64.73,63.23,64.54,170900,0.00,0.00,0.00
2022-04-14,64.51,64.68,63.34,63.34,140800,0.00,0.00,0.00
2022-04-18,62.91,63.40,62.04,62.68,278700,0.00,0.00,0.00
2022-04-19,62.70,64.38,62.51,64.05,117400,0.00,0.00,0.00
2022-04-20,64.34,64.41,62.70,62.74,133000,0.00,0.00,0.00
2022-04-21,63.86,64.42,60.44,60.73,159900,0.00,0.00,0.00
2022-04-22,60.44,61.22,59.13,59.19,174600,0.00,0.00,0.00
2022-04-25,58.46,60.35,58.40,60.28,252300,0.00,0.00,0.00
2022-04-26,59.88,59.94,57.20,57.21,239500,0.00,0.00,0.00
2022-04-27,57.41,58.31,56.71,56.80,234800,0.00,0.00,0.00
2022-04-28,57.40,58.45,55.75,57.97,318700,0.00,0.00,0.00
2022-04-29,57.98,59.32,56.62,56.63,196600,0.00,0.00,0.00
2022-05-02,56.47,57.93,56.04,57.90,260400,0.00,0.00,0.00
2022-05-03,57.96,58.54,57.25,57.92,190700,0.00,0.00,0.00
2022-05-04,57.94,59.91,56.72,59.74,294800,0.00,0.00,0.00
2022-05-05,58.54,58.84,55.32,56.07,363300,0.00,0.00,0.00
2022-05-06,55.86,55.93,53.77,54.79,356500,0.00,0.00,0.00
2022-05-09,53.29,53.60,50.73,50.96,414000,0.00,0.00,0.00
2022-05-10,51.84,52.80,49.76,51.02,564000,0.00,0.00,0.00
2022-05-11,50.26,51.58,48.39,48.54,483100,0.00,0.00,0.00
2022-05-12,47.87,50.69,47.36,49.62,681300,0.00,0.00,0.00
2022-05-13,51.22,52.99,51.18,52.60,319300,0.00,0.00,0.00
2022-05-16,52.26,52.95,51.35,51.41,234000,0.00,0.00,0.00
2022-05-17,52.81,54.09,52.54,54.04,205600,0.00,0.00,0.00
2022-05-18,53.20,54.52,52.12,52.41,213500,0.00,0.00,0.00
2022-05-19,52.02,54.21,52.02,53.36,221300,0.00,0.00,0.00
2022-05-20,54.11,54.41,50.62,52.08,606000,0.00,0.00,0.00
2022-05-23,52.35,52.65,51.37,52.48,227900,0.00,0.00,0.00
2022-05-24,51.58,51.62,50.07,50.56,174100,0.00,0.00,0.00
2022-05-25,50.29,51.92,50.24,51.47,239200,0.00,0.00,0.00
2022-05-26,51.82,53.41,51.69,53.03,271100,0.00,0.00,0.00
2022-05-27,53.60,55.17,53.60,55.14,293100,0.00,0.00,0.00
2022-05-31,55.24,55.59,54.06,54.53,160500,0.00,0.00,0.00
2022-06-01,54.77,55.50,53.22,53.84,180300,0.00,0.00,0.00
2022-06-02,54.08,56.93,54.08,56.84,173200,0.00,0.00,0.00
2022-06-03,55.69,56.06,54.77,55.16,140000,0.00,0.00,0.00
2022-06-06,56.18,56.52,54.66,55.14,156600,0.00,0.00,0.00
2022-06-07,54.36,55.78,53.96,55.78,165500,0.00,0.00,0.00
2022-06-08,55.48,56.68,55.48,56.02,124900,0.00,0.00,0.00
2022-06-09,55.66,55.91,54.08,54.16,137900,0.00,0.00,0.00
2022-06-10,52.87,53.68,52.23,52.38,222300,0.00,0.00,0.00
2022-06-13,50.45,51.04,49.18,49.37,226300,0.00,0.00,0.00
2022-06-14,49.84,49.93,48.88,49.57,204600,0.00,0.00,0.00
2022-06-15,50.20,52.04,49.97,51.41,232300,0.00,0.00,0.00
2022-06-16,49.77,50.06,48.48,48.77,198800,0.00,0.00,0.00
2022-06-17,48.99,50.68,48.99,50.19,226700,0.00,0.00,0.00
2022-06-21,51.10,52.65,51.04,51.56,275700,0.00,0.00,0.00
2022-06-22,50.67,52.44,50.67,51.48,135100,0.00,0.00,0.00
2022-06-23,51.91,52.65,51.38,52.49,123100,0.00,0.00,0.00
2022-06-24,53.16,53.96,53.07,53.69,143300,0.00,0.00,0.00
2022-06-27,53.94,54.12,52.75,52.87,149400,0.00,0.00,0.00
2022-06-28,53.26,53.74,51.31,51.35,119000,0.00,0.00,0.00
2022-06-29,50.85,50.94,49.81,50.47,120800,0.00,0.00,0.00
2022-06-30,49.73,50.63,48.94,50.08,167500,0.00,0.00,0.00
2022-07-01,50.07,50.92,49.35,50.22,114900,0.00,0.00,0.00
2022-07-05,49.27,51.19,48.52,51.19,134200,0.00,0.00,0.00
2022-07-06,50.93,51.37,49.77,50.19,96000,0.00,0.00,0.00
2022-07-07,50.90,52.43,50.76,52.37,99200,0.00,0.00,0.00
2022-07-08,51.85,52.99,51.46,52.48,89700,0.00,0.00,0.00
2022-07-11,52.09,52.09,50.22,50.34,102600,0.00,0.00,0.00
2022-07-12,50.28,50.98,49.70,49.98,116400,0.00,0.00,0.00
2022-07-13,49.00,50.34,48.79,49.89,113800,0.00,0.00,0.00
2022-07-14,49.32,49.72,48.46,49.56,91800,0.00,0.00,0.00
2022-07-15,50.12,50.85,49.42,50.81,87300,0.00,0.00,0.00
2022-07-18,51.59,52.17,50.50,50.72,110000,0.00,0.00,0.00
2022-07-19,51.58,52.30,51.05,52.29,111800,0.00,0.00,0.00
2022-07-20,52.25,53.86,52.22,53.65,188300,0.00,0.00,0.00
2022-07-21,53.68,54.94,53.49,54.94,99400,0.00,0.00,0.00
2022-07-22,54.95,55.02,52.87,53.13,171700,0.00,0.00,0.00
2022-07-25,53.08,53.22,52.31,52.93,77300,0.00,0.00,0.00
2022-07-26,52.71,52.78,51.95,52.09,89800,0.00,0.00,0.00
2022-07-27,52.81,54.20,52.57,54.10,117100,0.00,0.00,0.00
2022-07-28,54.18,55.21,53.38,55.20,118600,0.00,0.00,0.00
2022-07-29,55.02,56.20,54.55,56.06,95300,0.00,0.00,0.00
2022-08-01,55.74,56.44,55.24,56.22,75800,0.00,0.00,0.00
2022-08-02,55.66,57.64,55.58,56.79,147300,0.00,0.00,0.00
2022-08-03,57.00,58.28,56.78,58.15,139200,0.00,0.00,0.00
2022-08-04,58.29,58.60,57.89,58.33,109300,0.00,0.00,0.00
2022-08-05,57.19,58.05,56.89,57.30,80400,0.00,0.00,0.00
2022-08-08,57.96,58.68,57.62,57.83,104700,0.00,0.00,0.00
2022-08-09,57.34,57.34,56.06,56.34,223300,0.00,0.00,0.00
2022-08-10,58.03,59.31,57.85,59.16,120800,0.00,0.00,0.00
2022-08-11,59.87,60.61,58.90,58.92,105000,0.00,0.00,0.00
2022-08-12,59.27,60.54,58.57,60.54,81900,0.00,0.00,0.00
2022-08-15,59.76,60.51,59.68,60.36,74800,0.00,0.00,0.00
2022-08-16,60.07,60.75,59.14,60.22,74100,0.00,0.00,0.00
2022-08-17,59.30,59.30,58.13,58.24,81900,0.00,0.00,0.00
2022-08-18,58.34,58.39,57.71,58.18,64400,0.00,0.00,0.00
2022-08-19,57.30,57.33,55.97,56.08,114100,0.00,0.00,0.00
2022-08-22,55.12,55.39,54.18,54.32,92600,0.00,0.00,0.00
2022-08-23,54.34,55.05,53.98,54.08,68100,0.00,0.00,0.00
2022-08-24,54.07,55.42,54.07,54.93,80000,0.00,0.00,0.00
2022-08-25,55.53,56.00,54.99,55.95,70800,0.00,0.00,0.00
2022-08-26,56.23,56.23,53.49,53.54,125100,0.00,0.00,0.00
2022-08-29,52.84,53.55,52.69,52.94,94000,0.00,0.00,0.00
2022-08-30,53.32,53.45,51.73,52.08,84500,0.00,0.00,0.00
2022-08-31,52.50,52.89,51.66,51.96,79700,0.00,0.00,0.00
2022-09-01,51.17,51.24,49.89,51.18,117800,0.00,0.00,0.00
2022-09-02,51.86,51.93,50.03,50.23,79500,0.00,0.00,0.00
2022-09-06,50.29,50.74,49.69,50.24,109400,0.00,0.00,0.00
2022-09-07,49.58,50.68,49.42,50.58,88200,0.00,0.00,0.00
2022-09-08,50.06,51.28,49.78,51.14,138300,0.00,0.00,0.00
2022-09-09,51.83,52.68,51.78,52.58,124500,0.00,0.00,0.00
2022-09-12,52.98,53.26,52.54,53.22,93400,0.00,0.00,0.00
2022-09-13,51.22,51.74,50.72,50.90,102300,0.00,0.00,0.00
2022-09-14,51.07,51.63,50.46,51.46,73300,0.00,0.00,0.00
2022-09-15,51.27,52.15,50.88,51.09,57500,0.00,0.00,0.00
2022-09-16,50.14,50.26,49.53,50.06,97800,0.00,0.00,0.00
2022-09-19,49.46,50.28,49.43,50.19,87700,0.00,0.00,0.00
2022-09-20,49.73,50.04,49.22,49.49,71600,0.00,0.00,0.00
2022-09-21,49.83,50.81,48.94,49.05,137800,0.00,0.00,0.00
2022-09-22,48.98,49.05,47.63,47.92,125300,0.00,0.00,0.00
2022-09-23,47.38,47.40,45.92,46.57,188200,0.00,0.00,0.00
2022-09-26,46.37,47.48,45.99,45.99,118600,0.00,0.00,0.00
2022-09-27,46.88,47.37,45.86,46.38,154900,0.00,0.00,0.00
2022-09-28,46.39,47.80,45.90,47.62,120300,0.00,0.00,0.00
2022-09-29,46.76,46.77,45.13,45.57,213400,0.00,0.00,0.00
2022-09-30,45.29,46.46,45.01,45.07,77900,0.00,0.00,0.00
2022-10-03,45.39,46.13,44.56,45.69,99500,0.00,0.00,0.00
2022-10-04,46.86,47.77,46.86,47.67,114800,0.00,0.00,0.00
2022-10-05,46.77,47.11,46.00,46.87,87600,0.00,0.00,0.00
2022-10-06,46.72,47.60,46.34,46.53,74200,0.00,0.00,0.00
2022-10-07,45.70,45.70,44.21,44.44,93100,0.00,0.00,0.00
2022-10-10,44.50,44.57,43.43,43.68,108700,0.00,0.00,0.00
2022-10-11,43.45,43.98,42.57,43.00,164500,0.00,0.00,0.00
2022-10-12,43.02,43.23,42.25,42.77,167400,0.00,0.00,0.00
2022-10-13,41.45,43.79,41.17,43.66,347500,0.00,0.00,0.00
2022-10-14,44.02,44.21,41.80,41.84,123700,0.00,0.00,0.00
2022-10-17,42.92,43.99,42.85,43.78,87400,0.00,0.00,0.00
2022-10-18,45.20,45.42,43.86,44.24,149200,0.00,0.00,0.00
2022-10-19,43.88,44.21,43.08,43.58,117400,0.00,0.00,0.00
2022-10-20,43.30,44.19,42.91,42.95,191100,0.00,0.00,0.00
2022-10-21,42.74,44.06,42.47,44.06,179900,0.00,0.00,0.00
2022-10-24,43.79,43.98,42.86,43.89,117200,0.00,0.00,0.00
2022-10-25,44.00,45.64,44.00,45.54,108600,0.00,0.00,0.00
2022-10-26,45.09,46.60,45.09,45.58,116000,0.00,0.00,0.00
2022-10-27,46.06,46.45,45.65,45.73,106500,0.00,0.00,0.00
2022-10-28,45.68,46.95,45.29,46.90,181700,0.00,0.00,0.00
2022-10-31,46.23,46.72,45.96,46.39,126100,0.00,0.00,0.00
2022-11-01,46.98,47.39,46.28,46.29,111000,0.00,0.00,0.00
2022-11-02,46.29,46.56,44.34,44.38,135400,0.00,0.00,0.00
2022-11-03,43.64,44.69,43.64,44.10,207200,0.00,0.00,0.00
2022-11-04,44.86,45.02,43.52,44.35,145400,0.00,0.00,0.00
2022-11-07,44.71,44.89,43.98,44.53,111000,0.00,0.00,0.00
2022-11-08,44.67,45.08,43.63,44.19,143100,0.00,0.00,0.00
2022-11-09,43.66,43.66,42.07,42.10,150400,0.00,0.00,0.00
2022-11-10,44.77,45.45,44.07,45.40,150100,0.00,0.00,0.00
2022-11-11,45.28,46.88,45.12,46.65,134800,0.00,0.00,0.00
2022-11-14,46.33,46.33,45.44,45.44,103900,0.00,0.00,0.00
2022-11-15,46.93,47.29,46.50,46.84,79800,0.00,0.00,0.00
2022-11-16,46.46,46.58,45.33,45.43,96900,0.00,0.00,0.00
2022-11-17,44.56,45.07,44.46,44.97,135200,0.00,0.00,0.00
2022-11-18,45.43,45.43,44.48,44.69,60800,0.00,0.00,0.00
2022-11-21,44.38,44.38,43.55,43.64,138500,0.00,0.00,0.00
2022-11-22,43.68,43.85,43.32,43.78,135800,0.00,0.00,0.00
2022-11-23,43.98,45.06,43.98,44.83,84500,0.00,0.00,0.00
2022-11-25,44.76,44.94,44.46,44.88,63400,0.00,0.00,0.00
2022-11-28,44.32,44.72,43.81,43.93,120400,0.00,0.00,0.00
2022-11-29,43.99,44.19,43.51,43.58,98500,0.00,0.00,0.00
2022-11-30,43.89,45.84,43.74,45.81,142800,0.00,0.00,0.00
2022-12-01,45.92,46.40,45.50,46.15,147300,0.00,0.00,0.00
2022-12-02,45.56,46.87,45.56,46.71,113900,0.00,0.00,0.00
2022-12-05,46.33,46.43,44.88,45.11,131100,0.00,0.00,0.00
2022-12-06,45.05,45.11,43.89,44.12,104500,0.00,0.00,0.00
2022-12-07,43.76,44.23,43.42,43.67,108900,0.00,0.00,0.00
2022-12-08,44.01,44.77,43.74,44.51,114000,0.00,0.00,0.00
2022-12-09,44.26,44.77,44.09,44.09,107800,0.00,0.00,0.00
2022-12-12,43.95,44.32,43.77,44.23,157300,0.00,0.00,0.00
2022-12-13,45.94,45.94,43.82,44.11,128700,0.00,0.00,0.00
2022-12-14,43.99,44.41,43.29,43.65,134400,0.00,0.00,0.00
2022-12-15,42.93,43.23,42.30,42.37,152500,0.00,0.00,0.00
2022-12-16,42.00,42.39,41.62,41.94,152800,0.00,0.00,0.00
2022-12-19,42.02,42.02,41.10,41.27,128300,0.00,0.00,0.00
2022-12-20,40.88,41.66,40.79,41.06,192000,0.00,0.00,0.00
2022-12-21,41.38,42.10,41.20,41.84,131500,0.00,0.00,0.00
2022-12-22,41.29,41.29,39.62,40.40,204000,0.00,0.00,0.00
2022-12-23,40.29,40.57,39.84,40.39,137100,0.00,0.00,0.00
2022-12-27,40.21,40.21,39.46,39.53,154000,0.00,0.00,0.00
2022-12-28,39.42,39.96,39.35,39.48,286700,0.00,0.00,0.00
2022-12-29,40.04,40.95,39.90,40.95,214800,0.00,0.00,0.00
2022-12-30,40.36,41.09,40.36,41.01,171600,0.00,0.00,0.00
2023-01-03,41.49,41.82,40.07,40.49,169200,0.00,0.00,0.00
2023-01-04,40.88,41.69,40.75,41.40,82300,0.00,0.00,0.00
2023-01-05,40.98,41.06,40.48,40.76,66000,0.00,0.00,0.00
2023-01-06,40.77,42.08,40.32,42.01,62400,0.00,0.00,0.00
2023-01-09,42.54,43.29,42.21,42.74,84800,0.00,0.00,0.00
2023-01-10,42.64,43.42,42.49,43.41,44900,0.00,0.00,0.00
2023-01-11,43.72,44.03,43.52,44.03,79700,0.00,0.00,0.00
2023-01-12,44.02,44.69,43.46,44.64,73300,0.00,0.00,0.00
2023-01-13,43.95,44.88,43.95,44.85,77600,0.00,0.00,0.00
2023-01-17,44.97,45.51,44.75,45.45,70900,0.00,0.00,0.00
2023-01-18,46.00,46.46,44.76,44.78,80500,0.00,0.00,0.00
2023-01-19,44.31,44.47,43.76,43.90,56900,0.00,0.00,0.00
2023-01-20,44.33,45.24,43.88,45.20,78000,0.00,0.00,0.00
2023-01-23,45.57,46.66,45.53,46.49,91600,0.00,0.00,0.00
2023-01-24,46.05,46.57,45.86,46.18,55600,0.00,0.00,0.00
2023-01-25,45.35,46.25,45.00,46.18,72100,0.00,0.00,0.00
2023-01-26,47.04,47.25,46.37,47.18,54200,0.00,0.00,0.00
2023-01-27,47.09,48.93,47.06,48.59,73000,0.00,0.00,0.00
2023-01-30,48.21,48.46,47.27,47.35,97200,0.00,0.00,0.00
2023-01-31,47.39,48.58,47.39,48.57,53200,0.00,0.00,0.00
2023-02-01,48.67,50.76,48.63,50.37,110400,0.00,0.00,0.00
2023-02-02,51.60,52.52,51.22,51.82,257900,0.00,0.00,0.00
2023-02-03,50.70,52.40,50.55,51.00,100200,0.00,0.00,0.00
2023-02-06,50.89,51.12,50.29,50.49,100000,0.00,0.00,0.00
2023-02-07,50.65,51.17,49.65,50.99,94400,0.00,0.00,0.00
2023-02-08,50.67,51.08,49.94,50.10,57400,0.00,0.00,0.00
2023-02-09,51.03,51.41,49.61,49.87,70200,0.00,0.00,0.00
2023-02-10,49.25,49.54,48.47,48.80,65000,0.00,0.00,0.00
2023-02-13,48.86,49.40,48.25,49.27,81400,0.00,0.00,0.00
2023-02-14,48.94,50.45,48.54,50.33,67600,0.00,0.00,0.00
2023-02-15,50.25,51.50,50.12,51.45,97700,0.00,0.00,0.00
2023-02-16,50.58,51.50,50.12,50.13,99200,0.00,0.00,0.00
2023-02-17,50.02,50.49,49.48,50.46,109500,0.00,0.00,0.00
2023-02-21,49.87,50.18,48.61,48.61,81000,0.00,0.00,0.00
2023-02-22,48.72,49.19,48.15,48.90,66500,0.00,0.00,0.00
2023-02-23,49.53,49.65,48.41,49.25,55000,0.00,0.00,0.00
2023-02-24,48.53,49.03,48.31,48.52,59600,0.00,0.00,0.00
2023-02-27,49.18,49.51,48.92,48.94,109400,0.00,0.00,0.00
2023-02-28,49.04,49.57,48.98,49.06,100800,0.00,0.00,0.00
2023-03-01,49.22,49.42,48.73,48.90,38100,0.00,0.00,0.00
2023-03-02,48.00,49.05,47.77,48.96,78700,0.00,0.00,0.00
2023-03-03,49.37,50.61,49.22,50.37,80400,0.00,0.00,0.00
2023-03-06,50.59,50.74,49.63,49.81,68700,0.00,0.00,0.00
2023-03-07,49.55,49.81,48.89,48.92,63000,0.00,0.00,0.00
2023-03-08,48.89,48.91,48.36,48.68,44500,0.00,0.00,0.00
2023-03-09,48.60,49.18,47.33,47.37,56100,0.00,0.00,0.00
2023-03-10,47.29,47.60,45.99,46.40,127200,0.00,0.00,0.00
2023-03-13,45.74,46.82,45.12,46.37,135400,0.00,0.00,0.00
2023-03-14,47.31,47.54,46.71,47.36,71500,0.00,0.00,0.00
2023-03-15,46.37,46.79,45.80,46.79,84000,0.00,0.00,0.00
2023-03-16,47.15,48.24,46.96,48.09,47100,0.00,0.00,0.00
2023-03-17,47.83,47.94,46.78,47.09,75600,0.00,0.00,0.00
2023-03-20,47.08,47.64,46.76,47.22,63000,0.00,0.00,0.00
2023-03-21,47.86,48.82,47.86,48.63,100900,0.00,0.00,0.00
2023-03-22,48.94,49.12,47.50,47.50,60400,0.00,0.00,0.00
2023-03-23,48.13,48.90,47.36,47.94,110600,0.00,0.00,0.00
2023-03-24,47.63,47.72,47.02,47.69,42100,0.00,0.00,0.00
2023-03-27,48.19,48.37,47.58,47.80,62300,0.00,0.00,0.00
2023-03-28,47.86,47.86,47.20,47.46,46100,0.00,0.00,0.00
2023-03-29,48.08,48.73,47.84,48.73,89300,0.00,0.00,0.00
2023-03-30,49.11,49.47,48.86,48.97,119300,0.00,0.00,0.00
2023-03-31,49.34,50.36,49.11,50.29,64900,0.00,0.00,0.00
2023-04-03,49.80,50.00,49.02,49.58,120900,0.00,0.00,0.00
2023-04-04,49.87,49.88,48.91,49.11,49200,0.00,0.00,0.00
2023-04-05,48.75,48.75,47.50,47.70,63800,0.00,0.00,0.00
2023-04-06,47.37,47.76,47.01,47.58,46400,0.00,0.00,0.00
2023-04-10,47.09,48.06,46.96,48.06,67500,0.00,0.00,0.00
2023-04-11,48.28,48.48,48.16,48.20,54000,0.00,0.00,0.00
2023-04-12,48.84,48.94,47.38,47.39,87700,0.00,0.00,0.00
2023-04-13,47.79,48.19,47.73,47.98,62800,0.00,0.00,0.00
2023-04-14,47.84,48.17,47.18,47.56,86700,0.00,0.00,0.00
2023-04-17,47.49,47.73,47.22,47.70,80000,0.00,0.00,0.00
2023-04-18,48.05,48.07,47.11,47.35,138200,0.00,0.00,0.00
2023-04-19,46.92,47.41,46.78,47.26,57700,0.00,0.00,0.00
2023-04-20,46.32,46.86,46.27,46.46,65000,0.00,0.00,0.00
2023-04-21,46.55,46.79,46.20,46.76,51300,0.00,0.00,0.00
2023-04-24,46.71,46.85,46.20,46.55,59300,0.00,0.00,0.00
2023-04-25,46.10,46.10,45.33,45.33,62400,0.00,0.00,0.00
2023-04-26,45.50,45.73,44.67,44.78,77500,0.00,0.00,0.00
2023-04-27,44.86,45.53,44.84,45.49,86300,0.00,0.00,0.00
2023-04-28,45.43,46.10,45.29,46.06,50800,0.00,0.00,0.00
2023-05-01,45.99,46.45,45.92,46.21,277000,0.00,0.00,0.00
2023-05-02,45.98,45.98,45.08,45.53,80500,0.00,0.00,0.00
2023-05-03,45.59,46.19,45.26,45.28,63900,0.00,0.00,0.00
2023-05-04,45.41,45.41,44.85,45.29,58600,0.00,0.00,0.00
2023-05-05,45.78,46.32,45.78,46.25,56400,0.00,0.00,0.00
2023-05-08,46.45,46.49,46.01,46.31,82300,0.00,0.00,0.00
2023-05-09,46.01,46.35,45.72,46.30,49600,0.00,0.00,0.00
2023-05-10,46.90,47.14,46.27,46.78,111600,0.00,0.00,0.00
2023-05-11,46.87,46.87,46.40,46.82,94600,0.00,0.00,0.00
2023-05-12,47.12,47.18,45.91,46.25,104300,0.00,0.00,0.00
2023-05-15,46.22,46.92,46.17,46.67,54000,0.00,0.00,0.00
2023-05-16,46.57,46.88,46.30,46.57,63600,0.00,0.00,0.00
2023-05-17,46.94,47.88,46.77,47.79,132800,0.00,0.00,0.00
2023-05-18,47.96,48.62,47.73,48.57,94300,0.00,0.00,0.00
2023-05-19,48.87,48.98,48.17,48.29,81800,0.00,0.00,0.00
2023-05-22,48.32,49.65,48.32,49.52,137700,0.00,0.00,0.00
2023-05-23,49.41,49.86,48.74,48.78,70600,0.00,0.00,0.00
2023-05-24,48.22,48.46,47.62,47.95,74200,0.00,0.00,0.00
2023-05-25,48.26,48.50,47.26,47.50,96200,0.00,0.00,0.00
2023-05-26,47.57,49.03,47.57,48.72,92000,0.00,0.00,0.00
2023-05-30,49.70,50.08,49.25,49.60,177200,0.00,0.00,0.00
2023-05-31,49.31,49.69,48.73,49.53,91400,0.00,0.00,0.00
2023-06-01,49.54,50.60,49.04,50.37,397400,0.00,0.00,0.00
2023-06-02,51.33,51.93,51.01,51.75,168300,0.00,0.00,0.00
2023-06-05,51.91,52.27,51.53,52.02,78900,0.00,0.00,0.00
2023-06-06,51.89,53.16,51.73,53.12,156100,0.00,0.00,0.00
2023-06-07,53.61,54.18,52.82,52.97,202900,0.00,0.00,0.00
2023-06-08,52.99,53.49,52.54,53.48,99100,0.00,0.00,0.00
2023-06-09,54.27,54.58,53.33,53.51,150700,0.00,0.00,0.00
2023-06-12,53.94,54.64,53.65,54.55,121500,0.00,0.00,0.00
2023-06-13,55.27,55.91,55.20,55.69,220900,0.00,0.00,0.00
2023-06-14,56.05,56.15,55.02,55.70,138300,0.00,0.00,0.00
2023-06-15,55.22,56.25,55.09,56.05,230100,0.00,0.00,0.00
2023-06-16,56.50,56.50,55.41,55.61,138100,0.00,0.00,0.00
2023-06-20,55.64,55.82,54.76,55.74,136200,0.00,0.00,0.00
2023-06-21,55.53,55.69,54.95,55.06,100500,0.00,0.00,0.00
2023-06-22,54.51,54.64,54.17,54.49,69700,0.00,0.00,0.00
2023-06-23,53.76,53.88,53.26,53.35,233400,0.00,0.00,0.00
2023-06-26,53.19,53.94,52.92,52.93,115500,0.00,0.00,0.00
2023-06-27,53.28,54.46,53.22,54.36,88500,0.00,0.00,0.00
2023-06-28,54.26,55.62,54.26,55.45,115800,0.00,0.00,0.00
2023-06-29,56.03,56.38,55.68,55.97,90700,0.00,0.00,0.00
2023-06-30,56.63,56.90,56.30,56.36,137100,0.00,0.00,0.00
2023-07-03,56.99,57.38,56.58,56.91,89000,0.00,0.00,0.00
2023-07-05,56.68,57.08,56.29,56.90,127000,0.00,0.00,0.00
2023-07-06,56.17,56.17,54.95,55.46,158300,0.00,0.00,0.00
2023-07-07,55.61,56.39,55.61,55.77,95300,0.00,0.00,0.00
2023-07-10,55.81,56.57,55.47,56.57,99500,0.00,0.00,0.00
2023-07-11,56.76,56.99,56.40,56.94,103100,0.00,0.00,0.00
2023-07-12,57.89,57.89,57.07,57.50,91100,0.00,0.00,0.00
2023-07-13,58.09,58.61,57.94,58.55,282500,0.00,0.00,0.00
2023-07-14,58.81,58.81,57.60,57.72,114900,0.00,0.00,0.00
2023-07-17,57.79,59.16,57.79,58.98,173800,0.00,0.00,0.00
2023-07-18,59.18,59.52,59.00,59.41,109800,0.00,0.00,0.00
2023-07-19,59.79,59.83,58.81,59.14,164100,0.00,0.00,0.00
2023-07-20,58.52,58.68,57.19,57.38,186600,0.00,0.00,0.00
2023-07-21,57.90,57.95,56.93,57.09,98900,0.00,0.00,0.00
2023-07-24,57.09,57.64,56.60,57.58,136600,0.00,0.00,0.00
2023-07-25,57.54,57.66,57.23,57.30,78300,0.00,0.00,0.00
2023-07-26,57.29,57.60,56.83,57.17,80000,0.00,0.00,0.00
2023-07-27,57.94,57.99,56.02,56.24,239600,0.00,0.00,0.00
2023-07-28,56.90,57.57,56.77,57.57,189600,0.00,0.00,0.00
2023-07-31,57.94,58.86,57.80,58.86,128600,0.00,0.00,0.00
2023-08-01,58.56,58.56,57.90,58.37,104400,0.00,0.00,0.00
2023-08-02,57.36,57.36,56.23,56.71,112200,0.00,0.00,0.00
2023-08-03,56.27,56.60,55.89,56.32,95200,0.00,0.00,0.00
2023-08-04,56.76,57.38,56.29,56.42,77700,0.00,0.00,0.00
2023-08-07,56.47,56.47,55.39,56.27,153700,0.00,0.00,0.00
2023-08-08,55.49,56.11,54.96,56.04,119700,0.00,0.00,0.00
2023-08-09,56.24,56.24,54.65,54.96,234300,0.00,0.00,0.00
2023-08-10,55.38,56.11,54.77,55.11,125200,0.00,0.00,0.00
2023-08-11,55.18,55.18,54.29,54.47,169100,0.00,0.00,0.00
2023-08-14,54.11,54.96,53.96,54.88,79400,0.00,0.00,0.00
2023-08-15,54.68,54.83,53.74,53.74,148600,0.00,0.00,0.00
2023-08-16,53.28,53.84,52.73,52.74,108200,0.00,0.00,0.00
2023-08-17,52.89,52.89,51.98,51.99,121700,0.00,0.00,0.00
2023-08-18,51.27,52.23,51.25,51.97,94800,0.00,0.00,0.00
2023-08-21,52.26,53.12,52.16,53.02,317800,0.00,0.00,0.00
2023-08-22,53.77,53.78,52.57,53.03,91400,0.00,0.00,0.00
2023-08-23,53.01,54.25,53.01,53.95,63600,0.00,0.00,0.00
2023-08-24,54.36,54.37,52.30,52.30,74400,0.00,0.00,0.00
2023-08-25,52.48,53.04,51.91,52.55,65000,0.00,0.00,0.00
2023-08-28,53.14,53.60,53.09,53.48,55800,0.00,0.00,0.00
2023-08-29,53.48,55.07,53.19,55.07,95000,0.00,0.00,0.00
2023-08-30,55.06,55.55,54.67,55.23,50000,0.00,0.00,0.00
2023-08-31,55.42,56.04,55.39,55.53,71200,0.00,0.00,0.00
2023-09-01,55.96,56.18,54.97,55.19,151100,0.00,0.00,0.00
2023-09-05,55.03,55.16,54.59,55.00,63100,0.00,0.00,0.00
2023-09-06,55.18,55.58,54.61,54.92,61200,0.00,0.00,0.00
2023-09-07,54.24,54.61,53.72,54.57,57700,0.00,0.00,0.00
2023-09-08,54.62,54.91,54.25,54.48,55700,0.00,0.00,0.00
2023-09-11,55.24,55.69,54.91,55.56,77000,0.00,0.00,0.00
2023-09-12,55.10,55.76,54.80,54.80,59500,0.00,0.00,0.00
2023-09-13,54.84,55.00,54.44,54.70,49700,0.00,0.00,0.00
2023-09-14,54.97,55.34,54.73,55.12,42100,0.00,0.00,0.00
2023-09-15,55.04,55.15,54.21,54.44,55400,0.00,0.00,0.00
2023-09-18,54.10,54.72,53.90,54.35,104700,0.00,0.00,0.00
2023-09-19,54.14,54.49,53.84,54.19,42500,0.00,0.00,0.00
2023-09-20,54.41,54.76,53.47,53.53,72400,0.00,0.00,0.00
2023-09-21,52.73,52.84,52.04,52.04,92200,0.00,0.00,0.00
2023-09-22,52.35,52.46,51.60,51.65,52400,0.00,0.00,0.00
2023-09-25,51.30,51.77,51.19,51.61,94000,0.00,0.00,0.00
2023-09-26,51.14,51.65,50.82,50.87,49900,0.00,0.00,0.00
2023-09-27,51.03,51.42,50.54,51.06,75100,0.00,0.00,0.00
2023-09-28,50.98,52.27,50.98,51.94,61700,0.00,0.00,0.00
2023-09-29,52.56,53.04,52.33,52.46,40700,0.00,0.00,0.00
2023-10-02,52.42,52.72,51.83,52.13,101200,0.00,0.00,0.00
2023-10-03,51.70,51.91,50.73,50.87,77900,0.00,0.00,0.00
2023-10-04,51.03,51.88,50.73,51.78,69700,0.00,0.00,0.00
2023-10-05,51.65,51.87,51.06,51.41,55700,0.00,0.00,0.00
2023-10-06,50.90,52.31,50.79,52.08,52800,0.00,0.00,0.00
2023-10-09,51.73,52.79,51.62,52.62,59500,0.00,0.00,0.00
2023-10-10,52.83,53.97,52.83,53.41,78600,0.00,0.00,0.00
2023-10-11,53.91,53.91,52.73,53.12,58300,0.00,0.00,0.00
2023-10-12,53.08,53.35,51.54,51.86,54100,0.00,0.00,0.00
2023-10-13,52.07,52.07,51.10,51.24,65800,0.00,0.00,0.00
2023-10-16,51.29,52.15,51.15,52.01,39400,0.00,0.00,0.00
2023-10-17,51.45,52.91,51.40,52.54,47600,0.00,0.00,0.00
2023-10-18,52.01,52.05,51.20,51.22,50000,0.00,0.00,0.00
2023-10-19,50.98,50.98,49.74,49.88,91200,0.00,0.00,0.00
2023-10-20,49.69,49.76,48.97,49.06,69700,0.00,0.00,0.00
2023-10-23,48.62,49.57,48.17,48.85,97300,0.00,0.00,0.00
2023-10-24,49.12,49.60,48.94,49.14,66800,0.00,0.00,0.00
2023-10-25,48.84,48.84,47.79,47.81,49600,0.00,0.00,0.00
2023-10-26,47.79,48.10,47.12,47.24,119400,0.00,0.00,0.00
2023-10-27,47.78,47.78,46.46,46.64,86000,0.00,0.00,0.00
2023-10-30,46.91,47.12,46.06,46.59,83000,0.00,0.00,0.00
2023-10-31,46.46,47.14,46.40,47.00,41100,0.00,0.00,0.00
2023-11-01,47.10,47.16,46.26,46.89,45800,0.00,0.00,0.00
2023-11-02,47.77,48.94,47.77,48.94,112000,0.00,0.00,0.00
2023-11-03,49.44,50.03,49.44,49.78,64000,0.00,0.00,0.00
2023-11-06,49.99,50.19,48.84,49.24,69700,0.00,0.00,0.00
2023-11-07,49.23,49.72,48.93,49.61,59600,0.00,0.00,0.00
2023-11-08,49.85,50.06,49.35,49.40,56200,0.00,0.00,0.00
2023-11-09,49.69,49.69,48.52,48.63,84200,0.00,0.00,0.00
2023-11-10,48.52,49.34,48.18,49.27,60800,0.00,0.00,0.00
2023-11-13,49.24,49.92,48.97,49.71,58500,0.00,0.00,0.00
2023-11-14,51.24,52.05,51.07,51.98,78500,0.00,0.00,0.00
2023-11-15,52.26,53.34,52.10,52.80,96900,0.00,0.00,0.00
2023-11-16,52.30,52.40,51.51,51.74,54700,0.00,0.00,0.00
2023-11-17,51.87,52.27,51.76,52.25,66700,0.00,0.00,0.00
2023-11-20,52.34,52.79,52.17,52.66,57400,0.00,0.00,0.00
2023-11-21,52.39,52.42,51.80,51.93,34600,0.00,0.00,0.00
2023-11-22,52.30,52.52,51.82,52.04,46900,0.00,0.00,0.00
2023-11-24,52.02,52.71,52.02,52.52,27800,0.00,0.00,0.00
2023-11-27,52.30,52.49,52.09,52.32,51600,0.00,0.00,0.00
2023-11-28,52.23,52.79,52.00,52.79,76400,0.00,0.00,0.00
2023-11-29,53.24,53.81,52.84,53.09,75200,0.00,0.00,0.00
2023-11-30,53.29,53.29,52.60,52.81,75700,0.00,0.00,0.00
2023-12-01,53.22,55.09,53.01,55.04,109300,0.00,0.00,0.00
2023-12-04,54.32,55.20,54.32,55.19,95600,0.00,0.00,0.00
2023-12-05,54.85,55.20,54.45,54.61,64500,0.00,0.00,0.00
2023-12-06,54.92,55.25,53.99,54.00,66300,0.00,0.00,0.00
2023-12-07,54.20,54.49,53.68,54.46,54100,0.00,0.00,0.00
2023-12-08,54.28,55.28,54.20,55.18,80600,0.00,0.00,0.00
2023-12-11,55.07,55.29,54.74,55.10,76100,0.00,0.00,0.00
2023-12-12,55.01,55.16,54.62,55.02,54600,0.00,0.00,0.00
2023-12-13,54.85,56.19,54.17,56.06,114500,0.00,0.00,0.00
2023-12-14,56.96,57.75,56.90,57.58,184800,0.00,0.00,0.00
2023-12-15,57.52,57.77,56.95,57.26,90800,0.00,0.00,0.00
2023-12-18,57.06,57.51,56.94,57.09,106500,0.00,0.00,0.00
2023-12-19,57.37,58.07,57.37,58.07,135600,0.00,0.00,0.00
2023-12-20,57.78,58.10,56.21,56.29,121200,0.00,0.00,0.00
2023-12-21,57.00,57.47,56.81,57.47,80900,0.00,0.00,0.00
2023-12-22,57.80,58.12,57.56,57.84,102500,0.00,0.00,0.00
2023-12-26,58.01,58.95,58.01,58.82,102900,0.00,0.00,0.00
2023-12-27,58.90,59.14,58.66,58.84,107500,0.00,0.00,0.00
2023-12-28,58.88,59.04,58.39,58.57,108500,0.00,0.00,0.00
2023-12-29,58.41,58.65,57.55,57.70,97300,0.00,0.00,0.00
2024-01-02,57.24,57.25,56.13,56.43,144500,0.00,0.00,0.00
2024-01-03,55.63,55.64,54.40,54.42,118100,0.00,0.00,0.00
2024-01-04,54.37,55.06,54.37,54.63,86800,0.00,0.00,0.00
2024-01-05,54.58,55.10,54.31,54.41,58600,0.00,0.00,0.00
2024-01-08,54.39,55.53,54.38,55.46,97000,0.00,0.00,0.00
2024-01-09,55.11,55.14,54.47,54.79,83000,0.00,0.00,0.00
2024-01-10,54.95,55.28,54.64,55.03,50900,0.00,0.00,0.00
2024-01-11,55.01,55.13,53.98,54.57,124500,0.00,0.00,0.00
2024-01-12,54.65,55.13,54.19,54.30,75400,0.00,0.00,0.00
2024-01-16,53.94,54.12,53.42,53.70,122500,0.00,0.00,0.00
2024-01-17,53.12,53.12,52.60,53.07,82300,0.00,0.00,0.00
2024-01-18,53.64,53.76,52.88,53.52,74000,0.00,0.00,0.00
2024-01-19,53.70,54.00,53.08,53.95,118700,0.00,0.00,0.00
2024-01-22,54.47,55.48,54.41,54.75,122600,0.00,0.00,0.00
2024-01-23,55.29,55.46,54.68,54.87,92800,0.00,0.00,0.00
2024-01-24,55.40,55.40,53.95,53.95,100700,0.00,0.00,0.00
2024-01-25,53.97,54.00,53.09,53.43,103700,0.00,0.00,0.00
2024-01-26,53.45,53.85,52.88,52.94,87100,0.00,0.00,0.00
2024-01-29,53.00,54.31,52.97,54.23,88100,0.00,0.00,0.00
2024-01-30,54.11,54.25,53.54,53.70,76400,0.00,0.00,0.00
2024-01-31,52.92,53.91,52.45,52.45,102000,0.00,0.00,0.00
2024-02-01,52.70,52.86,51.96,52.72,156000,0.00,0.00,0.00
2024-02-02,52.49,53.02,52.06,52.92,104400,0.00,0.00,0.00
2024-02-05,52.78,52.78,51.64,52.23,116400,0.00,0.00,0.00
2024-02-06,52.28,53.11,52.28,53.10,100600,0.00,0.00,0.00
2024-02-07,53.43,53.43,52.87,53.21,160400,0.00,0.00,0.00
2024-02-08,53.24,54.04,53.00,53.88,104900,0.00,0.00,0.00
2024-02-09,54.19,55.02,54.16,54.90,89800,0.00,0.00,0.00
2024-02-12,54.97,56.04,54.97,55.52,117600,0.00,0.00,0.00
2024-02-13,53.94,54.54,53.30,53.76,109300,0.00,0.00,0.00
2024-02-14,54.53,55.96,54.53,55.89,153600,0.00,0.00,0.00
2024-02-15,56.31,56.53,55.58,56.03,175200,0.00,0.00,0.00
2024-02-16,55.58,56.03,55.25,55.42,117300,0.00,0.00,0.00
2024-02-20,54.81,55.14,53.96,54.35,118000,0.00,0.00,0.00
2024-02-21,54.00,54.20,53.54,53.88,66900,0.00,0.00,0.00
2024-02-22,54.78,54.78,53.85,54.12,127000,0.00,0.00,0.00
2024-02-23,54.00,54.10,53.51,53.55,452000,0.00,0.00,0.00
2024-02-26,53.68,54.57,53.59,54.42,171300,0.00,0.00,0.00
2024-02-27,54.60,54.85,54.25,54.60,151400,0.00,0.00,0.00
2024-02-28,54.11,54.35,53.75,53.95,110800,0.00,0.00,0.00
2024-02-29,54.45,54.71,54.08,54.35,105800,0.00,0.00,0.00
2024-03-01,54.51,55.12,54.00,54.79,177000,0.00,0.00,0.00
2024-03-04,55.00,55.03,54.28,54.39,196400,0.00,0.00,0.00
2024-03-05,54.02,54.59,53.69,53.87,155500,0.00,0.00,0.00
2024-03-06,54.45,55.30,54.18,54.76,108400,0.00,0.00,0.00
2024-03-07,55.06,55.76,55.05,55.58,89100,0.00,0.00,0.00
2024-03-08,55.96,56.47,54.93,55.16,79400,0.00,0.00,0.00
2024-03-11,54.90,55.62,54.90,55.00,134600,0.00,0.00,0.00
2024-03-12,54.99,55.38,54.21,55.07,140700,0.00,0.00,0.00
2024-03-13,54.77,55.30,54.33,54.38,124000,0.00,0.00,0.00
2024-03-14,54.50,54.76,52.65,53.06,154300,0.00,0.00,0.00
2024-03-15,52.90,53.50,52.90,52.93,270200,0.00,0.00,0.00
2024-03-18,53.52,53.52,52.94,53.20,103600,0.00,0.00,0.00
2024-03-19,52.83,53.38,52.53,53.23,87100,0.00,0.00,0.00
2024-03-20,53.31,54.51,53.24,54.29,104400,0.00,0.00,0.00
2024-03-21,54.85,55.16,54.70,54.80,84500,0.00,0.00,0.00
2024-03-22,54.42,54.65,54.03,54.20,97400,0.00,0.00,0.00
2024-03-25,53.93,54.52,53.93,54.21,84500,0.00,0.00,0.00
2024-03-26,54.44,54.75,54.07,54.08,92300,0.00,0.00,0.00
2024-03-27,54.54,54.71,53.77,54.71,163500,0.00,0.00,0.00
2024-03-28,54.40,54.85,54.40,54.71,64000,0.00,0.00,0.00
2024-04-01,54.79,54.96,54.17,54.52,87200,0.00,0.00,0.00
2024-04-02,53.60,53.60,53.20,53.34,117100,0.00,0.00,0.00
2024-04-03,53.02,53.77,53.02,53.59,60400,0.00,0.00,0.00
2024-04-04,54.12,54.41,52.86,52.91,118700,0.00,0.00,0.00
2024-04-05,52.84,53.49,52.71,53.06,63500,0.00,0.00,0.00
2024-04-08,53.47,54.19,53.47,53.88,81200,0.00,0.00,0.00
2024-04-09,54.05,54.47,53.85,54.34,67300,0.00,0.00,0.00
2024-04-10,52.92,53.41,52.85,53.18,125900,0.00,0.00,0.00
2024-04-11,53.27,53.92,52.93,53.76,68500,0.00,0.00,0.00
2024-04-12,53.17,53.42,52.32,52.50,66300,0.00,0.00,0.00
2024-04-15,52.90,52.90,51.11,51.26,107200,0.00,0.00,0.00
2024-04-16,50.90,51.33,50.51,50.95,129400,0.00,0.00,0.00
2024-04-17,51.17,51.24,50.26,50.36,112700,0.00,0.00,0.00
2024-04-18,50.35,50.97,50.19,50.21,57200,0.00,0.00,0.00
2024-04-19,50.03,50.45,49.69,49.86,74700,0.00,0.00,0.00
2024-04-22,49.99,50.39,49.44,50.17,60800,0.00,0.00,0.00
2024-04-23,50.28,51.27,50.28,51.05,82000,0.00,0.00,0.00
2024-04-24,52.03,52.14,51.10,51.70,105700,0.00,0.00,0.00
2024-04-25,51.22,52.08,50.99,52.05,68900,0.00,0.00,0.00
2024-04-26,52.71,53.57,52.65,53.36,87100,0.00,0.00,0.00
2024-04-29,54.10,54.79,54.00,54.73,107400,0.00,0.00,0.00
2024-04-30,54.24,54.54,53.31,53.31,65800,0.00,0.00,0.00
2024-05-01,53.08,54.39,52.91,53.16,84400,0.00,0.00,0.00
2024-05-02,53.80,54.03,52.91,53.84,40700,0.00,0.00,0.00
2024-05-03,54.57,54.68,53.73,54.11,124900,0.00,0.00,0.00
2024-05-06,54.59,55.06,54.55,55.03,71200,0.00,0.00,0.00
2024-05-07,54.90,55.01,54.50,54.57,66200,0.00,0.00,0.00
2024-05-08,54.02,54.49,53.90,54.48,96500,0.00,0.00,0.00
2024-05-09,54.41,54.67,54.26,54.63,61200,0.00,0.00,0.00
2024-05-10,54.82,55.00,54.07,54.17,38400,0.00,0.00,0.00
2024-05-13,54.45,55.30,54.45,54.51,61400,0.00,0.00,0.00
2024-05-14,54.75,55.90,54.75,55.79,67300,0.00,0.00,0.00
2024-05-15,56.00,56.46,55.86,56.16,69100,0.00,0.00,0.00
2024-05-16,55.91,56.22,55.70,55.70,62000,0.00,0.00,0.00
2024-05-17,55.84,56.21,55.73,56.19,66300,0.00,0.00,0.00
2024-05-20,56.34,56.72,56.21,56.63,59300,0.00,0.00,0.00
2024-05-21,56.26,56.75,56.26,56.71,52600,0.00,0.00,0.00
2024-05-22,56.53,56.79,55.90,56.20,90400,0.00,0.00,0.00
2024-05-23,56.75,56.77,55.09,55.32,69700,0.00,0.00,0.00
2024-05-24,55.53,56.20,55.51,56.11,71800,0.00,0.00,0.00
2024-05-28,56.12,56.32,55.72,56.04,93000,0.00,0.00,0.00
2024-05-29,55.36,55.65,55.24,55.31,110500,0.00,0.00,0.00
2024-05-30,54.23,54.58,54.09,54.27,115900,0.00,0.00,0.00
2024-05-31,54.54,54.78,53.62,54.55,114600,0.00,0.00,0.00
2024-06-03,54.84,55.06,53.68,54.24,69000,0.00,0.00,0.00
2024-06-04,53.86,54.21,53.75,53.89,65500,0.00,0.00,0.00
2024-06-05,54.16,54.91,54.16,54.91,66000,0.00,0.00,0.00
2024-06-06,54.72,55.02,54.57,54.74,70000,0.00,0.00,0.00
2024-06-07,54.26,54.62,53.89,54.11,87700,0.00,0.00,0.00
2024-06-10,53.73,54.44,53.73,54.29,40200,0.00,0.00,0.00
2024-06-11,54.00,54.20,53.54,54.16,60300,0.00,0.00,0.00
2024-06-12,55.05,55.65,54.92,55.01,98800,0.00,0.00,0.00
2024-06-13,55.34,55.45,54.56,54.67,106000,0.00,0.00,0.00
2024-06-14,54.39,54.39,53.79,54.10,69400,0.00,0.00,0.00
2024-06-17,53.92,54.76,53.70,54.61,90200,0.00,0.00,0.00
2024-06-18,54.64,55.21,54.64,55.17,82900,0.00,0.00,0.00
2024-06-20,55.20,55.20,54.19,54.45,110500,0.00,0.00,0.00
2024-06-21,54.29,54.73,53.97,54.69,154500,0.00,0.00,0.00
2024-06-24,54.56,55.26,54.28,54.28,92100,0.00,0.00,0.00
2024-06-25,54.34,54.53,54.12,54.51,99500,0.00,0.00,0.00
2024-06-26,54.13,54.96,54.13,54.86,69300,0.00,0.00,0.00
2024-06-27,54.53,55.01,54.38,54.95,114900,0.00,0.00,0.00
2024-06-28,55.34,55.66,54.66,55.09,98900,0.00,0.00,0.00
2024-07-01,55.10,55.40,54.87,55.03,100000,0.00,0.00,0.00
2024-07-02,54.97,56.45,54.97,56.45,96900,0.00,0.00,0.00
2024-07-03,56.53,57.62,56.53,57.52,81700,0.00,0.00,0.00
2024-07-05,57.91,58.10,57.35,58.05,131000,0.00,0.00,0.00
2024-07-08,58.09,58.84,58.09,58.43,108100,0.00,0.00,0.00
2024-07-09,58.20,58.38,57.99,58.05,163500,0.00,0.00,0.00
2024-07-10,58.31,58.97,58.19,58.94,139600,0.00,0.00,0.00
2024-07-11,59.21,59.79,58.27,58.36,113300,0.00,0.00,0.00
2024-07-12,58.50,59.82,58.50,59.40,78600,0.00,0.00,0.00
2024-07-15,60.00,60.44,59.68,59.86,122400,0.00,0.00,0.00
2024-07-16,60.27,60.86,59.74,60.82,65300,0.00,0.00,0.00
2024-07-17,59.60,60.43,59.00,59.04,78500,0.00,0.00,0.00
2024-07-18,59.40,59.80,58.01,58.25,139500,0.00,0.00,0.00
2024-07-19,58.28,58.28,57.20,57.30,52600,0.00,0.00,0.00
2024-07-22,57.88,58.85,57.67,58.69,147800,0.00,0.00,0.00
2024-07-23,58.70,59.36,58.70,59.00,46600,0.00,0.00,0.00
2024-07-24,57.68,57.87,55.98,56.03,64800,0.00,0.00,0.00
2024-07-25,55.32,56.84,54.84,55.60,83000,0.00,0.00,0.00
2024-07-26,56.34,56.59,55.76,56.49,43500,0.00,0.00,0.00
2024-07-29,56.82,57.25,56.23,56.45,48900,0.00,0.00,0.00
2024-07-30,56.25,56.40,54.70,54.99,127100,0.00,0.00,0.00
2024-07-31,56.15,57.26,56.07,56.53,76800,0.00,0.00,0.00
2024-08-01,56.14,56.39,53.59,54.04,76100,0.00,0.00,0.00
2024-08-02,52.57,52.63,51.79,52.16,131800,0.00,0.00,0.00
2024-08-05,48.25,51.58,48.25,50.75,311700,0.00,0.00,0.00
2024-08-06,51.44,52.03,50.56,51.27,95400,0.00,0.00,0.00
2024-08-07,52.24,52.43,50.38,50.42,50800,0.00,0.00,0.00
2024-08-08,51.29,52.50,50.57,52.21,57800,0.00,0.00,0.00
2024-08-09,52.18,52.43,51.83,52.19,34800,0.00,0.00,0.00
2024-08-12,52.38,52.54,51.73,52.01,382600,0.00,0.00,0.00
2024-08-13,52.40,53.32,52.26,53.32,224000,0.00,0.00,0.00
2024-08-14,53.46,53.48,52.60,52.89,89000,0.00,0.00,0.00
2024-08-15,53.72,54.95,53.72,54.91,91500,0.00,0.00,0.00
2024-08-16,54.98,55.99,54.76,55.67,93700,0.00,0.00,0.00
2024-08-19,55.85,56.55,55.60,56.55,71500,0.00,0.00,0.00
2024-08-20,56.53,56.62,55.48,55.65,70400,0.00,0.00,0.00
2024-08-21,55.81,56.54,55.63,56.35,42600,0.00,0.00,0.00
2024-08-22,56.55,56.73,55.17,55.20,73700,0.00,0.00,0.00
2024-08-23,55.96,56.84,55.68,56.79,78900,0.00,0.00,0.00
2024-08-26,56.78,56.93,55.88,55.98,48100,0.00,0.00,0.00
2024-08-27,55.56,55.84,55.23,55.57,37400,0.00,0.00,0.00
2024-08-28,55.48,56.00,54.70,54.96,74600,0.00,0.00,0.00
2024-08-29,55.38,56.59,55.38,55.56,97000,0.00,0.00,0.00
2024-08-30,56.08,56.25,55.40,56.23,48900,0.00,0.00,0.00
2024-09-03,55.72,55.88,53.95,54.09,76100,0.00,0.00,0.00
2024-09-04,53.78,55.38,53.78,54.67,76800,0.00,0.00,0.00
2024-09-05,54.74,55.41,54.59,54.80,57900,0.00,0.00,0.00
2024-09-06,54.97,55.14,52.71,52.71,47000,0.00,0.00,0.00
2024-09-09,53.39,54.15,53.34,53.70,58600,0.00,0.00,0.00
2024-09-10,54.06,54.37,53.29,54.32,69700,0.00,0.00,0.00
2024-09-11,54.42,55.62,53.49,55.61,69600,0.00,0.00,0.00
2024-09-12,55.44,56.11,55.12,55.74,71400,0.00,0.00,0.00
2024-09-13,55.96,56.82,55.96,56.76,67000,0.00,0.00,0.00
2024-09-16,56.57,56.57,55.82,56.20,58200,0.00,0.00,0.00
2024-09-17,56.58,57.05,56.24,56.37,45400,0.00,0.00,0.00
2024-09-18,56.51,57.70,56.25,56.25,51800,0.00,0.00,0.00
2024-09-19,57.57,58.10,57.25,57.84,78900,0.00,0.00,0.00
2024-09-20,57.72,57.98,57.40,57.84,45200,0.00,0.00,0.00
2024-09-23,58.28,58.90,58.28,58.83,60800,0.00,0.00,0.00
2024-09-24,59.20,59.42,58.70,59.29,67100,0.00,0.00,0.00
2024-09-25,59.14,60.00,59.14,59.61,135000,0.00,0.00,0.00
2024-09-26,60.67,60.90,59.78,60.33,50200,0.00,0.00,0.00
2024-09-27,60.64,61.49,60.64,61.06,77700,0.00,0.00,0.00
2024-09-30,60.82,61.20,60.22,60.92,117900,0.00,0.00,0.00
2024-10-01,61.00,61.27,59.92,60.73,106100,0.00,0.00,0.00
2024-10-02,60.45,61.78,60.34,61.50,116700,0.00,0.00,0.00
2024-10-03,61.17,61.49,60.40,60.57,49200,0.00,0.00,0.00
2024-10-04,61.52,61.70,60.89,61.64,60600,0.00,0.00,0.00
2024-10-07,61.66,61.72,60.87,61.17,56200,0.00,0.00,0.00
2024-10-08,61.04,61.57,61.04,61.22,63300,0.00,0.00,0.00
2024-10-09,61.05,61.62,60.89,61.36,61600,0.00,0.00,0.00
2024-10-10,61.04,61.19,60.45,60.91,62500,0.00,0.00,0.00
2024-10-11,60.20,61.28,60.20,61.13,60700,0.00,0.00,0.00
2024-10-14,61.32,61.71,61.03,61.54,52000,0.00,0.00,0.00
2024-10-15,61.49,61.66,60.60,60.89,45400,0.00,0.00,0.00
2024-10-16,61.29,62.15,61.25,62.11,57200,0.00,0.00,0.00
2024-10-17,62.67,62.92,62.23,62.33,70300,0.00,0.00,0.00
2024-10-18,62.60,63.14,62.54,62.65,57900,0.00,0.00,0.00
2024-10-21,62.50,63.09,62.05,62.56,77100,0.00,0.00,0.00
2024-10-22,62.15,62.28,61.68,62.07,36300,0.00,0.00,0.00
2024-10-23,61.76,62.10,60.72,61.26,63600,0.00,0.00,0.00
2024-10-24,62.57,62.87,62.17,62.35,54200,0.00,0.00,0.00
2024-10-25,62.46,63.21,62.46,62.89,48600,0.00,0.00,0.00
2024-10-28,63.29,64.03,63.15,63.66,58000,0.00,0.00,0.00
2024-10-29,63.64,63.90,63.26,63.89,64400,0.00,0.00,0.00
2024-10-30,63.30,63.87,62.68,62.68,72600,0.00,0.00,0.00
2024-10-31,62.23,62.28,60.85,60.98,71000,0.00,0.00,0.00
2024-11-01,61.50,62.09,61.46,61.64,32500,0.00,0.00,0.00
2024-11-04,61.21,61.77,60.81,61.17,64700,0.00,0.00,0.00
2024-11-05,61.68,62.45,61.68,62.41,38000,0.00,0.00,0.00
2024-11-06,64.79,65.94,64.38,65.89,119200,0.00,0.00,0.00
2024-11-07,66.28,67.32,66.28,66.91,73200,0.00,0.00,0.00
2024-11-08,66.97,68.48,66.83,68.27,119700,0.00,0.00,0.00
2024-11-11,70.23,70.96,69.43,70.72,117100,0.00,0.00,0.00
2024-11-12,70.07,70.37,68.49,69.26,115100,0.00,0.00,0.00
2024-11-13,71.28,72.07,70.13,70.24,163300,0.00,0.00,0.00
2024-11-14,70.35,70.50,67.94,68.00,139600,0.00,0.00,0.00
2024-11-15,67.51,67.90,67.14,67.53,87800,0.00,0.00,0.00
2024-11-18,68.51,69.13,67.85,68.64,133500,0.00,0.00,0.00
2024-11-19,67.97,70.01,67.97,69.94,153100,0.00,0.00,0.00
2024-11-20,69.94,70.14,68.76,69.73,87800,0.00,0.00,0.00
2024-11-21,70.15,71.94,69.50,71.69,98800,0.00,0.00,0.00
2024-11-22,72.08,73.23,72.05,73.16,89000,0.00,0.00,0.00
2024-11-25,74.96,75.19,73.75,74.17,157400,0.00,0.00,0.00
2024-11-26,74.05,75.06,73.59,74.26,90900,0.00,0.00,0.00
2024-11-27,74.52,75.57,73.75,74.47,63700,0.00,0.00,0.00
2024-11-29,75.45,77.09,75.20,76.76,89600,0.00,0.00,0.00
2024-12-02,77.59,77.59,75.07,75.55,114100,0.00,0.00,0.00
2024-12-03,74.24,75.21,74.23,74.61,121000,0.00,0.00,0.00
2024-12-04,75.19,76.31,74.74,76.14,73800,0.00,0.00,0.00
2024-12-05,76.12,77.05,76.05,76.20,102500,0.00,0.00,0.00
2024-12-06,77.24,78.47,76.64,78.44,91500,0.00,0.00,0.00
2024-12-09,79.36,79.36,76.70,77.45,115500,0.00,0.00,0.00
2024-12-10,77.40,78.16,76.64,76.81,115500,0.00,0.00,0.00
2024-12-11,77.50,77.99,76.37,77.81,63900,0.00,0.00,0.00
2024-12-12,77.28,77.92,76.93,77.01,62200,0.00,0.00,0.00
2024-12-13,77.50,78.56,77.01,78.56,72300,0.00,0.00,0.00
2024-12-16,79.50,81.43,78.57,81.17,216400,0.00,0.00,0.00
2024-12-17,81.26,81.30,79.90,81.11,96900,0.00,0.00,0.00
2024-12-18,81.11,82.51,76.41,77.14,187300,0.00,0.00,0.00
2024-12-19,78.42,79.02,76.16,76.92,155000,0.00,0.00,0.00
2024-12-20,75.72,79.49,75.32,78.08,98300,0.00,0.00,0.00
2024-12-23,78.55,79.19,77.51,78.85,131900,0.00,0.00,0.00
2024-12-24,79.27,81.40,78.92,81.35,75500,0.00,0.00,0.00
2024-12-26,81.50,82.43,80.66,82.20,90000,0.00,0.00,0.00
2024-12-27,81.75,81.87,79.48,80.39,135600,0.00,0.00,0.00
2024-12-30,78.76,79.22,77.34,78.55,106600,0.00,0.00,0.00
2024-12-31,79.03,79.30,76.96,77.25,133600,0.00,0.00,0.00
2025-01-02,77.41,77.67,75.62,76.52,154300,0.00,0.00,0.00
2025-01-03,77.07,81.36,77.07,81.28,125800,0.00,0.00,0.00
2025-01-06,83.03,83.74,82.25,82.75,192600,0.00,0.00,0.00
2025-01-07,83.69,84.84,80.68,81.24,265100,0.00,0.00,0.00
2025-01-08,80.35,80.56,78.45,79.95,270700,0.00,0.00,0.00
2025-01-10,78.42,78.89,77.02,77.96,229500,0.00,0.00,0.00
2025-01-13,76.51,77.03,75.65,76.84,216500,0.00,0.00,0.00
2025-01-14,78.45,79.00,76.91,77.54,104200,0.00,0.00,0.00
2025-01-15,79.69,80.67,79.20,80.21,133900,0.00,0.00,0.00
2025-01-16,80.89,80.94,79.95,80.30,118900,0.00,0.00,0.00
2025-01-17,81.43,82.10,80.90,81.02,115600,0.00,0.00,0.00
2025-01-21,81.78,84.38,81.39,84.38,179900,0.00,0.00,0.00
2025-01-22,84.32,84.88,84.04,84.25,152300,0.00,0.00,0.00
2025-01-23,83.63,84.93,83.32,84.93,115100,0.00,0.00,0.00
2025-01-24,85.17,86.25,84.61,84.81,227700,0.00,0.00,0.00
2025-01-27,81.69,82.41,79.96,80.95,228100,0.00,0.00,0.00
2025-01-28,81.43,82.16,80.26,81.95,84600,0.00,0.00,0.00
2025-01-29,81.80,82.25,80.26,80.98,112000,0.00,0.00,0.00
2025-01-30,81.63,82.33,80.30,81.80,148900,0.00,0.00,0.00
2025-01-31,82.23,84.36,81.72,82.00,132200,0.00,0.00,0.00
2025-02-03,79.05,80.82,78.43,80.39,331100,0.00,0.00,0.00
2025-02-04,81.51,82.86,81.50,82.80,139900,0.00,0.00,0.00
2025-02-05,82.47,83.00,81.88,82.52,78600,0.00,0.00,0.00
2025-02-06,82.53,82.59,80.87,81.79,114000,0.00,0.00,0.00
2025-02-07,81.81,83.25,80.95,81.14,113800,0.00,0.00,0.00
2025-02-10,81.59,83.01,81.51,82.76,81800,0.00,0.00,0.00
2025-02-11,81.65,82.00,80.12,80.18,103500,0.00,0.00,0.00
2025-02-12,79.21,80.95,79.00,80.00,118500,0.00,0.00,0.00
2025-02-13,80.73,81.75,80.50,81.54,87400,0.00,0.00,0.00
2025-02-14,81.84,81.92,80.97,81.86,85900,0.00,0.00,0.00
2025-02-18,82.57,83.73,81.75,82.37,99800,0.00,0.00,0.00
2025-02-19,82.47,82.50,81.01,81.23,97600,0.00,0.00,0.00
2025-02-20,81.00,81.00,78.28,80.12,193000,0.00,0.00,0.00
2025-02-21,80.75,80.89,76.59,76.91,171200,0.00,0.00,0.00
2025-02-24,76.90,76.90,73.96,74.65,220700,0.00,0.00,0.00
2025-02-25,74.11,74.46,71.92,72.80,141700,0.00,0.00,0.00
2025-02-26,73.77,74.72,73.09,73.63,65200,0.00,0.00,0.00
2025-02-27,74.67,74.99,71.77,71.87,131800,0.00,0.00,0.00
2025-02-28,70.04,72.94,69.78,72.86,195100,0.00,0.00,0.00
2025-03-03,73.98,74.26,69.48,70.12,178100,0.00,0.00,0.00
2025-03-04,68.43,71.81,67.64,69.96,158200,0.00,0.00,0.00
2025-03-05,69.89,72.12,69.43,71.87,83800,0.00,0.00,0.00
2025-03-06,70.41,71.28,68.79,69.28,105700,0.00,0.00,0.00
2025-03-07,68.79,70.18,67.38,69.99,110700,0.00,0.00,0.00
2025-03-10,68.43,68.91,65.78,66.56,155100,0.00,0.00,0.00
2025-03-11,65.75,67.02,64.70,65.88,112400,0.00,0.00,0.00
2025-03-12,67.86,68.00,66.29,67.22,97500,0.00,0.00,0.00
2025-03-13,66.92,67.24,65.23,65.76,93800,0.00,0.00,0.00
2025-03-14,66.90,68.52,66.90,68.45,134500,0.00,0.00,0.00
2025-03-17,68.56,69.82,68.52,69.31,79900,0.00,0.00,0.00
2025-03-18,68.44,68.51,67.63,67.98,110200,0.00,0.00,0.00
2025-03-19,68.39,70.06,68.39,69.49,69000,0.00,0.00,0.00
2025-03-20,68.68,69.90,68.68,69.07,54600,0.00,0.00,0.00
2025-03-21,68.16,69.64,67.97,69.57,44900,0.00,0.00,0.00
2025-03-24,71.09,72.70,71.00,72.60,86600,0.00,0.00,0.00
2025-03-25,72.79,72.97,72.03,72.97,34700,0.00,0.00,0.00
2025-03-26,72.64,73.01,70.26,70.67,68700,0.00,0.00,0.00
2025-03-27,70.00,71.29,69.52,69.65,56400,0.00,0.00,0.00
2025-03-28,69.44,69.50,66.86,67.09,83700,0.00,0.00,0.00
2025-03-31,65.05,66.49,64.19,66.26,122200,0.00,0.00,0.00
2025-04-01,66.16,67.23,65.27,66.57,92900,0.00,0.00,0.00
2025-04-02,65.33,68.88,65.33,68.38,108200,0.00,0.00,0.00
2025-04-03,64.71,65.94,63.87,64.32,126300,0.00,0.00,0.00
2025-04-04,61.54,62.17,58.15,59.47,299200,0.00,0.00,0.00
2025-04-07,56.26,62.38,55.53,60.06,216100,0.00,0.00,0.00
2025-04-08,63.00,63.54,57.86,58.80,242000,0.00,0.00,0.00
2025-04-09,58.81,67.40,58.81,67.06,406100,0.00,0.00,0.00
2025-04-10,65.22,65.55,62.15,64.26,155100,0.00,0.00,0.00
2025-04-11,64.29,65.69,63.40,65.61,80000,0.00,0.00,0.00
2025-04-14,67.29,67.44,65.10,65.98,104200,0.00,0.00,0.00
2025-04-15,65.92,67.07,65.77,66.30,76500,0.00,0.00,0.00
2025-04-16,64.89,65.64,63.42,64.61,78700,0.00,0.00,0.00
2025-04-17,65.11,65.11,64.13,64.69,57800,0.00,0.00,0.00
2025-04-21,63.54,63.81,61.77,62.58,146700,0.00,0.00,0.00
2025-04-22,63.35,64.47,62.91,63.88,89700,0.00,0.00,0.00
2025-04-23,66.78,67.75,65.85,66.09,232200,0.00,0.00,0.00
2025-04-24,66.33,68.81,66.33,68.60,109900,0.00,0.00,0.00
2025-04-25,68.61,70.13,68.23,70.01,91500,0.00,0.00,0.00
2025-04-28,70.38,71.02,68.75,70.27,73700,0.00,0.00,0.00
2025-04-29,69.92,70.99,69.78,70.91,57200,0.00,0.00,0.00
2025-04-30,69.10,70.10,67.82,69.96,97200,0.00,0.00,0.00
2025-05-01,70.78,71.33,70.30,70.51,78900,0.00,0.00,0.00
2025-05-02,71.67,73.75,71.67,73.20,135200,0.00,0.00,0.00
2025-05-05,72.43,73.07,72.10,72.37,73600,0.00,0.00,0.00
2025-05-06,70.85,71.35,70.25,71.21,82100,0.00,0.00,0.00
2025-05-07,71.35,71.67,70.63,71.62,101000,0.00,0.00,0.00
2025-05-08,72.53,73.68,71.96,72.85,74900,0.00,0.00,0.00
2025-05-09,73.33,73.51,72.41,72.94,58700,0.00,0.00,0.00
2025-05-12,76.38,76.56,74.75,75.79,184800,0.00,0.00,0.00
2025-05-13,76.36,78.39,76.36,77.95,146900,0.00,0.00,0.00
2025-05-14,78.46,79.32,78.00,79.21,124000,0.00,0.00,0.00
2025-05-15,78.47,79.32,78.19,79.26,126600,0.00,0.00,0.00
2025-05-16,80.01,80.72,79.72,80.70,182500,0.00,0.00,0.00
2025-05-19,78.48,79.31,78.39,78.98,122000,0.00,0.00,0.00
2025-05-20,79.02,79.89,78.64,79.25,1936500,0.00,0.00,0.00
2025-05-21,78.70,79.50,76.91,77.31,131100,0.00,0.00,0.00
2025-05-22,76.92,78.66,76.78,77.93,90500,0.00,0.00,0.00
2025-05-23,77.10,78.51,77.00,78.19,218000,0.00,0.00,0.00
2025-05-27,79.76,81.45,79.76,81.31,138000,0.00,0.00,0.00
2025-05-28,81.85,82.07,80.87,81.01,118700,0.00,0.00,0.00
2025-05-29,82.14,82.15,79.98,80.27,72500,0.00,0.00,0.00
2025-05-30,79.71,80.20,78.28,79.54,115000,0.00,0.00,0.00
2025-06-02,79.62,79.79,78.50,79.66,102600,0.00,0.00,0.00
2025-06-03,80.51,81.08,80.21,80.60,90000,0.00,0.00,0.00
2025-06-04,80.94,80.94,79.38,80.48,92600,0.00,0.00,0.00
2025-06-05,80.52,80.88,77.57,78.32,191800,0.00,0.00,0.00
2025-06-06,79.69,81.19,79.67,80.90,140400,0.00,0.00,0.00
2025-06-09,82.29,83.45,80.97,83.30,174500,0.00,0.00,0.00
2025-06-10,83.49,83.78,82.24,83.38,241500,0.00,0.00,0.00
2025-06-11,84.29,85.17,83.41,84.46,163800,0.00,0.00,0.00
2025-06-12,83.83,84.29,83.52,83.58,83900,0.00,0.00,0.00
2025-06-13,81.92,83.39,81.57,82.27,103900,0.00,0.00,0.00
2025-06-16,83.57,84.47,83.44,83.98,124000,0.00,0.00,0.00
2025-06-17,83.60,84.14,82.65,82.98,82800,0.00,0.00,0.00
2025-06-18,83.22,84.17,82.94,83.45,161000,0.00,0.00,0.00
2025-06-20,84.21,84.31,82.87,83.16,77500,0.00,0.00,0.00
2025-06-23,83.19,85.64,83.02,84.74,190100,0.00,0.00,0.00
2025-06-24,85.84,86.00,84.69,85.63,131400,0.00,0.00,0.00
2025-06-25,86.71,87.01,85.50,85.65,144800,0.00,0.00,0.00
2025-06-26,85.57,87.90,85.57,87.79,181600,0.00,0.00,0.00
2025-06-27,88.32,89.21,87.51,88.34,168100,0.00,0.00,0.00
2025-06-30,89.35,89.89,88.86,89.17,177700,0.00,0.00,0.00
2025-07-01,88.08,88.08,86.00,86.20,157500,0.00,0.00,0.00
2025-07-02,86.65,87.76,86.21,87.76,177200,0.00,0.00,0.00
2025-07-03,88.49,88.86,88.08,88.77,81100,0.00,0.00,0.00
2025-07-07,88.07,88.40,87.15,88.17,182100,0.00,0.00,0.00
2025-07-08,88.51,89.02,87.83,88.47,101400,0.00,0.00,0.00
2025-07-09,88.80,89.25,88.02,89.22,133600,0.00,0.00,0.00
2025-07-10,89.69,91.00,89.11,90.79,169700,0.00,0.00,0.00
2025-07-11,91.01,92.25,90.97,91.86,199000,0.00,0.00,0.00
2025-07-14,91.86,93.36,91.13,93.30,197000,0.00,0.00,0.00
2025-07-15,94.40,94.53,93.58,93.79,172600,0.00,0.00,0.00
2025-07-16,94.47,96.72,93.43,96.57,317100,0.00,0.00,0.00
2025-07-17,97.44,99.79,97.02,99.76,403100,0.00,0.00,0.00
2025-07-18,99.84,100.57,99.30,99.96,224400,0.00,0.00,0.00
2025-07-21,100.63,100.79,98.03,98.18,275700,0.00,0.00,0.00
2025-07-22,97.00,97.45,94.50,96.79,256500,0.00,0.00,0.00
2025-07-23,97.45,99.50,97.45,99.49,150800,0.00,0.00,0.00
2025-07-24,98.47,98.64,97.02,97.36,189300,0.00,0.00,0.00
2025-07-25,97.48,98.75,97.16,98.47,104300,0.00,0.00,0.00
2025-07-28,99.58,99.67,97.39,98.02,161700,0.00,0.00,0.00
2025-07-29,98.40,98.53,95.57,96.13,202600,0.00,0.00,0.00
2025-07-30,96.80,98.28,96.68,97.76,182300,0.00,0.00,0.00
2025-07-31,98.16,98.64,96.47,97.07,170800,0.00,0.00,0.00
2025-08-01,94.78,95.86,92.85,94.60,334100,0.00,0.00,0.00
2025-08-04,96.29,98.10,96.00,98.03,196900,0.00,0.00,0.00
2025-08-05,99.35,100.22,97.47,98.63,313500,0.00,0.00,0.00
2025-08-06,98.58,98.69,97.59,98.27,115100,0.00,0.00,0.00
2025-08-07,98.48,98.82,96.91,98.12,110200,0.00,0.00,0.00
2025-08-08,98.87,100.05,98.68,99.26,180700,0.00,0.00,0.00
2025-08-11,99.96,100.76,98.95,99.14,217200,0.00,0.00,0.00
2025-08-12,99.59,101.74,99.09,101.58,233300,0.00,0.00,0.00
2025-08-13,102.93,103.13,100.41,102.06,276100,0.00,0.00,0.00
2025-08-14,100.97,102.07,99.86,100.78,193100,0.00,0.00,0.00
2025-08-15,101.17,101.17,99.13,99.95,151500,0.00,0.00,0.00
2025-08-18,99.85,100.49,99.01,100.06,131600,0.00,0.00,0.00
2025-08-19,100.00,100.00,95.96,96.15,329800,0.00,0.00,0.00
2025-08-20,95.32,95.54,92.56,95.28,267600,0.00,0.00,0.00
2025-08-21,95.23,95.74,94.60,95.36,117800,0.00,0.00,0.00
2025-08-22,95.48,98.89,95.12,98.54,226400,0.00,0.00,0.00
2025-08-25,98.43,99.39,97.56,98.68,197100,0.00,0.00,0.00
2025-08-26,98.83,100.29,98.83,99.94,152400,0.00,0.00,0.00
2025-08-27,99.96,99.96,99.04,99.24,109900,0.00,0.00,0.00
2025-08-28,99.40,100.00,99.15,99.82,104900,0.00,0.00,0.00
2025-08-29,99.68,99.86,97.40,97.96,101600,0.00,0.00,0.00
2025-09-02,95.64,97.33,94.90,97.31,131600,0.00,0.00,0.00
2025-09-03,98.08,98.08,95.80,96.14,148400,0.00,0.00,0.00
2025-09-04,96.14,96.49,95.04,96.18,109300,0.00,0.00,0.00
2025-09-05,97.35,97.49,95.18,97.18,106200,0.00,0.00,0.00
2025-09-08,97.63,98.15,96.85,97.25,102700,0.00,0.00,0.00
2025-09-09,97.43,97.62,96.06,97.00,101500,0.00,0.00,0.00
2025-09-10,98.00,98.06,96.88,97.28,103700,0.00,0.00,0.00
2025-09-11,97.58,99.63,97.38,99.00,125400,0.00,0.00,0.00
2025-09-12,99.59,100.93,99.33,100.75,182500,0.00,0.00,0.00
2025-09-15,102.30,103.11,101.72,103.10,232000,0.00,0.00,0.00
2025-09-16,103.41,104.07,102.50,103.94,136500,0.00,0.00,0.00
2025-09-17,103.87,104.47,102.00,104.00,164400,0.00,0.00,0.00
2025-09-18,104.97,106.68,104.30,106.30,171100,0.00,0.00,0.00
2025-09-19,107.04,108.76,106.90,108.40,224300,0.00,0.00,0.00
2025-09-22,108.63,110.25,107.89,110.02,228830,0.00,0.00,0.00
