Date,Open,High,Low,Close,Volume,Dividends,Stock Splits,Capital Gains
2014-10-31,18.83,18.84,18.61,18.61,5800,0.00,0.00,0.00
2014-11-03,18.71,18.71,18.58,18.58,4000,0.00,0.00,0.00
2014-11-04,18.46,18.57,18.46,18.57,1900,0.00,0.00,0.00
2014-11-05,18.81,18.81,18.52,18.55,4300,0.00,0.00,0.00
2014-11-06,18.29,18.32,18.24,18.29,2000,0.00,0.00,0.00
2014-11-07,18.52,18.52,18.12,18.20,1700,0.00,0.00,0.00
2014-11-10,18.25,18.44,18.25,18.43,3500,0.00,0.00,0.00
2014-11-11,18.98,18.98,18.37,18.45,3300,0.00,0.00,0.00
2014-11-12,18.37,18.50,18.37,18.50,6900,0.00,0.00,0.00
2014-11-13,18.58,18.58,18.47,18.51,2500,0.00,0.00,0.00
2014-11-14,18.40,18.40,18.32,18.32,1100,0.00,0.00,0.00
2014-11-17,18.33,18.33,18.30,18.30,3500,0.00,0.00,0.00
2014-11-18,18.58,18.59,18.53,18.58,2000,0.00,0.00,0.00
2014-11-19,18.45,18.45,18.45,18.45,900,0.00,0.00,0.00
2014-11-20,18.39,18.41,18.38,18.41,1200,0.00,0.00,0.00
2014-11-21,18.66,18.66,18.49,18.55,2000,0.00,0.00,0.00
2014-11-24,18.60,18.70,18.60,18.70,2600,0.00,0.00,0.00
2014-11-25,18.72,18.72,18.72,18.72,700,0.00,0.00,0.00
2014-11-26,18.71,18.71,18.71,18.71,500,0.00,0.00,0.00
2014-11-28,18.97,19.10,18.97,18.99,1300,0.00,0.00,0.00
2014-12-01,18.78,18.82,18.58,18.68,1000,0.00,0.00,0.00
2014-12-02,18.72,18.73,18.65,18.73,2400,0.00,0.00,0.00
2014-12-03,18.73,18.83,18.73,18.83,1300,0.00,0.00,0.00
2014-12-04,18.83,18.84,18.82,18.84,1200,0.00,0.00,0.00
2014-12-05,18.98,18.99,18.98,18.99,1100,0.00,0.00,0.00
2014-12-08,19.14,19.16,18.98,18.98,1200,0.00,0.00,0.00
2014-12-09,19.05,19.33,19.05,19.32,1200,0.00,0.00,0.00
2014-12-10,19.32,19.32,19.15,19.15,1000,0.00,0.00,0.00
2014-12-11,19.36,19.36,19.13,19.13,2400,0.00,0.00,0.00
2014-12-12,19.20,19.20,19.08,19.14,1400,0.00,0.00,0.00
2014-12-15,19.03,19.07,18.72,18.78,1300,0.00,0.00,0.00
2014-12-16,18.47,18.76,18.47,18.58,3300,0.00,0.00,0.00
2014-12-17,18.47,18.73,18.47,18.73,1000,0.00,0.00,0.00
2014-12-18,19.33,19.59,19.33,19.58,5600,0.00,0.00,0.00
2014-12-19,19.90,19.90,19.71,19.79,2200,0.00,0.00,0.00
2014-12-22,19.82,20.00,19.77,19.97,3200,0.00,0.00,0.00
2014-12-23,20.18,20.18,19.45,19.52,2800,0.00,0.00,0.00
2014-12-24,19.08,19.72,19.08,19.64,1500,0.00,0.00,0.00
2014-12-26,19.61,19.92,19.61,19.87,1300,0.00,0.00,0.00
2014-12-29,20.04,20.04,19.79,19.88,3900,0.00,0.00,0.00
2014-12-30,19.90,19.90,19.69,19.69,2600,0.00,0.00,0.00
2014-12-31,19.89,19.89,19.66,19.66,1400,0.00,0.00,0.00
2015-01-02,19.48,19.87,19.48,19.72,3700,0.00,0.00,0.00
2015-01-05,19.71,19.87,19.62,19.66,3900,0.00,0.00,0.00
2015-01-06,19.72,19.72,19.32,19.43,6600,0.00,0.00,0.00
2015-01-07,19.53,19.73,19.53,19.70,8100,0.00,0.00,0.00
2015-01-08,19.99,20.00,19.99,20.00,300,0.00,0.00,0.00
2015-01-09,20.29,20.29,19.98,20.12,2700,0.00,0.00,0.00
2015-01-12,21.46,21.46,20.91,20.91,8900,0.00,0.00,0.00
2015-01-13,21.20,21.20,20.60,20.70,9000,0.00,0.00,0.00
2015-01-14,20.76,20.92,20.76,20.90,2300,0.00,0.00,0.00
2015-01-15,20.90,20.90,20.38,20.40,5100,0.00,0.00,0.00
2015-01-16,20.48,20.63,20.43,20.62,2500,0.00,0.00,0.00
2015-01-20,20.83,21.05,20.65,21.03,3900,0.00,0.00,0.00
2015-01-21,21.10,21.10,20.54,20.58,3000,0.00,0.00,0.00
2015-01-22,20.35,20.78,20.35,20.74,4100,0.00,0.00,0.00
2015-01-23,20.72,20.89,20.72,20.83,2400,0.00,0.00,0.00
2015-01-26,20.80,21.04,20.80,20.97,2300,0.00,0.00,0.00
2015-01-27,21.49,21.49,20.83,20.98,4800,0.00,0.00,0.00
2015-01-28,21.04,21.04,20.62,20.62,2100,0.00,0.00,0.00
2015-01-29,20.54,20.89,20.54,20.86,1800,0.00,0.00,0.00
2015-01-30,21.30,21.30,20.79,20.85,3400,0.00,0.00,0.00
2015-02-02,20.37,20.48,20.33,20.48,1900,0.00,0.00,0.00
2015-02-03,21.07,21.07,20.37,20.74,8300,0.00,0.00,0.00
2015-02-04,20.48,20.50,20.48,20.50,600,0.00,0.00,0.00
2015-02-05,20.71,20.87,20.62,20.87,900,0.00,0.00,0.00
2015-02-06,21.06,21.06,20.81,20.81,5500,0.00,0.00,0.00
2015-02-09,20.96,20.96,20.55,20.55,2100,0.00,0.00,0.00
2015-02-10,20.38,20.83,20.38,20.83,1800,0.00,0.00,0.00
2015-02-11,20.96,20.96,20.84,20.91,1900,0.00,0.00,0.00
2015-02-12,20.92,21.04,20.85,21.04,6600,0.00,0.00,0.00
2015-02-13,21.20,21.20,21.01,21.11,1000,0.00,0.00,0.00
2015-02-17,21.41,21.46,21.23,21.46,3800,0.00,0.00,0.00
2015-02-18,21.46,21.46,21.33,21.40,2600,0.00,0.00,0.00
2015-02-19,21.56,21.56,21.48,21.53,3400,0.00,0.00,0.00
2015-02-20,21.66,21.66,21.55,21.66,2000,0.00,0.00,0.00
2015-02-23,21.96,21.96,21.62,21.68,10100,0.00,0.00,0.00
2015-02-24,21.55,21.55,21.39,21.43,5900,0.00,0.00,0.00
2015-02-25,21.55,21.71,21.55,21.63,4300,0.00,0.00,0.00
2015-02-26,21.75,21.75,21.58,21.71,3900,0.00,0.00,0.00
2015-02-27,21.67,21.67,21.46,21.53,57500,0.00,0.00,0.00
2015-03-02,21.71,21.75,21.57,21.66,4200,0.00,0.00,0.00
2015-03-03,21.58,21.58,21.30,21.38,5300,0.00,0.00,0.00
2015-03-04,21.56,21.56,21.16,21.34,2000,0.00,0.00,0.00
2015-03-05,21.68,21.68,21.54,21.63,3600,0.00,0.00,0.00
2015-03-06,21.47,21.52,21.31,21.33,3200,0.00,0.00,0.00
2015-03-09,21.47,21.47,21.15,21.28,3500,0.00,0.00,0.00
2015-03-10,21.45,21.45,21.05,21.18,1500,0.00,0.00,0.00
2015-03-11,21.16,21.18,21.13,21.18,2000,0.00,0.00,0.00
2015-03-12,21.15,21.33,21.15,21.32,3300,0.00,0.00,0.00
2015-03-13,21.45,21.45,21.08,21.17,4400,0.00,0.00,0.00
2015-03-16,20.94,21.61,20.94,21.57,1800,0.00,0.00,0.00
2015-03-17,21.42,21.62,21.42,21.59,3200,0.00,0.00,0.00
2015-03-18,21.64,21.76,21.58,21.76,1900,0.00,0.00,0.00
2015-03-19,21.76,22.21,21.76,22.20,22700,0.00,0.00,0.00
2015-03-20,22.45,22.45,22.07,22.11,15300,0.00,0.00,0.00
2015-03-23,22.21,22.21,21.74,21.77,25900,0.00,0.00,0.00
2015-03-24,21.93,21.93,21.58,21.61,6400,0.00,0.00,0.00
2015-03-25,21.58,21.58,20.88,20.88,7900,0.00,0.00,0.00
2015-03-26,20.62,20.84,20.55,20.77,3500,0.00,0.00,0.00
2015-03-27,20.96,21.02,20.95,20.95,1800,0.00,0.00,0.00
2015-03-30,21.07,21.27,21.06,21.27,5000,0.00,0.00,0.00
2015-03-31,21.08,21.14,21.06,21.08,4200,0.00,0.00,0.00
2015-04-01,20.83,20.83,20.55,20.76,3000,0.00,0.00,0.00
2015-04-02,20.78,20.83,20.70,20.71,1600,0.00,0.00,0.00
2015-04-06,20.64,21.01,20.64,21.01,1600,0.00,0.00,0.00
2015-04-07,21.01,21.31,21.01,21.22,3200,0.00,0.00,0.00
2015-04-08,21.50,21.50,21.21,21.30,2200,0.00,0.00,0.00
2015-04-09,21.40,21.40,21.31,21.36,1700,0.00,0.00,0.00
2015-04-10,21.48,21.58,21.45,21.58,3700,0.00,0.00,0.00
2015-04-13,21.67,21.85,21.67,21.68,6900,0.00,0.00,0.00
2015-04-14,21.63,21.70,21.63,21.69,4000,0.00,0.00,0.00
2015-04-15,21.72,21.89,21.72,21.89,1800,0.00,0.00,0.00
2015-04-16,21.97,22.05,21.97,22.03,3900,0.00,0.00,0.00
2015-04-17,21.99,21.99,21.53,21.64,21700,0.00,0.00,0.00
2015-04-20,21.98,21.98,21.62,21.73,1500,0.00,0.00,0.00
2015-04-21,21.88,21.88,21.84,21.84,1400,0.00,0.00,0.00
2015-04-22,21.97,21.97,21.73,21.73,1500,0.00,0.00,0.00
2015-04-23,21.98,22.12,21.98,22.12,2300,0.00,0.00,0.00
2015-04-24,22.08,22.19,22.08,22.18,1000,0.00,0.00,0.00
2015-04-27,23.09,23.09,21.52,21.53,6900,0.00,0.00,0.00
2015-04-28,21.61,21.61,21.02,21.33,3000,0.00,0.00,0.00
2015-04-29,21.32,21.37,21.13,21.26,2600,0.00,0.00,0.00
2015-04-30,20.98,21.09,20.74,20.82,5400,0.00,0.00,0.00
2015-05-01,21.02,21.12,21.01,21.12,1400,0.00,0.00,0.00
2015-05-04,21.30,21.40,21.18,21.22,5300,0.00,0.00,0.00
2015-05-05,21.22,21.22,20.76,20.82,2300,0.00,0.00,0.00
2015-05-06,20.83,21.01,20.83,20.99,3500,0.00,0.00,0.00
2015-05-07,20.95,21.13,20.91,21.06,1300,0.00,0.00,0.00
2015-05-08,21.17,21.25,21.17,21.25,800,0.00,0.00,0.00
2015-05-11,21.73,21.73,21.30,21.37,4600,0.00,0.00,0.00
2015-05-12,21.16,21.16,21.12,21.12,700,0.00,0.00,0.00
2015-05-13,21.05,21.05,21.05,21.05,200,0.00,0.00,0.00
2015-05-14,21.11,21.15,20.93,21.14,1900,0.00,0.00,0.00
2015-05-15,21.13,21.21,21.13,21.21,1800,0.00,0.00,0.00
2015-05-18,21.46,21.46,21.39,21.44,900,0.00,0.00,0.00
2015-05-19,21.40,21.44,21.40,21.40,1200,0.00,0.00,0.00
2015-05-20,21.48,21.49,21.48,21.49,600,0.00,0.00,0.00
2015-05-21,21.46,21.54,21.46,21.46,500,0.00,0.00,0.00
2015-05-22,21.48,21.53,21.48,21.48,2400,0.00,0.00,0.00
2015-05-26,21.53,21.53,21.10,21.20,5300,0.00,0.00,0.00
2015-05-27,21.54,21.54,21.54,21.54,200,0.00,0.00,0.00
2015-05-28,21.50,21.50,21.50,21.50,400,0.00,0.00,0.00
2015-05-29,21.77,21.78,21.76,21.76,1300,0.00,0.00,0.00
2015-06-01,21.75,21.75,21.50,21.59,1500,0.00,0.00,0.00
2015-06-02,21.53,21.58,21.51,21.52,2000,0.00,0.00,0.00
2015-06-03,21.68,21.73,21.68,21.71,300,0.00,0.00,0.00
2015-06-04,21.76,21.76,21.47,21.51,900,0.00,0.00,0.00
2015-06-05,21.71,21.77,21.71,21.77,400,0.00,0.00,0.00
2015-06-08,21.96,21.96,21.66,21.80,4100,0.00,0.00,0.00
2015-06-09,21.44,21.44,21.42,21.42,400,0.00,0.00,0.00
2015-06-10,21.60,21.85,21.60,21.85,400,0.00,0.00,0.00
2015-06-11,21.86,21.91,21.86,21.91,2100,0.00,0.00,0.00
2015-06-12,21.94,21.94,21.61,21.61,1000,0.00,0.00,0.00
2015-06-15,21.23,21.48,21.19,21.48,800,0.00,0.00,0.00
2015-06-16,21.50,21.52,21.50,21.52,300,0.00,0.00,0.00
2015-06-17,21.55,21.55,21.55,21.55,300,0.00,0.00,0.00
2015-06-18,22.01,22.06,21.97,21.99,2900,0.00,0.00,0.00
2015-06-19,22.02,22.02,21.92,21.93,14900,0.00,0.00,0.00
2015-06-22,22.13,22.23,22.12,22.23,700,0.00,0.00,0.00
2015-06-23,22.23,22.23,21.55,22.15,5600,0.00,0.00,0.00
2015-06-24,22.02,22.02,21.95,21.95,200,0.00,0.00,0.00
2015-06-25,21.84,21.84,21.77,21.82,1200,0.00,0.00,0.00
2015-06-26,21.92,21.92,21.55,21.55,500,0.00,0.00,0.00
2015-06-29,21.54,21.54,21.23,21.31,10500,0.00,0.00,0.00
2015-06-30,21.26,21.35,21.23,21.35,3400,0.00,0.00,0.00
2015-07-01,21.53,21.53,21.18,21.18,2400,0.00,0.00,0.00
2015-07-02,21.06,21.06,21.06,21.06,200,0.00,0.00,0.00
2015-07-06,21.18,21.18,20.97,21.13,1200,0.00,0.00,0.00
2015-07-07,20.86,21.13,20.86,21.13,1000,0.00,0.00,0.00
2015-07-08,20.71,20.71,20.71,20.71,200,0.00,0.00,0.00
2015-07-09,20.88,20.88,20.83,20.83,2700,0.00,0.00,0.00
2015-07-10,21.16,21.18,21.16,21.16,700,0.00,0.00,0.00
2015-07-13,21.21,21.53,21.21,21.50,2700,0.00,0.00,0.00
2015-07-14,21.64,21.64,21.51,21.51,200,0.00,0.00,0.00
2015-07-15,21.83,22.03,21.75,21.75,1300,0.00,0.00,0.00
2015-07-16,21.99,22.09,21.99,22.09,600,0.00,0.00,0.00
2015-07-17,22.08,22.15,22.05,22.15,1400,0.00,0.00,0.00
2015-07-20,22.19,22.21,22.06,22.15,4400,0.00,0.00,0.00
2015-07-21,22.18,22.18,21.82,21.86,2400,0.00,0.00,0.00
2015-07-22,21.70,21.78,21.70,21.78,800,0.00,0.00,0.00
2015-07-23,21.95,21.95,21.71,21.71,600,0.00,0.00,0.00
2015-07-24,21.57,21.57,21.20,21.20,1200,0.00,0.00,0.00
2015-07-27,21.20,21.20,20.88,20.88,500,0.00,0.00,0.00
2015-07-28,20.97,21.06,20.97,21.06,700,0.00,0.00,0.00
2015-07-29,21.10,21.24,21.10,21.21,1400,0.00,0.00,0.00
2015-07-30,21.19,21.19,20.98,20.98,600,0.00,0.00,0.00
2015-07-31,21.10,21.10,21.10,21.10,300,0.00,0.00,0.00
2015-08-03,21.10,21.10,20.96,20.96,2400,0.00,0.00,0.00
2015-08-04,20.99,20.99,20.99,20.99,200,0.00,0.00,0.00
2015-08-05,21.16,21.16,21.14,21.14,300,0.00,0.00,0.00
2015-08-06,21.22,21.22,20.32,20.32,3600,0.00,0.00,0.00
2015-08-07,20.33,20.33,19.91,20.15,2400,0.00,0.00,0.00
2015-08-10,20.42,20.42,20.26,20.27,1600,0.00,0.00,0.00
2015-08-11,20.09,20.09,19.93,20.08,5100,0.00,0.00,0.00
2015-08-12,19.83,20.06,19.72,20.06,2200,0.00,0.00,0.00
2015-08-13,20.19,20.19,20.14,20.14,1800,0.00,0.00,0.00
2015-08-14,19.85,19.85,19.85,19.85,500,0.00,0.00,0.00
2015-08-17,19.84,20.13,19.84,20.13,1900,0.00,0.00,0.00
2015-08-18,20.20,20.20,20.11,20.11,2100,0.00,0.00,0.00
2015-08-19,19.90,20.02,19.90,19.90,700,0.00,0.00,0.00
2015-08-20,19.70,19.78,19.34,19.34,1700,0.00,0.00,0.00
2015-08-21,18.97,19.30,18.76,18.99,3300,0.00,0.00,0.00
2015-08-24,18.57,18.70,17.29,18.06,5600,0.00,0.00,0.00
2015-08-25,18.52,18.70,18.45,18.45,4500,0.00,0.00,0.00
2015-08-26,18.88,18.88,18.38,18.87,1700,0.00,0.00,0.00
2015-08-27,19.26,19.26,19.23,19.23,2300,0.00,0.00,0.00
2015-08-28,19.33,19.62,19.33,19.54,1100,0.00,0.00,0.00
2015-08-31,19.57,19.57,19.57,19.57,100,0.00,0.00,0.00
2015-09-01,18.98,18.98,18.98,18.98,200,0.00,0.00,0.00
2015-09-02,19.01,19.01,19.01,19.01,200,0.00,0.00,0.00
2015-09-03,19.24,19.24,19.24,19.24,200,0.00,0.00,0.00
2015-09-04,18.98,19.08,18.98,19.08,700,0.00,0.00,0.00
2015-09-08,19.43,19.71,19.43,19.71,6300,0.00,0.00,0.00
2015-09-09,19.75,19.75,19.75,19.75,400,0.00,0.00,0.00
2015-09-10,19.86,19.86,19.81,19.81,500,0.00,0.00,0.00
2015-09-11,19.82,20.05,19.82,20.05,900,0.00,0.00,0.00
2015-09-14,20.03,20.05,19.93,20.05,800,0.00,0.00,0.00
2015-09-15,20.26,20.26,20.26,20.26,100,0.00,0.00,0.00
2015-09-16,20.23,20.23,20.07,20.10,700,0.00,0.00,0.00
2015-09-17,20.58,20.58,20.58,20.58,200,0.00,0.00,0.00
2015-09-18,20.28,20.28,20.28,20.28,100,0.00,0.00,0.00
2015-09-21,20.28,20.33,20.19,20.19,1100,0.00,0.00,0.00
2015-09-22,19.20,19.20,19.20,19.20,100,0.00,0.00,0.00
2015-09-23,19.40,19.44,19.27,19.27,600,0.00,0.00,0.00
2015-09-24,18.90,19.01,18.85,18.99,8000,0.00,0.00,0.00
2015-09-25,18.60,18.60,18.52,18.52,800,0.00,0.00,0.00
2015-09-28,18.24,18.24,17.05,17.20,2800,0.00,0.00,0.00
2015-09-29,17.05,17.45,16.85,16.85,16800,0.00,0.00,0.00
2015-09-30,17.36,17.36,17.36,17.36,200,0.00,0.00,0.00
2015-10-01,17.05,17.05,17.05,17.05,100,0.00,0.00,0.00
2015-10-02,17.14,17.63,17.14,17.63,1100,0.00,0.00,0.00
2015-10-05,17.93,17.93,17.93,17.93,100,0.00,0.00,0.00
2015-10-06,17.20,17.43,17.12,17.43,3800,0.00,0.00,0.00
2015-10-07,17.59,17.59,17.59,17.59,100,0.00,0.00,0.00
2015-10-08,17.30,17.30,17.30,17.30,200,0.00,0.00,0.00
2015-10-09,17.59,17.74,17.59,17.74,400,0.00,0.00,0.00
2015-10-12,17.79,17.79,17.79,17.79,300,0.00,0.00,0.00
2015-10-13,17.56,17.56,17.41,17.41,800,0.00,0.00,0.00
2015-10-14,17.18,17.18,17.18,17.18,200,0.00,0.00,0.00
2015-10-15,17.82,17.88,17.82,17.88,400,0.00,0.00,0.00
2015-10-16,17.90,18.00,17.90,17.91,500,0.00,0.00,0.00
2015-10-19,17.86,18.23,17.86,17.93,4600,0.00,0.00,0.00
2015-10-20,17.64,17.64,17.64,17.64,400,0.00,0.00,0.00
2015-10-21,17.46,17.58,17.46,17.58,300,0.00,0.00,0.00
2015-10-22,17.59,17.59,17.44,17.44,800,0.00,0.00,0.00
2015-10-23,17.90,18.03,17.87,18.03,900,0.00,0.00,0.00
2015-10-26,18.19,18.19,18.19,18.19,400,0.00,0.00,0.00
2015-10-27,18.06,18.06,18.06,18.06,200,0.00,0.00,0.00
2015-10-28,18.50,18.50,18.50,18.50,100,0.00,0.00,0.00
2015-10-29,18.36,18.36,18.36,18.36,200,0.00,0.00,0.00
2015-10-30,18.29,18.36,18.29,18.36,300,0.00,0.00,0.00
2015-11-02,18.81,18.83,18.81,18.83,300,0.00,0.00,0.00
2015-11-03,18.97,18.97,18.97,18.97,400,0.00,0.00,0.00
2015-11-04,19.08,19.08,18.90,19.08,1000,0.00,0.00,0.00
2015-11-05,18.80,18.80,18.72,18.72,400,0.00,0.00,0.00
2015-11-06,18.55,18.55,18.51,18.52,1300,0.00,0.00,0.00
2015-11-09,18.61,18.65,18.61,18.65,300,0.00,0.00,0.00
2015-11-10,18.64,18.64,18.64,18.64,200,0.00,0.00,0.00
2015-11-11,18.58,18.58,18.52,18.52,200,0.00,0.00,0.00
2015-11-12,18.31,18.31,18.31,18.31,100,0.00,0.00,0.00
2015-11-13,18.20,18.39,18.20,18.33,700,0.00,0.00,0.00
2015-11-16,18.12,18.12,18.08,18.08,400,0.00,0.00,0.00
2015-11-17,18.26,18.26,18.26,18.26,100,0.00,0.00,0.00
2015-11-18,18.77,18.85,18.77,18.85,700,0.00,0.00,0.00
2015-11-19,18.70,18.70,18.60,18.68,3700,0.00,0.00,0.00
2015-11-20,18.62,18.65,18.62,18.65,500,0.00,0.00,0.00
2015-11-23,18.75,18.75,18.75,18.75,700,0.00,0.00,0.00
2015-11-24,18.80,18.80,18.80,18.80,100,0.00,0.00,0.00
2015-11-25,18.86,18.86,18.86,18.86,200,0.00,0.00,0.00
2015-11-27,19.31,19.33,19.31,19.33,700,0.00,0.00,0.00
2015-11-30,19.14,19.14,19.14,19.14,100,0.00,0.00,0.00
2015-12-01,19.06,19.06,19.06,19.06,100,0.00,0.00,0.00
2015-12-02,18.91,18.91,18.71,18.71,500,0.00,0.00,0.00
2015-12-03,18.76,18.76,18.34,18.34,400,0.00,0.00,0.00
2015-12-04,18.42,18.69,18.42,18.69,400,0.00,0.00,0.00
2015-12-07,18.21,18.23,18.21,18.23,900,0.00,0.00,0.00
2015-12-08,18.08,18.53,18.08,18.50,1800,0.00,0.00,0.00
2015-12-09,18.34,18.34,18.24,18.24,200,0.00,0.00,0.00
2015-12-10,18.51,18.51,18.51,18.51,100,0.00,0.00,0.00
2015-12-11,18.52,18.52,18.04,18.06,4600,0.00,0.00,0.00
2015-12-14,17.83,17.83,17.83,17.83,100,0.00,0.00,0.00
2015-12-15,18.14,18.42,18.14,18.42,900,0.00,0.00,0.00
2015-12-16,18.57,18.57,18.57,18.57,300,0.00,0.00,0.00
2015-12-17,18.96,18.96,18.95,18.95,200,0.00,0.00,0.00
2015-12-18,18.86,18.86,18.79,18.79,600,0.00,0.00,0.00
2015-12-21,18.64,18.91,18.64,18.91,1300,0.00,0.00,0.00
2015-12-22,18.98,18.98,18.98,18.98,100,0.00,0.00,0.00
2015-12-23,19.20,19.20,19.20,19.20,100,0.00,0.00,0.00
2015-12-24,19.36,19.36,19.36,19.36,100,0.00,0.00,0.00
2015-12-28,19.24,19.30,19.23,19.28,2700,0.00,0.00,0.00
2015-12-29,19.42,19.48,19.42,19.46,3000,0.00,0.00,0.00
2015-12-30,19.47,19.58,19.45,19.45,7900,0.00,0.00,0.00
2015-12-31,19.35,19.41,19.35,19.41,600,0.00,0.00,0.00
2016-01-04,18.59,18.64,18.59,18.64,600,0.00,0.00,0.00
2016-01-05,18.85,18.85,18.85,18.85,200,0.00,0.00,0.00
2016-01-06,18.57,18.57,18.15,18.15,300,0.00,0.00,0.00
2016-01-07,17.64,17.64,17.64,17.64,100,0.00,0.00,0.00
2016-01-08,17.86,17.86,17.50,17.50,600,0.00,0.00,0.00
2016-01-11,17.58,17.58,16.60,16.60,1400,0.00,0.00,0.00
2016-01-12,16.70,17.26,16.70,17.26,800,0.00,0.00,0.00
2016-01-13,17.07,17.22,16.23,16.23,2400,0.00,0.00,0.00
2016-01-14,16.20,16.37,15.71,16.37,1800,0.00,0.00,0.00
2016-01-15,16.20,16.20,16.20,16.20,200,0.00,0.00,0.00
2016-01-19,16.67,16.67,16.30,16.30,1100,0.00,0.00,0.00
2016-01-20,16.17,16.17,16.17,16.17,200,0.00,0.00,0.00
2016-01-21,16.26,16.26,16.26,16.26,100,0.00,0.00,0.00
2016-01-22,16.58,16.67,16.58,16.58,15500,0.00,0.00,0.00
2016-01-25,16.59,16.63,16.59,16.62,500,0.00,0.00,0.00
2016-01-26,16.38,16.38,16.30,16.30,200,0.00,0.00,0.00
2016-01-27,16.26,16.26,16.26,16.26,200,0.00,0.00,0.00
2016-01-28,15.82,15.82,15.30,15.30,800,0.00,0.00,0.00
2016-01-29,15.37,15.37,15.37,15.37,800,0.00,0.00,0.00
2016-02-01,15.55,15.55,15.55,15.55,100,0.00,0.00,0.00
2016-02-02,15.31,15.31,15.31,15.31,100,0.00,0.00,0.00
2016-02-03,15.08,15.08,15.08,15.08,200,0.00,0.00,0.00
2016-02-04,15.59,15.59,15.31,15.31,400,0.00,0.00,0.00
2016-02-05,14.83,14.83,14.83,14.83,200,0.00,0.00,0.00
2016-02-08,14.86,14.86,14.28,14.28,500,0.00,0.00,0.00
2016-02-09,14.48,14.48,14.48,14.48,200,0.00,0.00,0.00
2016-02-10,14.60,14.60,14.60,14.60,100,0.00,0.00,0.00
2016-02-11,14.17,14.17,13.89,13.91,900,0.00,0.00,0.00
2016-02-12,14.43,14.43,13.98,13.98,400,0.00,0.00,0.00
2016-02-16,14.74,14.74,14.74,14.74,100,0.00,0.00,0.00
2016-02-17,15.16,15.16,15.16,15.16,100,0.00,0.00,0.00
2016-02-18,15.17,15.17,15.17,15.17,2000,0.00,0.00,0.00
2016-02-19,14.70,15.23,14.70,15.23,1200,0.00,0.00,0.00
2016-02-22,15.24,15.50,15.24,15.50,200,0.00,0.00,0.00
2016-02-23,15.17,15.17,15.17,15.17,100,0.00,0.00,0.00
2016-02-24,15.13,15.14,15.12,15.12,600,0.00,0.00,0.00
2016-02-25,15.06,15.06,15.06,15.06,100,0.00,0.00,0.00
2016-02-26,15.43,15.43,15.43,15.43,200,0.00,0.00,0.00
2016-02-29,15.47,15.47,15.14,15.14,700,0.00,0.00,0.00
2016-03-01,15.60,15.70,15.60,15.70,1000,0.00,0.00,0.00
2016-03-02,16.00,16.00,16.00,16.00,100,0.00,0.00,0.00
2016-03-03,16.19,16.19,16.09,16.09,600,0.00,0.00,0.00
2016-03-04,16.33,16.33,16.28,16.28,3700,0.00,0.00,0.00
2016-03-07,16.61,16.61,16.57,16.57,300,0.00,0.00,0.00
2016-03-08,16.19,16.19,16.19,16.19,200,0.00,0.00,0.00
2016-03-09,16.02,16.02,15.77,15.80,4200,0.00,0.00,0.00
2016-03-10,16.06,16.06,16.06,16.06,200,0.00,0.00,0.00
2016-03-11,15.83,15.83,15.83,15.83,1000,0.00,0.00,0.00
2016-03-14,15.92,15.92,15.88,15.88,1100,0.00,0.00,0.00
2016-03-15,15.77,15.77,15.39,15.39,500,0.00,0.00,0.00
2016-03-16,15.27,15.27,15.27,15.27,100,0.00,0.00,0.00
2016-03-17,14.95,14.95,14.95,14.95,2500,0.00,0.00,0.00
2016-03-18,15.49,15.70,15.49,15.70,2500,0.00,0.00,0.00
2016-03-21,15.97,15.97,15.90,15.92,1400,0.00,0.00,0.00
2016-03-22,16.11,16.11,16.11,16.11,200,0.00,0.00,0.00
2016-03-23,15.79,15.79,15.79,15.79,300,0.00,0.00,0.00
2016-03-24,15.79,15.79,15.79,15.79,0,0.00,0.00,0.00
2016-03-28,15.66,15.69,15.53,15.53,3100,0.00,0.00,0.00
2016-03-29,15.74,15.74,15.74,15.74,500,0.00,0.00,0.00
2016-03-30,16.20,16.20,16.20,16.20,100,0.00,0.00,0.00
2016-03-31,16.25,16.25,16.25,16.25,200,0.00,0.00,0.00
2016-04-01,16.56,16.56,16.52,16.52,1400,0.00,0.00,0.00
2016-04-04,17.02,17.02,17.02,17.02,500,0.00,0.00,0.00
2016-04-05,16.78,16.78,16.78,16.78,200,0.00,0.00,0.00
2016-04-06,17.02,17.02,17.02,17.02,300,0.00,0.00,0.00
2016-04-07,17.16,17.16,17.16,17.16,600,0.00,0.00,0.00
2016-04-08,17.20,17.31,16.91,17.01,3000,0.00,0.00,0.00
2016-04-11,16.98,16.98,16.73,16.73,400,0.00,0.00,0.00
2016-04-12,16.68,16.84,16.68,16.84,1100,0.00,0.00,0.00
2016-04-13,17.13,17.25,17.11,17.25,1400,0.00,0.00,0.00
2016-04-14,17.30,17.30,17.30,17.30,200,0.00,0.00,0.00
2016-04-15,17.24,17.24,17.24,17.24,2000,0.00,0.00,0.00
2016-04-18,17.18,17.46,17.18,17.46,1200,0.00,0.00,0.00
2016-04-19,17.02,17.02,16.82,16.82,900,0.00,0.00,0.00
2016-04-20,16.85,16.97,16.81,16.97,10100,0.00,0.00,0.00
2016-04-21,17.13,17.13,17.13,17.13,100,0.00,0.00,0.00
2016-04-22,17.16,17.16,17.16,17.16,400,0.00,0.00,0.00
2016-04-25,17.23,17.23,17.23,17.23,100,0.00,0.00,0.00
2016-04-26,17.21,17.21,17.21,17.21,100,0.00,0.00,0.00
2016-04-27,16.88,16.88,16.85,16.86,600,0.00,0.00,0.00
2016-04-28,17.05,17.05,16.69,16.69,500,0.00,0.00,0.00
2016-04-29,16.17,16.17,16.17,16.17,2100,0.00,0.00,0.00
2016-05-02,16.37,16.37,16.37,16.37,300,0.00,0.00,0.00
2016-05-03,16.13,16.13,16.13,16.13,100,0.00,0.00,0.00
2016-05-04,15.45,15.50,15.45,15.49,1500,0.00,0.00,0.00
2016-05-05,15.52,15.52,15.52,15.52,100,0.00,0.00,0.00
2016-05-06,15.46,15.46,15.46,15.46,300,0.00,0.00,0.00
2016-05-09,15.89,15.89,15.89,15.89,100,0.00,0.00,0.00
2016-05-10,15.75,15.75,15.75,15.75,500,0.00,0.00,0.00
2016-05-11,15.63,15.63,15.58,15.59,700,0.00,0.00,0.00
2016-05-12,15.32,15.32,14.95,15.05,700,0.00,0.00,0.00
2016-05-13,15.34,15.34,15.34,15.34,300,0.00,0.00,0.00
2016-05-16,15.38,15.38,15.38,15.38,100,0.00,0.00,0.00
2016-05-17,15.45,15.45,15.45,15.45,200,0.00,0.00,0.00
2016-05-18,15.46,15.57,15.46,15.57,600,0.00,0.00,0.00
2016-05-19,15.33,15.33,15.33,15.33,400,0.00,0.00,0.00
2016-05-20,15.47,15.54,15.47,15.54,400,0.00,0.00,0.00
2016-05-23,15.83,15.85,15.80,15.80,3900,0.00,0.00,0.00
2016-05-24,15.93,16.20,15.93,16.20,300,0.00,0.00,0.00
2016-05-25,16.46,16.46,16.46,16.46,200,0.00,0.00,0.00
2016-05-26,16.31,16.31,16.31,16.31,100,0.00,0.00,0.00
2016-05-27,16.22,16.22,16.22,16.22,100,0.00,0.00,0.00
2016-05-31,16.60,16.60,16.60,16.60,300,0.00,0.00,0.00
2016-06-01,16.60,16.60,16.60,16.60,100,0.00,0.00,0.00
2016-06-02,17.01,17.01,17.01,17.01,100,0.00,0.00,0.00
2016-06-03,16.70,16.70,16.70,16.70,100,0.00,0.00,0.00
2016-06-06,17.09,17.09,17.02,17.02,900,0.00,0.00,0.00
2016-06-07,16.96,16.96,16.80,16.91,4000,0.00,0.00,0.00
2016-06-08,16.83,16.83,16.83,16.83,200,0.00,0.00,0.00
2016-06-09,16.85,16.85,16.42,16.42,500,0.00,0.00,0.00
2016-06-10,16.06,16.06,16.06,16.06,100,0.00,0.00,0.00
2016-06-13,16.10,16.10,15.83,15.86,1400,0.00,0.00,0.00
2016-06-14,15.85,15.85,15.51,15.58,1800,0.00,0.00,0.00
2016-06-15,15.83,15.83,15.83,15.83,100,0.00,0.00,0.00
2016-06-16,15.65,15.65,15.65,15.65,700,0.00,0.00,0.00
2016-06-17,15.62,15.62,15.62,15.62,100,0.00,0.00,0.00
2016-06-20,15.74,16.02,15.74,16.02,600,0.00,0.00,0.00
2016-06-21,15.58,15.69,15.58,15.69,300,0.00,0.00,0.00
2016-06-22,16.03,16.03,16.03,16.03,1000,0.00,0.00,0.00
2016-06-23,16.29,16.29,15.93,15.99,1800,0.00,0.00,0.00
2016-06-24,15.56,15.56,15.50,15.50,1000,0.00,0.00,0.00
2016-06-27,14.98,14.98,14.95,14.96,800,0.00,0.00,0.00
2016-06-28,15.19,15.19,15.17,15.17,400,0.00,0.00,0.00
2016-06-29,15.55,15.55,15.55,15.55,100,0.00,0.00,0.00
2016-06-30,15.47,15.60,15.47,15.60,1600,0.00,0.00,0.00
2016-07-01,15.56,15.81,15.56,15.81,300,0.00,0.00,0.00
2016-07-05,16.02,16.02,15.79,15.82,2500,0.00,0.00,0.00
2016-07-06,15.78,15.78,15.78,15.78,200,0.00,0.00,0.00
2016-07-07,16.19,16.19,16.18,16.18,200,0.00,0.00,0.00
2016-07-08,16.49,16.49,16.45,16.45,400,0.00,0.00,0.00
2016-07-11,16.52,16.60,16.52,16.60,800,0.00,0.00,0.00
2016-07-12,16.79,16.79,16.79,16.79,200,0.00,0.00,0.00
2016-07-13,16.83,16.83,16.44,16.44,1300,0.00,0.00,0.00
2016-07-14,16.40,16.43,16.40,16.43,500,0.00,0.00,0.00
2016-07-15,16.61,16.61,16.61,16.61,400,0.00,0.00,0.00
2016-07-18,16.71,16.71,16.71,16.71,200,0.00,0.00,0.00
2016-07-19,16.50,16.50,16.50,16.50,100,0.00,0.00,0.00
2016-07-20,16.83,16.84,16.83,16.84,1900,0.00,0.00,0.00
2016-07-21,16.90,16.90,16.84,16.84,400,0.00,0.00,0.00
2016-07-22,16.86,16.86,16.86,16.86,200,0.00,0.00,0.00
2016-07-25,16.67,16.67,16.67,16.67,600,0.00,0.00,0.00
2016-07-26,17.04,17.04,17.04,17.04,100,0.00,0.00,0.00
2016-07-27,17.35,17.35,17.33,17.33,200,0.00,0.00,0.00
2016-07-28,17.50,17.54,17.50,17.54,600,0.00,0.00,0.00
2016-07-29,17.30,17.34,17.02,17.34,1700,0.00,0.00,0.00
2016-08-01,17.59,17.66,17.58,17.62,1200,0.00,0.00,0.00
2016-08-02,17.25,17.25,17.25,17.25,500,0.00,0.00,0.00
2016-08-03,17.58,17.58,17.57,17.57,400,0.00,0.00,0.00
2016-08-04,17.59,17.73,17.59,17.67,3500,0.00,0.00,0.00
2016-08-05,17.62,17.83,17.62,17.80,1400,0.00,0.00,0.00
2016-08-08,17.78,17.78,17.65,17.65,700,0.00,0.00,0.00
2016-08-09,17.66,17.70,17.66,17.67,4300,0.00,0.00,0.00
2016-08-10,17.52,17.52,17.28,17.33,1000,0.00,0.00,0.00
2016-08-11,17.52,17.52,17.51,17.51,200,0.00,0.00,0.00
2016-08-12,17.51,17.66,17.51,17.62,2400,0.00,0.00,0.00
2016-08-15,17.59,17.86,17.59,17.85,800,0.00,0.00,0.00
2016-08-16,17.68,17.68,17.68,17.68,200,0.00,0.00,0.00
2016-08-17,17.58,17.58,17.58,17.58,300,0.00,0.00,0.00
2016-08-18,17.52,17.57,17.52,17.57,500,0.00,0.00,0.00
2016-08-19,17.34,17.34,17.34,17.34,100,0.00,0.00,0.00
2016-08-22,17.56,17.56,17.56,17.56,100,0.00,0.00,0.00
2016-08-23,17.80,17.80,17.71,17.71,900,0.00,0.00,0.00
2016-08-24,17.81,17.81,16.90,16.93,2100,0.00,0.00,0.00
2016-08-25,17.06,17.06,16.60,16.60,2100,0.00,0.00,0.00
2016-08-26,16.88,16.88,16.79,16.79,2200,0.00,0.00,0.00
2016-08-29,17.07,17.07,17.07,17.07,200,0.00,0.00,0.00
2016-08-30,16.90,16.90,16.90,16.90,100,0.00,0.00,0.00
2016-08-31,16.67,16.67,16.67,16.67,400,0.00,0.00,0.00
2016-09-01,16.67,16.68,16.67,16.67,20200,0.00,0.00,0.00
2016-09-02,16.83,16.87,16.72,16.87,2700,0.00,0.00,0.00
2016-09-06,17.21,17.33,17.21,17.32,900,0.00,0.00,0.00
2016-09-07,17.58,17.58,17.57,17.57,500,0.00,0.00,0.00
2016-09-08,17.51,17.53,17.51,17.53,700,0.00,0.00,0.00
2016-09-09,17.50,17.51,17.30,17.30,1900,0.00,0.00,0.00
2016-09-12,17.38,17.38,17.38,17.38,200,0.00,0.00,0.00
2016-09-13,17.32,17.32,17.32,17.32,300,0.00,0.00,0.00
2016-09-14,17.32,17.32,17.32,17.32,0,0.00,0.00,0.00
2016-09-15,17.94,17.94,17.83,17.83,300,0.00,0.00,0.00
2016-09-16,17.64,18.07,17.64,18.05,2700,0.00,0.00,0.00
2016-09-19,18.24,18.26,18.24,18.26,500,0.00,0.00,0.00
2016-09-20,18.29,18.34,18.28,18.32,500,0.00,0.00,0.00
2016-09-21,18.29,18.53,18.13,18.53,5300,0.00,0.00,0.00
2016-09-22,18.47,18.47,18.47,18.47,1100,0.00,0.00,0.00
2016-09-23,18.65,18.65,18.65,18.65,200,0.00,0.00,0.00
2016-09-26,18.59,18.59,18.57,18.57,1100,0.00,0.00,0.00
2016-09-27,18.71,18.85,18.71,18.85,2800,0.00,0.00,0.00
2016-09-28,18.95,18.95,18.72,18.72,2200,0.00,0.00,0.00
2016-09-29,18.24,18.24,18.18,18.18,1300,0.00,0.00,0.00
2016-09-30,18.33,18.44,18.33,18.44,400,0.00,0.00,0.00
2016-10-03,18.21,18.41,18.21,18.28,3700,0.00,0.00,0.00
2016-10-04,18.53,18.53,18.31,18.31,600,0.00,0.00,0.00
2016-10-05,18.45,18.68,18.44,18.60,1600,0.00,0.00,0.00
2016-10-06,18.30,18.30,17.83,17.83,1300,0.00,0.00,0.00
2016-10-07,17.77,17.77,17.77,17.77,400,0.00,0.00,0.00
2016-10-10,17.96,18.09,17.96,18.08,500,0.00,0.00,0.00
2016-10-11,17.67,17.67,17.02,17.02,7100,0.00,0.00,0.00
2016-10-12,17.20,17.20,16.65,16.67,3700,0.00,0.00,0.00
2016-10-13,16.54,16.68,16.54,16.68,900,0.00,0.00,0.00
2016-10-14,16.73,16.73,16.35,16.35,300,0.00,0.00,0.00
2016-10-17,16.20,16.28,16.20,16.28,500,0.00,0.00,0.00
2016-10-18,16.43,16.43,16.43,16.43,200,0.00,0.00,0.00
2016-10-19,16.47,16.47,16.47,16.47,100,0.00,0.00,0.00
2016-10-20,16.43,16.48,16.43,16.48,7700,0.00,0.00,0.00
2016-10-21,16.43,16.43,16.36,16.36,1400,0.00,0.00,0.00
2016-10-24,16.53,16.53,16.53,16.53,1000,0.00,0.00,0.00
2016-10-25,16.20,16.20,16.13,16.13,1100,0.00,0.00,0.00
2016-10-26,16.11,16.11,15.97,15.97,300,0.00,0.00,0.00
2016-10-27,15.95,15.95,15.74,15.74,1500,0.00,0.00,0.00
2016-10-28,15.58,15.70,15.58,15.70,1000,0.00,0.00,0.00
2016-10-31,15.65,15.65,15.48,15.48,800,0.00,0.00,0.00
2016-11-01,15.39,15.54,15.32,15.32,65800,0.00,0.00,0.00
2016-11-02,15.13,15.13,15.13,15.13,100,0.00,0.00,0.00
2016-11-03,14.91,14.91,14.68,14.68,27600,0.00,0.00,0.00
2016-11-04,14.69,14.69,14.69,14.69,1100,0.00,0.00,0.00
2016-11-07,14.90,15.61,14.90,15.61,4500,0.00,0.00,0.00
2016-11-08,15.61,15.61,15.61,15.61,0,0.00,0.00,0.00
2016-11-09,16.27,16.86,16.27,16.86,8700,0.00,0.00,0.00
2016-11-10,17.33,17.54,17.12,17.45,106700,0.00,0.00,0.00
2016-11-11,17.44,17.50,17.35,17.40,13900,0.00,0.00,0.00
2016-11-14,17.70,17.97,17.60,17.97,4200,0.00,0.00,0.00
2016-11-15,17.76,18.01,17.76,17.98,7100,0.00,0.00,0.00
2016-11-16,17.80,17.86,17.54,17.54,2700,0.00,0.00,0.00
2016-11-17,17.43,18.04,17.22,17.39,2500,0.00,0.00,0.00
2016-11-18,17.45,17.49,17.19,17.30,7400,0.00,0.00,0.00
2016-11-21,17.40,17.57,17.39,17.57,1000,0.00,0.00,0.00
2016-11-22,17.23,17.34,17.23,17.28,600,0.00,0.00,0.00
2016-11-23,16.95,17.17,16.95,17.15,90500,0.00,0.00,0.00
2016-11-25,17.33,17.38,17.16,17.37,900,0.00,0.00,0.00
2016-11-28,17.11,17.25,16.90,16.90,900,0.00,0.00,0.00
2016-11-29,16.96,17.00,16.79,16.94,1800,0.00,0.00,0.00
2016-11-30,16.95,16.95,16.53,16.54,2900,0.00,0.00,0.00
2016-12-01,16.48,16.48,16.04,16.04,1200,0.00,0.00,0.00
2016-12-02,16.29,16.29,16.29,16.29,800,0.00,0.00,0.00
2016-12-05,16.44,16.53,16.40,16.52,400,0.00,0.00,0.00
2016-12-06,16.35,16.41,16.35,16.41,300,0.00,0.00,0.00
2016-12-07,15.89,15.89,15.82,15.83,1100,0.00,0.00,0.00
2016-12-08,15.90,15.90,15.90,15.90,200,0.00,0.00,0.00
2016-12-09,16.28,16.48,16.15,16.19,34500,0.00,0.00,0.00
2016-12-12,16.20,16.25,16.13,16.13,1400,0.00,0.00,0.00
2016-12-13,16.38,16.38,16.36,16.36,1900,0.00,0.00,0.00
2016-12-14,16.32,16.32,16.09,16.09,800,0.00,0.00,0.00
2016-12-15,16.69,16.69,16.67,16.67,1500,0.00,0.00,0.00
2016-12-16,16.80,16.80,16.72,16.72,900,0.00,0.00,0.00
2016-12-19,16.83,16.85,16.46,16.46,4200,0.00,0.00,0.00
2016-12-20,16.51,16.51,16.39,16.47,2200,0.00,0.00,0.00
2016-12-21,16.54,16.59,16.17,16.17,1000,0.00,0.00,0.00
2016-12-22,16.11,16.11,15.82,15.82,1100,0.00,0.00,0.00
2016-12-23,15.94,16.23,15.94,16.23,700,0.00,0.00,0.00
2016-12-27,16.28,16.38,16.27,16.30,1400,0.00,0.00,0.00
2016-12-28,16.05,16.05,16.05,16.05,100,0.00,0.00,0.00
2016-12-29,15.87,15.87,15.87,15.87,300,0.00,0.00,0.00
2016-12-30,15.83,15.83,15.66,15.67,23600,0.00,0.00,0.00
2017-01-03,15.93,16.05,15.91,15.92,1800,0.00,0.00,0.00
2017-01-04,16.25,16.85,16.25,16.81,1000,0.00,0.00,0.00
2017-01-05,16.80,16.80,16.45,16.60,1700,0.00,0.00,0.00
2017-01-06,16.76,16.88,16.76,16.88,800,0.00,0.00,0.00
2017-01-09,16.88,17.02,16.82,17.02,2700,0.00,0.00,0.00
2017-01-10,17.08,17.28,17.08,17.24,2800,0.00,0.00,0.00
2017-01-11,16.86,16.86,16.26,16.81,2500,0.00,0.00,0.00
2017-01-12,16.96,16.96,16.96,16.96,100,0.00,0.00,0.00
2017-01-13,16.97,16.97,16.97,16.97,100,0.00,0.00,0.00
2017-01-17,16.85,16.86,16.41,16.50,9600,0.00,0.00,0.00
2017-01-18,16.46,16.49,16.44,16.49,600,0.00,0.00,0.00
2017-01-19,16.40,16.40,16.35,16.40,900,0.00,0.00,0.00
2017-01-20,16.45,16.45,16.41,16.41,300,0.00,0.00,0.00
2017-01-23,16.20,16.31,16.19,16.29,2400,0.00,0.00,0.00
2017-01-24,16.10,16.26,16.07,16.26,3100,0.00,0.00,0.00
2017-01-25,16.39,16.43,16.33,16.43,1700,0.00,0.00,0.00
2017-01-26,16.41,16.43,16.41,16.43,700,0.00,0.00,0.00
2017-01-27,16.58,16.58,16.58,16.58,100,0.00,0.00,0.00
2017-01-30,16.25,16.25,16.22,16.23,1000,0.00,0.00,0.00
2017-01-31,16.11,16.84,16.11,16.84,32600,0.00,0.00,0.00
2017-02-01,16.85,16.90,16.85,16.90,900,0.00,0.00,0.00
2017-02-02,16.93,16.96,16.93,16.94,1300,0.00,0.00,0.00
2017-02-03,16.88,16.89,16.81,16.81,2000,0.00,0.00,0.00
2017-02-06,17.04,17.04,16.93,16.98,6000,0.00,0.00,0.00
2017-02-07,17.16,17.44,16.86,16.92,2400,0.00,0.00,0.00
2017-02-08,17.03,17.09,16.90,17.08,1600,0.00,0.00,0.00
2017-02-09,17.03,17.49,17.03,17.46,8700,0.00,0.00,0.00
2017-02-10,17.45,17.58,17.45,17.58,3100,0.00,0.00,0.00
2017-02-13,17.58,17.58,17.44,17.44,1900,0.00,0.00,0.00
2017-02-14,17.55,17.70,17.49,17.67,12800,0.00,0.00,0.00
2017-02-15,17.60,18.98,17.53,17.69,11600,0.00,0.00,0.00
2017-02-16,17.80,17.80,17.59,17.66,3500,0.00,0.00,0.00
2017-02-17,17.78,17.78,17.78,17.78,200,0.00,0.00,0.00
2017-02-21,18.03,18.03,17.72,17.81,4400,0.00,0.00,0.00
2017-02-22,17.81,17.81,17.65,17.65,2000,0.00,0.00,0.00
2017-02-23,17.65,17.65,17.50,17.50,600,0.00,0.00,0.00
2017-02-24,17.34,17.41,17.34,17.41,400,0.00,0.00,0.00
2017-02-27,17.78,18.23,17.78,18.23,1700,0.00,0.00,0.00
2017-02-28,18.37,18.37,18.37,18.37,700,0.00,0.00,0.00
2017-03-01,18.58,18.80,18.57,18.80,3700,0.00,0.00,0.00
2017-03-02,18.65,18.95,18.60,18.60,7100,0.00,0.00,0.00
2017-03-03,18.66,18.66,18.55,18.55,1500,0.00,0.00,0.00
2017-03-06,18.36,18.60,18.36,18.60,3900,0.00,0.00,0.00
2017-03-07,18.51,18.77,18.51,18.71,15000,0.00,0.00,0.00
2017-03-08,18.77,18.94,18.72,18.80,7800,0.00,0.00,0.00
2017-03-09,18.85,18.93,18.80,18.88,9200,0.00,0.00,0.00
2017-03-10,18.89,18.96,18.83,18.83,7700,0.00,0.00,0.00
2017-03-13,18.95,19.06,18.87,19.02,5200,0.00,0.00,0.00
2017-03-14,18.84,18.98,18.84,18.96,2100,0.00,0.00,0.00
2017-03-15,18.95,19.25,18.95,19.25,1200,0.00,0.00,0.00
2017-03-16,19.17,19.20,19.06,19.11,1500,0.00,0.00,0.00
2017-03-17,19.21,19.21,19.04,19.09,4700,0.00,0.00,0.00
2017-03-20,18.99,19.18,18.99,19.13,3000,0.00,0.00,0.00
2017-03-21,19.33,19.33,18.42,18.42,15600,0.00,0.00,0.00
2017-03-22,18.41,18.41,18.29,18.36,2100,0.00,0.00,0.00
2017-03-23,18.43,18.60,18.40,18.40,2600,0.00,0.00,0.00
2017-03-24,18.54,18.60,18.52,18.58,1400,0.00,0.00,0.00
2017-03-27,18.61,18.98,18.43,18.98,2000,0.00,0.00,0.00
2017-03-28,18.91,18.93,18.80,18.93,2000,0.00,0.00,0.00
2017-03-29,18.90,19.12,18.90,19.12,600,0.00,0.00,0.00
2017-03-30,19.10,19.10,19.01,19.07,6400,0.00,0.00,0.00
2017-03-31,19.05,19.17,19.00,19.15,1300,0.00,0.00,0.00
2017-04-03,19.01,19.24,18.97,18.97,6400,0.00,0.00,0.00
2017-04-04,18.97,18.97,18.90,18.90,600,0.00,0.00,0.00
2017-04-05,18.76,18.81,18.52,18.52,4200,0.00,0.00,0.00
2017-04-06,18.53,18.53,18.42,18.52,4300,0.00,0.00,0.00
2017-04-07,18.44,18.70,18.44,18.70,5000,0.00,0.00,0.00
2017-04-10,18.96,18.96,18.86,18.86,1700,0.00,0.00,0.00
2017-04-11,18.83,18.83,18.50,18.55,1300,0.00,0.00,0.00
2017-04-12,18.58,18.58,18.58,18.58,200,0.00,0.00,0.00
2017-04-13,18.64,18.64,18.64,18.64,800,0.00,0.00,0.00
2017-04-17,18.79,18.79,18.79,18.79,400,0.00,0.00,0.00
2017-04-18,18.82,18.82,18.49,18.49,600,0.00,0.00,0.00
2017-04-19,18.65,18.65,18.49,18.49,4100,0.00,0.00,0.00
2017-04-20,18.52,18.55,18.52,18.55,300,0.00,0.00,0.00
2017-04-21,18.46,18.46,18.35,18.38,2300,0.00,0.00,0.00
2017-04-24,18.61,18.73,18.59,18.73,1600,0.00,0.00,0.00
2017-04-25,19.06,19.08,19.05,19.05,2400,0.00,0.00,0.00
2017-04-26,19.13,19.35,19.11,19.33,7900,0.00,0.00,0.00
2017-04-27,19.39,19.39,19.28,19.30,5400,0.00,0.00,0.00
2017-04-28,19.26,19.26,18.92,18.97,120500,0.00,0.00,0.00
2017-05-01,19.18,19.22,18.98,19.21,6300,0.00,0.00,0.00
2017-05-02,19.19,19.19,18.94,19.01,5100,0.00,0.00,0.00
2017-05-03,19.02,19.03,18.47,18.83,5900,0.00,0.00,0.00
2017-05-04,18.86,18.97,18.76,18.97,5000,0.00,0.00,0.00
2017-05-05,19.12,19.12,18.59,18.70,8300,0.00,0.00,0.00
2017-05-08,18.98,18.98,18.34,18.36,8500,0.00,0.00,0.00
2017-05-09,18.55,18.59,18.44,18.59,2800,0.00,0.00,0.00
2017-05-10,18.45,18.61,18.36,18.54,6400,0.00,0.00,0.00
2017-05-11,18.48,18.53,18.48,18.53,1000,0.00,0.00,0.00
2017-05-12,18.57,18.89,18.57,18.87,5400,0.00,0.00,0.00
2017-05-15,18.99,19.19,18.91,19.12,5600,0.00,0.00,0.00
2017-05-16,19.17,19.21,19.05,19.20,7700,0.00,0.00,0.00
2017-05-17,19.13,19.13,18.58,18.58,3900,0.00,0.00,0.00
2017-05-18,18.73,19.19,18.73,19.19,4200,0.00,0.00,0.00
2017-05-19,19.28,19.28,19.12,19.13,3000,0.00,0.00,0.00
2017-05-22,19.12,19.26,19.00,19.13,17300,0.00,0.00,0.00
2017-05-23,19.32,19.32,19.17,19.27,3000,0.00,0.00,0.00
2017-05-24,19.41,19.47,19.32,19.44,36000,0.00,0.00,0.00
2017-05-25,19.58,19.58,19.20,19.22,7200,0.00,0.00,0.00
2017-05-26,19.26,19.27,19.05,19.05,7800,0.00,0.00,0.00
2017-05-30,19.02,19.04,18.57,18.71,13800,0.00,0.00,0.00
2017-05-31,18.71,18.71,18.49,18.67,16400,0.00,0.00,0.00
2017-06-01,18.85,19.22,18.83,19.20,14600,0.00,0.00,0.00
2017-06-02,19.38,19.59,19.22,19.58,20300,0.00,0.00,0.00
2017-06-05,19.77,19.77,19.18,19.25,8600,0.00,0.00,0.00
2017-06-06,19.32,19.47,19.30,19.37,5500,0.00,0.00,0.00
2017-06-07,19.40,19.65,19.37,19.56,9800,0.00,0.00,0.00
2017-06-08,19.67,19.91,19.56,19.84,6800,0.00,0.00,0.00
2017-06-09,20.03,20.08,19.57,19.57,8500,0.00,0.00,0.00
2017-06-12,19.54,19.64,19.34,19.57,5000,0.00,0.00,0.00
2017-06-13,19.50,19.79,19.49,19.79,7400,0.00,0.00,0.00
2017-06-14,19.89,19.89,19.68,19.72,5100,0.00,0.00,0.00
2017-06-15,19.55,19.60,19.39,19.53,16400,0.00,0.00,0.00
2017-06-16,19.45,19.58,19.38,19.56,13700,0.00,0.00,0.00
2017-06-19,19.78,20.20,19.74,20.18,12400,0.00,0.00,0.00
2017-06-20,20.25,20.68,20.18,20.24,39300,0.00,0.00,0.00
2017-06-21,20.70,20.87,20.64,20.87,31400,0.00,0.00,0.00
2017-06-22,21.03,21.34,20.97,21.20,66300,0.00,0.00,0.00
2017-06-23,21.24,21.43,20.94,21.39,37700,0.00,0.00,0.00
2017-06-26,22.13,22.13,21.19,21.48,49800,0.00,0.00,0.00
2017-06-27,21.48,21.51,20.77,20.80,42200,0.00,0.00,0.00
2017-06-28,20.93,21.37,20.89,21.35,13000,0.00,0.00,0.00
2017-06-29,21.30,21.31,20.80,20.88,41600,0.00,0.00,0.00
2017-06-30,21.02,21.02,20.66,20.73,43900,0.00,0.00,0.00
2017-07-03,20.71,20.87,20.57,20.78,13300,0.00,0.00,0.00
2017-07-05,20.85,21.04,20.70,21.02,16300,0.00,0.00,0.00
2017-07-06,20.83,20.83,20.46,20.46,12800,0.00,0.00,0.00
2017-07-07,20.45,20.70,20.45,20.56,70300,0.00,0.00,0.00
2017-07-10,20.63,20.67,20.20,20.27,16800,0.00,0.00,0.00
2017-07-11,20.36,20.57,20.35,20.56,17400,0.00,0.00,0.00
2017-07-12,20.58,20.68,20.57,20.67,15500,0.00,0.00,0.00
2017-07-13,20.85,20.85,20.44,20.78,20100,0.00,0.00,0.00
2017-07-14,20.90,20.90,20.67,20.77,18900,0.00,0.00,0.00
2017-07-17,20.71,20.89,20.65,20.65,10200,0.00,0.00,0.00
2017-07-18,20.71,20.71,20.41,20.47,20000,0.00,0.00,0.00
2017-07-19,20.45,20.71,20.45,20.55,7000,0.00,0.00,0.00
2017-07-20,20.55,20.84,20.55,20.72,13100,0.00,0.00,0.00
2017-07-21,20.88,20.93,20.83,20.83,9100,0.00,0.00,0.00
2017-07-24,20.87,21.17,20.80,21.16,11900,0.00,0.00,0.00
2017-07-25,21.41,21.41,20.92,21.15,12600,0.00,0.00,0.00
2017-07-26,21.23,21.32,20.97,21.20,15900,0.00,0.00,0.00
2017-07-27,21.07,21.24,20.55,20.70,11600,0.00,0.00,0.00
2017-07-28,20.83,20.91,20.70,20.90,10200,0.00,0.00,0.00
2017-07-31,21.06,21.06,20.59,20.64,14600,0.00,0.00,0.00
2017-08-01,20.85,20.85,20.33,20.51,11200,0.00,0.00,0.00
2017-08-02,20.59,20.71,20.12,20.58,11700,0.00,0.00,0.00
2017-08-03,20.49,20.88,20.49,20.76,17200,0.00,0.00,0.00
2017-08-04,20.88,21.10,20.88,21.08,42600,0.00,0.00,0.00
2017-08-07,21.09,21.36,20.97,21.28,22900,0.00,0.00,0.00
2017-08-08,21.41,21.41,21.04,21.04,11600,0.00,0.00,0.00
2017-08-09,20.78,21.01,20.78,20.84,9500,0.00,0.00,0.00
2017-08-10,20.77,20.77,20.31,20.35,7600,0.00,0.00,0.00
2017-08-11,20.27,20.74,20.27,20.73,8900,0.00,0.00,0.00
2017-08-14,21.06,21.13,20.95,21.13,11800,0.00,0.00,0.00
2017-08-15,21.07,21.20,20.93,20.93,7700,0.00,0.00,0.00
2017-08-16,21.08,21.18,20.83,20.83,17800,0.00,0.00,0.00
2017-08-17,20.80,20.90,20.33,20.33,37400,0.00,0.00,0.00
2017-08-18,20.37,20.40,20.15,20.24,6800,0.00,0.00,0.00
2017-08-21,20.17,20.37,20.11,20.33,3200,0.00,0.00,0.00
2017-08-22,20.42,20.86,20.41,20.83,9800,0.00,0.00,0.00
2017-08-23,20.75,20.98,20.72,20.83,10500,0.00,0.00,0.00
2017-08-24,20.87,21.05,20.79,21.05,4600,0.00,0.00,0.00
2017-08-25,21.28,21.46,20.96,21.07,12700,0.00,0.00,0.00
2017-08-28,21.53,22.21,21.53,22.19,41200,0.00,0.00,0.00
2017-08-29,22.13,22.52,22.04,22.41,24100,0.00,0.00,0.00
2017-08-30,22.41,22.72,22.41,22.59,38300,0.00,0.00,0.00
2017-08-31,22.59,23.41,22.59,23.29,70500,0.00,0.00,0.00
2017-09-01,23.52,23.55,23.20,23.48,87500,0.00,0.00,0.00
2017-09-05,23.23,23.43,22.92,23.30,53600,0.00,0.00,0.00
2017-09-06,23.52,23.52,23.03,23.21,24400,0.00,0.00,0.00
2017-09-07,23.29,23.43,23.00,23.43,23400,0.00,0.00,0.00
2017-09-08,23.43,23.43,23.24,23.26,11100,0.00,0.00,0.00
2017-09-11,23.61,23.61,23.30,23.46,17400,0.00,0.00,0.00
2017-09-12,23.63,23.63,23.31,23.41,29100,0.00,0.00,0.00
2017-09-13,23.54,23.63,23.34,23.61,35400,0.00,0.00,0.00
2017-09-14,23.62,23.81,23.37,23.60,18100,0.00,0.00,0.00
2017-09-15,23.60,23.70,23.46,23.56,17800,0.00,0.00,0.00
2017-09-18,23.71,23.83,23.63,23.68,39100,0.00,0.00,0.00
2017-09-19,23.81,23.81,23.42,23.53,30800,0.00,0.00,0.00
2017-09-20,23.61,23.90,23.56,23.79,27800,0.00,0.00,0.00
2017-09-21,23.68,24.17,23.68,23.85,17100,0.00,0.00,0.00
2017-09-22,23.89,23.96,23.74,23.86,13700,0.00,0.00,0.00
2017-09-25,23.89,23.89,23.53,23.69,21500,0.00,0.00,0.00
2017-09-26,23.65,23.81,23.40,23.47,13500,0.00,0.00,0.00
2017-09-27,23.47,23.71,23.33,23.65,29800,0.00,0.00,0.00
2017-09-28,23.72,24.26,23.62,24.12,30300,0.00,0.00,0.00
2017-09-29,24.25,24.31,24.03,24.30,42100,0.00,0.00,0.00
2017-10-02,24.40,24.52,24.08,24.45,35600,0.00,0.00,0.00
2017-10-03,24.60,24.71,24.23,24.71,37500,0.00,0.00,0.00
2017-10-04,24.72,24.86,24.50,24.53,37500,0.00,0.00,0.00
2017-10-05,24.69,24.87,24.51,24.83,19900,0.00,0.00,0.00
2017-10-06,24.82,25.01,24.70,24.90,29100,0.00,0.00,0.00
2017-10-09,24.96,25.16,24.76,24.77,43200,0.00,0.00,0.00
2017-10-10,24.83,24.90,24.45,24.76,47700,0.00,0.00,0.00
2017-10-11,24.81,24.81,24.63,24.68,34300,0.00,0.00,0.00
2017-10-12,24.80,24.80,24.45,24.56,36000,0.00,0.00,0.00
2017-10-13,24.80,24.80,24.35,24.44,30900,0.00,0.00,0.00
2017-10-16,24.44,24.89,24.31,24.48,27100,0.00,0.00,0.00
2017-10-17,24.63,24.73,24.46,24.51,56900,0.00,0.00,0.00
2017-10-18,24.71,24.75,24.35,24.43,35800,0.00,0.00,0.00
2017-10-19,24.32,24.40,24.08,24.35,45800,0.00,0.00,0.00
2017-10-20,24.35,24.71,24.35,24.55,25300,0.00,0.00,0.00
2017-10-23,24.56,24.72,24.42,24.42,26100,0.00,0.00,0.00
2017-10-24,24.45,24.45,23.88,23.91,48100,0.00,0.00,0.00
2017-10-25,23.79,23.86,23.37,23.46,52100,0.00,0.00,0.00
2017-10-26,23.36,23.36,23.03,23.15,74500,0.00,0.00,0.00
2017-10-27,23.28,23.74,23.20,23.73,126400,0.00,0.00,0.00
2017-10-30,23.80,24.07,23.60,23.91,109600,0.00,0.00,0.00
2017-10-31,24.00,24.23,23.78,24.04,62500,0.00,0.00,0.00
2017-11-01,24.10,24.16,23.31,23.34,42700,0.00,0.00,0.00
2017-11-02,23.01,23.50,22.89,23.37,35600,0.00,0.00,0.00
2017-11-03,23.59,23.76,23.47,23.69,26000,0.00,0.00,0.00
2017-11-06,23.79,23.79,23.43,23.46,38800,0.00,0.00,0.00
2017-11-07,23.41,23.41,22.78,22.81,42700,0.00,0.00,0.00
2017-11-08,22.83,22.90,22.69,22.84,91400,0.00,0.00,0.00
2017-11-09,22.83,22.83,22.21,22.50,115800,0.00,0.00,0.00
2017-11-10,22.32,22.76,22.32,22.76,12800,0.00,0.00,0.00
2017-11-13,22.73,22.75,22.47,22.56,28200,0.00,0.00,0.00
2017-11-14,22.53,22.55,21.68,22.10,73500,0.00,0.00,0.00
2017-11-15,21.94,22.42,21.80,22.34,42100,0.00,0.00,0.00
2017-11-16,22.47,22.94,22.47,22.68,26300,0.00,0.00,0.00
2017-11-17,22.81,22.88,22.55,22.83,33500,0.00,0.00,0.00
2017-11-20,22.91,23.00,22.75,22.87,37500,0.00,0.00,0.00
2017-11-21,23.08,23.31,22.94,23.14,70600,0.00,0.00,0.00
2017-11-22,23.28,23.60,23.21,23.56,74200,0.00,0.00,0.00
2017-11-24,23.56,23.72,23.35,23.35,39900,0.00,0.00,0.00
2017-11-27,23.38,23.50,23.20,23.39,38300,0.00,0.00,0.00
2017-11-28,23.49,23.49,23.01,23.40,26300,0.00,0.00,0.00
2017-11-29,23.59,23.62,22.99,23.15,34400,0.00,0.00,0.00
2017-11-30,23.35,23.82,23.35,23.78,29900,0.00,0.00,0.00
2017-12-01,23.91,24.17,23.21,24.06,37200,0.00,0.00,0.00
2017-12-04,24.22,24.54,23.14,23.14,44300,0.00,0.00,0.00
2017-12-05,23.30,23.49,22.84,22.86,18900,0.00,0.00,0.00
2017-12-06,22.76,22.80,22.24,22.61,26800,0.00,0.00,0.00
2017-12-07,22.56,23.15,22.56,23.06,27900,0.00,0.00,0.00
2017-12-08,23.49,23.49,23.15,23.30,49000,0.00,0.00,0.00
2017-12-11,23.64,23.72,22.81,22.89,58000,0.00,0.00,0.00
2017-12-12,23.04,23.04,22.39,22.46,48300,0.00,0.00,0.00
2017-12-13,22.46,22.71,22.22,22.56,38500,0.00,0.00,0.00
2017-12-14,22.61,22.65,22.15,22.19,29100,0.00,0.00,0.00
2017-12-15,22.36,22.67,22.05,22.60,58600,0.00,0.00,0.00
2017-12-18,23.03,23.03,22.59,22.76,52100,0.00,0.00,0.00
2017-12-19,22.85,22.85,22.47,22.56,41200,0.00,0.00,0.00
2017-12-20,22.75,22.85,22.54,22.79,39000,0.00,0.00,0.00
2017-12-21,22.86,23.01,22.83,22.95,28100,0.00,0.00,0.00
2017-12-22,22.97,23.08,22.63,23.00,21100,0.00,0.00,0.00
2017-12-26,22.92,23.22,22.92,23.08,17800,0.00,0.00,0.00
2017-12-27,23.22,23.34,23.06,23.20,25200,0.33,0.00,0.00
2017-12-28,23.33,23.33,22.99,23.32,25000,0.00,0.00,0.00
2017-12-29,23.50,23.58,22.96,22.98,70700,0.00,0.00,0.00
2018-01-02,23.13,23.88,23.04,23.81,82200,0.00,0.00,0.00
2018-01-03,23.93,24.15,23.79,23.97,65500,0.00,0.00,0.00
2018-01-04,24.17,24.25,23.84,24.17,30100,0.00,0.00,0.00
2018-01-05,24.39,24.40,24.18,24.26,123100,0.00,0.00,0.00
2018-01-08,24.07,24.07,23.22,23.64,75100,0.00,0.00,0.00
2018-01-09,23.83,24.09,23.78,24.01,52800,0.00,0.00,0.00
2018-01-10,24.02,24.16,23.63,24.16,31500,0.00,0.00,0.00
2018-01-11,24.35,24.43,24.16,24.23,51100,0.00,0.00,0.00
2018-01-12,24.33,24.60,24.12,24.12,95100,0.00,0.00,0.00
2018-01-16,24.17,24.40,23.18,23.41,94200,0.00,0.00,0.00
2018-01-17,24.17,24.38,24.04,24.25,78700,0.00,0.00,0.00
2018-01-18,24.29,24.53,23.94,24.42,49300,0.00,0.00,0.00
2018-01-19,24.63,24.63,24.22,24.47,77900,0.00,0.00,0.00
2018-01-22,24.99,25.89,24.99,25.86,235000,0.00,0.00,0.00
2018-01-23,26.09,26.54,25.89,26.48,246000,0.00,0.00,0.00
2018-01-24,26.74,26.74,25.89,26.22,170300,0.00,0.00,0.00
2018-01-25,26.56,26.65,26.15,26.55,167400,0.00,0.00,0.00
2018-01-26,26.80,27.00,26.52,26.85,132300,0.00,0.00,0.00
2018-01-29,27.00,27.62,26.84,27.46,242600,0.00,0.00,0.00
2018-01-30,27.01,27.13,26.42,26.79,148700,0.00,0.00,0.00
2018-01-31,26.99,26.99,25.80,25.98,255600,0.00,0.00,0.00
2018-02-01,25.94,26.09,25.50,25.71,57200,0.00,0.00,0.00
2018-02-02,25.43,25.66,24.89,24.89,118700,0.00,0.00,0.00
2018-02-05,24.53,25.15,23.87,24.10,105000,0.00,0.00,0.00
2018-02-06,23.55,24.75,23.18,24.65,131900,0.00,0.00,0.00
2018-02-07,24.63,25.40,24.63,25.18,123800,0.00,0.00,0.00
2018-02-08,25.43,25.46,23.83,23.86,85400,0.00,0.00,0.00
2018-02-09,23.76,24.38,22.52,23.78,98800,0.00,0.00,0.00
2018-02-12,24.04,24.41,23.68,24.16,89500,0.00,0.00,0.00
2018-02-13,24.10,24.25,23.54,24.20,53200,0.00,0.00,0.00
2018-02-14,23.85,24.93,23.75,24.78,109400,0.00,0.00,0.00
2018-02-15,25.05,25.21,24.61,25.05,83100,0.00,0.00,0.00
2018-02-16,25.22,25.43,25.00,25.10,87800,0.00,0.00,0.00
2018-02-20,25.10,25.32,24.73,24.77,44000,0.00,0.00,0.00
2018-02-21,24.87,25.79,24.77,25.06,107500,0.00,0.00,0.00
2018-02-22,25.32,25.42,24.96,24.98,84100,0.00,0.00,0.00
2018-02-23,25.33,25.48,24.83,25.41,85600,0.00,0.00,0.00
2018-02-26,25.79,26.25,25.52,26.21,135700,0.00,0.00,0.00
2018-02-27,26.28,26.32,25.71,25.79,130900,0.00,0.00,0.00
2018-02-28,25.90,26.14,25.50,25.50,68800,0.00,0.00,0.00
2018-03-01,25.50,25.55,24.78,25.12,111400,0.00,0.00,0.00
2018-03-02,24.71,25.87,24.45,25.82,119500,0.00,0.00,0.00
2018-03-05,25.87,26.26,25.65,26.14,60400,0.00,0.00,0.00
2018-03-06,26.40,26.44,25.96,26.34,82400,0.00,0.00,0.00
2018-03-07,26.25,27.00,26.21,26.94,135700,0.00,0.00,0.00
2018-03-08,27.21,27.54,27.01,27.47,177600,0.00,0.00,0.00
2018-03-09,27.86,28.38,27.50,28.24,223000,0.00,0.00,0.00
2018-03-12,28.55,28.63,27.94,28.23,258500,0.00,0.00,0.00
2018-03-13,28.44,28.57,27.81,28.04,167000,0.00,0.00,0.00
2018-03-14,28.06,28.09,27.36,27.61,104900,0.00,0.00,0.00
2018-03-15,27.56,27.58,26.77,26.96,101600,0.00,0.00,0.00
2018-03-16,26.76,27.12,26.71,26.79,85800,0.00,0.00,0.00
2018-03-19,26.71,26.71,25.99,26.34,121700,0.00,0.00,0.00
2018-03-20,26.36,26.68,26.13,26.30,71700,0.00,0.00,0.00
2018-03-21,26.15,26.55,26.05,26.36,92100,0.00,0.00,0.00
2018-03-22,26.15,26.45,25.80,25.84,74300,0.00,0.00,0.00
2018-03-23,25.77,26.15,25.32,25.32,82500,0.00,0.00,0.00
2018-03-26,25.79,25.98,24.89,25.67,78100,0.00,0.00,0.00
2018-03-27,25.89,25.89,24.25,24.27,133500,0.00,0.00,0.00
2018-03-28,24.17,24.27,23.51,24.06,112700,0.00,0.00,0.00
2018-03-29,24.33,24.53,23.95,24.16,88500,0.00,0.00,0.00
2018-04-02,24.37,24.37,23.11,23.33,133700,0.00,0.00,0.00
2018-04-03,23.35,23.84,23.22,23.81,33800,0.00,0.00,0.00
2018-04-04,23.29,24.45,23.29,24.35,52400,0.00,0.00,0.00
2018-04-05,24.70,24.88,23.90,24.07,47600,0.00,0.00,0.00
2018-04-06,23.71,24.16,23.11,23.28,62400,0.00,0.00,0.00
2018-04-09,23.46,24.22,23.46,23.69,44600,0.00,0.00,0.00
2018-04-10,24.21,24.53,24.00,24.44,62300,0.00,0.00,0.00
2018-04-11,24.30,25.18,24.30,24.74,49900,0.00,0.00,0.00
2018-04-12,24.95,25.31,24.87,25.15,61800,0.00,0.00,0.00
2018-04-13,25.33,25.33,24.65,24.84,44800,0.00,0.00,0.00
2018-04-16,25.10,25.12,24.66,24.74,29500,0.00,0.00,0.00
2018-04-17,25.00,25.48,24.88,25.38,70000,0.00,0.00,0.00
2018-04-18,25.55,25.69,25.31,25.47,244500,0.00,0.00,0.00
2018-04-19,25.56,25.58,25.02,25.08,220000,0.00,0.00,0.00
2018-04-20,25.25,25.25,24.78,24.83,45200,0.00,0.00,0.00
2018-04-23,25.08,25.08,24.19,24.45,286600,0.00,0.00,0.00
2018-04-24,24.71,24.80,23.97,24.15,218600,0.00,0.00,0.00
2018-04-25,24.09,24.24,23.70,23.89,57400,0.00,0.00,0.00
2018-04-26,23.88,24.40,23.88,24.40,64600,0.00,0.00,0.00
2018-04-27,24.55,24.55,24.03,24.33,167300,0.00,0.00,0.00
2018-04-30,24.39,24.61,23.81,23.84,39500,0.00,0.00,0.00
2018-05-01,23.81,24.05,23.73,24.03,27600,0.00,0.00,0.00
2018-05-02,24.14,24.45,23.81,24.19,16700,0.00,0.00,0.00
2018-05-03,24.21,24.21,23.61,23.96,192400,0.00,0.00,0.00
2018-05-04,23.56,24.46,23.56,24.18,31900,0.00,0.00,0.00
2018-05-07,24.30,24.99,24.30,24.79,70300,0.00,0.00,0.00
2018-05-08,24.88,24.88,24.47,24.63,25100,0.00,0.00,0.00
2018-05-09,24.67,25.37,24.67,25.33,132300,0.00,0.00,0.00
2018-05-10,25.35,25.70,25.23,25.24,107400,0.00,0.00,0.00
2018-05-11,25.33,26.08,25.33,26.04,112600,0.00,0.00,0.00
2018-05-14,26.05,26.70,26.04,26.38,68500,0.00,0.00,0.00
2018-05-15,26.49,26.49,26.04,26.34,91700,0.00,0.00,0.00
2018-05-16,26.40,26.71,26.05,26.49,126400,0.00,0.00,0.00
2018-05-17,26.39,26.74,26.27,26.71,72400,0.00,0.00,0.00
2018-05-18,26.74,26.85,26.27,26.40,67400,0.00,0.00,0.00
2018-05-21,26.52,26.65,25.99,26.14,46100,0.00,0.00,0.00
2018-05-22,26.26,26.82,26.23,26.70,336800,0.00,0.00,0.00
2018-05-23,26.67,27.30,26.63,27.17,148600,0.00,0.00,0.00
2018-05-24,27.30,27.43,26.99,27.20,71500,0.00,0.00,0.00
2018-05-25,27.31,27.31,26.94,27.11,49800,0.00,0.00,0.00
2018-05-29,27.01,27.07,26.63,26.85,110000,0.00,0.00,0.00
2018-05-30,27.13,27.56,27.13,27.49,68800,0.00,0.00,0.00
2018-05-31,27.28,27.65,27.21,27.43,78200,0.00,0.00,0.00
2018-06-01,27.69,27.70,27.04,27.17,102400,0.00,0.00,0.00
2018-06-04,27.21,27.32,26.72,27.32,120700,0.00,0.00,0.00
2018-06-05,27.40,27.79,27.40,27.77,138000,0.00,0.00,0.00
2018-06-06,27.95,28.07,27.78,28.07,126300,0.00,0.00,0.00
2018-06-07,28.04,28.12,27.57,27.83,72400,0.00,0.00,0.00
2018-06-08,27.91,28.03,27.67,27.89,68600,0.00,0.00,0.00
2018-06-11,27.96,28.20,27.29,27.52,110700,0.00,0.00,0.00
2018-06-12,27.76,27.96,27.64,27.81,89500,0.00,0.00,0.00
2018-06-13,27.92,28.24,27.71,27.93,83700,0.00,0.00,0.00
2018-06-14,28.05,28.31,27.85,28.31,163200,0.00,0.00,0.00
2018-06-15,28.03,28.41,28.03,28.38,64700,0.00,0.00,0.00
2018-06-18,28.36,28.65,28.07,28.62,113300,0.00,0.00,0.00
2018-06-19,28.56,28.88,28.22,28.85,53800,0.00,0.00,0.00
2018-06-20,29.04,29.65,29.04,29.63,135800,0.00,0.00,0.00
2018-06-21,29.79,29.84,28.91,29.01,167600,0.00,0.00,0.00
2018-06-22,29.27,29.29,28.59,28.80,96400,0.00,0.00,0.00
2018-06-25,28.80,28.80,27.75,27.89,151700,0.00,0.00,0.00
2018-06-26,27.97,28.15,27.53,28.01,132000,0.00,0.00,0.00
2018-06-27,28.22,28.23,27.12,27.12,149200,0.00,0.00,0.00
2018-06-28,27.28,27.28,26.51,27.19,65600,0.00,0.00,0.00
2018-06-29,27.42,27.58,27.27,27.27,54000,0.00,0.00,0.00
2018-07-02,27.41,27.87,27.19,27.87,56300,0.00,0.00,0.00
2018-07-03,28.10,28.15,27.78,28.10,307600,0.00,0.00,0.00
2018-07-05,28.45,28.45,27.81,28.29,92000,0.00,0.00,0.00
2018-07-06,28.57,29.16,28.57,29.16,113300,0.00,0.00,0.00
2018-07-09,29.45,29.54,28.88,29.24,113800,0.00,0.00,0.00
2018-07-10,29.39,29.51,29.05,29.13,85600,0.00,0.00,0.00
2018-07-11,28.76,29.31,28.68,29.22,57600,0.00,0.00,0.00
2018-07-12,29.56,29.65,29.28,29.65,101200,0.00,0.00,0.00
2018-07-13,29.90,29.92,29.50,29.74,126200,0.00,0.00,0.00
2018-07-16,29.90,29.90,28.85,28.94,116800,0.00,0.00,0.00
2018-07-17,28.85,29.40,28.84,29.27,136400,0.00,0.00,0.00
2018-07-18,29.28,29.28,28.80,29.08,107300,0.00,0.00,0.00
2018-07-19,29.07,29.46,28.85,29.45,232300,0.00,0.00,0.00
2018-07-20,29.46,29.53,29.18,29.31,85000,0.00,0.00,0.00
2018-07-23,29.42,29.46,29.01,29.05,81700,0.00,0.00,0.00
2018-07-24,29.29,29.35,28.11,28.33,120800,0.00,0.00,0.00
2018-07-25,28.53,28.70,28.26,28.67,88600,0.00,0.00,0.00
2018-07-26,28.61,28.63,28.03,28.26,67700,0.00,0.00,0.00
2018-07-27,28.61,28.61,26.98,27.22,162000,0.00,0.00,0.00
2018-07-30,27.18,27.25,26.77,26.88,114300,0.00,0.00,0.00
2018-07-31,27.13,27.79,27.07,27.59,55000,0.00,0.00,0.00
2018-08-01,27.71,27.91,27.40,27.54,54400,0.00,0.00,0.00
2018-08-02,27.52,27.87,27.36,27.82,442300,0.00,0.00,0.00
2018-08-03,27.52,27.88,27.48,27.51,52800,0.00,0.00,0.00
2018-08-06,27.50,27.79,27.40,27.68,53800,0.00,0.00,0.00
2018-08-07,27.91,28.07,27.65,28.05,113900,0.00,0.00,0.00
2018-08-08,28.16,28.40,28.06,28.29,152100,0.00,0.00,0.00
2018-08-09,28.38,29.14,28.26,28.69,204800,0.00,0.00,0.00
2018-08-10,28.62,28.96,28.39,28.86,54500,0.00,0.00,0.00
2018-08-13,28.92,29.04,28.60,28.82,59800,0.00,0.00,0.00
2018-08-14,28.85,29.29,28.85,29.06,118300,0.00,0.00,0.00
2018-08-15,28.82,29.04,28.49,28.71,170000,0.00,0.00,0.00
2018-08-16,28.74,29.32,28.74,29.09,84200,0.00,0.00,0.00
2018-08-17,29.17,29.17,28.63,28.98,86100,0.00,0.00,0.00
2018-08-20,29.08,29.20,28.82,29.16,63900,0.00,0.00,0.00
2018-08-21,29.33,29.85,29.24,29.74,117600,0.00,0.00,0.00
2018-08-22,29.81,29.99,29.70,29.91,116600,0.00,0.00,0.00
2018-08-23,29.84,30.16,29.73,30.03,216800,0.00,0.00,0.00
2018-08-24,30.20,30.45,30.08,30.36,238900,0.00,0.00,0.00
2018-08-27,30.57,31.02,30.39,30.92,141400,0.00,0.00,0.00
2018-08-28,30.90,30.99,30.64,30.96,92300,0.00,0.00,0.00
2018-08-29,31.15,31.71,30.94,31.62,176700,0.00,0.00,0.00
2018-08-30,31.67,32.12,31.55,32.02,293600,0.00,0.00,0.00
2018-08-31,32.12,32.53,32.04,32.33,283700,0.00,0.00,0.00
2018-09-04,32.33,32.55,31.56,32.05,231800,0.00,0.00,0.00
2018-09-05,32.18,32.26,31.11,31.68,265600,0.00,0.00,0.00
2018-09-06,31.62,31.62,30.56,30.56,229800,0.00,0.00,0.00
2018-09-07,30.20,30.95,30.18,30.48,130900,0.00,0.00,0.00
2018-09-10,30.76,30.76,30.07,30.31,111700,0.00,0.00,0.00
2018-09-11,30.13,30.85,30.13,30.81,124400,0.00,0.00,0.00
2018-09-12,31.08,31.08,30.46,30.88,112100,0.00,0.00,0.00
2018-09-13,31.14,31.38,30.89,31.27,421100,0.00,0.00,0.00
2018-09-14,31.51,31.73,31.25,31.59,244200,0.00,0.00,0.00
2018-09-17,31.78,31.78,31.02,31.11,218300,0.00,0.00,0.00
2018-09-18,31.08,31.97,31.05,31.94,211300,0.00,0.00,0.00
2018-09-19,32.03,32.14,31.35,31.42,215400,0.00,0.00,0.00
2018-09-20,31.73,31.87,31.41,31.58,205400,0.00,0.00,0.00
2018-09-21,31.68,31.74,30.63,30.69,315800,0.00,0.00,0.00
2018-09-24,30.69,30.95,30.36,30.89,108500,0.00,0.00,0.00
2018-09-25,31.20,31.42,31.00,31.23,240100,0.00,0.00,0.00
2018-09-26,31.44,31.52,31.04,31.07,164000,0.00,0.00,0.00
2018-09-27,31.37,31.67,31.16,31.52,192200,0.00,0.00,0.00
2018-09-28,31.40,31.62,31.29,31.37,151300,0.00,0.00,0.00
2018-10-01,31.64,31.64,30.53,30.60,158200,0.00,0.00,0.00
2018-10-02,30.79,30.79,29.73,29.80,269700,0.00,0.00,0.00
2018-10-03,29.78,30.19,29.67,29.99,161400,0.00,0.00,0.00
2018-10-04,29.99,29.99,28.67,28.86,258400,0.00,0.00,0.00
2018-10-05,28.70,29.20,27.82,28.43,233100,0.00,0.00,0.00
2018-10-08,28.32,28.43,27.61,27.91,193500,0.00,0.00,0.00
2018-10-09,27.92,28.43,27.90,28.09,159400,0.00,0.00,0.00
2018-10-10,28.06,28.06,26.71,26.72,234100,0.00,0.00,0.00
2018-10-11,27.20,27.35,26.40,26.67,140000,0.00,0.00,0.00
2018-10-12,27.35,27.60,26.87,27.31,121500,0.00,0.00,0.00
2018-10-15,27.44,27.44,26.56,27.01,85500,0.00,0.00,0.00
2018-10-16,27.28,28.38,27.12,28.29,104600,0.00,0.00,0.00
2018-10-17,28.31,28.49,27.69,28.28,68600,0.00,0.00,0.00
2018-10-18,28.28,28.32,27.35,27.56,95400,0.00,0.00,0.00
2018-10-19,27.67,28.06,26.84,26.87,111100,0.00,0.00,0.00
2018-10-22,27.07,27.10,26.31,26.54,72600,0.00,0.00,0.00
2018-10-23,25.97,26.73,25.63,26.35,188500,0.00,0.00,0.00
2018-10-24,26.51,26.68,24.59,24.63,217800,0.00,0.00,0.00
2018-10-25,24.81,25.56,24.62,25.25,229100,0.00,0.00,0.00
2018-10-26,24.57,25.33,24.38,24.96,122400,0.00,0.00,0.00
2018-10-29,25.33,25.71,24.10,24.49,123500,0.00,0.00,0.00
2018-10-30,24.27,25.40,24.27,25.22,166700,0.00,0.00,0.00
2018-10-31,25.75,26.27,25.75,25.94,70200,0.00,0.00,0.00
2018-11-01,26.22,26.96,26.20,26.91,275400,0.00,0.00,0.00
2018-11-02,27.95,28.34,27.53,28.15,340100,0.00,0.00,0.00
2018-11-05,28.38,28.42,27.54,28.12,119800,0.00,0.00,0.00
2018-11-06,27.98,28.31,27.71,27.92,100800,0.00,0.00,0.00
2018-11-07,28.40,28.95,28.19,28.84,259000,0.00,0.00,0.00
2018-11-08,29.09,29.23,28.49,28.64,361100,0.00,0.00,0.00
2018-11-09,28.20,28.47,27.87,28.03,149100,0.00,0.00,0.00
2018-11-12,27.92,27.92,26.75,26.89,79300,0.00,0.00,0.00
2018-11-13,26.89,27.45,26.89,27.07,54300,0.00,0.00,0.00
2018-11-14,27.35,27.43,26.19,26.27,61100,0.00,0.00,0.00
2018-11-15,26.25,27.31,26.12,27.19,47700,0.00,0.00,0.00
2018-11-16,27.08,27.45,26.72,27.34,58000,0.00,0.00,0.00
2018-11-19,27.32,27.34,26.03,26.22,72200,0.00,0.00,0.00
2018-11-20,25.68,26.09,25.27,25.69,125700,0.00,0.00,0.00
2018-11-21,26.27,26.47,25.84,26.41,178200,0.00,0.00,0.00
2018-11-23,26.19,27.06,25.86,26.57,23100,0.00,0.00,0.00
2018-11-26,27.01,27.28,26.78,27.17,226300,0.00,0.00,0.00
2018-11-27,26.82,26.99,26.63,26.70,141200,0.00,0.00,0.00
2018-11-28,27.01,27.75,26.70,27.75,62200,0.00,0.00,0.00
2018-11-29,27.64,28.17,27.49,27.87,99700,0.00,0.00,0.00
2018-11-30,27.94,27.95,27.47,27.95,65900,0.00,0.00,0.00
2018-12-03,28.62,28.81,28.38,28.77,127000,0.00,0.00,0.00
2018-12-04,28.75,28.94,27.23,27.24,130900,0.00,0.00,0.00
2018-12-06,26.63,27.31,26.35,27.19,155400,0.00,0.00,0.00
2018-12-07,27.09,27.29,26.03,26.18,115000,0.00,0.00,0.00
2018-12-10,26.12,26.49,25.76,26.32,34700,0.00,0.00,0.00
2018-12-11,26.71,26.77,26.14,26.46,157300,0.00,0.00,0.00
2018-12-12,26.92,27.29,26.82,26.83,47700,0.00,0.00,0.00
2018-12-13,27.05,27.05,26.09,26.21,89000,0.00,0.00,0.00
2018-12-14,25.79,26.24,25.43,25.57,214300,0.00,0.00,0.00
2018-12-17,25.39,25.84,24.54,24.60,104100,0.00,0.00,0.00
2018-12-18,24.93,25.02,23.94,24.25,99600,0.00,0.00,0.00
2018-12-19,24.26,24.85,23.48,23.72,97900,0.00,0.00,0.00
2018-12-20,23.58,23.89,22.41,22.61,345100,0.00,0.00,0.00
2018-12-21,22.78,22.78,20.95,20.98,659800,0.00,0.00,0.00
2018-12-24,20.94,21.36,20.62,21.02,142200,0.00,0.00,0.00
2018-12-26,21.21,22.26,21.04,22.22,193100,0.00,0.00,0.00
2018-12-27,22.07,22.18,21.15,22.11,178700,0.47,0.00,0.00
2018-12-28,22.26,22.78,22.00,22.35,177600,0.00,0.00,0.00
2018-12-31,22.51,23.04,22.51,22.95,405500,0.00,0.00,0.00
2019-01-02,22.68,23.47,22.45,23.47,107800,0.00,0.00,0.00
2019-01-03,23.45,23.61,23.06,23.17,62100,0.00,0.00,0.00
2019-01-04,23.55,24.73,23.55,24.63,146600,0.00,0.00,0.00
2019-01-07,25.42,26.34,25.22,26.15,212600,0.00,0.00,0.00
2019-01-08,26.51,26.60,25.43,25.94,190700,0.00,0.00,0.00
2019-01-09,26.05,26.88,25.99,26.73,144100,0.00,0.00,0.00
2019-01-10,26.44,26.93,26.17,26.91,98300,0.00,0.00,0.00
2019-01-11,26.78,26.98,26.49,26.88,94300,0.00,0.00,0.00
2019-01-14,26.53,26.62,26.19,26.19,78800,0.00,0.00,0.00
2019-01-15,26.44,26.93,26.19,26.92,137100,0.00,0.00,0.00
2019-01-16,27.07,27.65,27.07,27.12,190500,0.00,0.00,0.00
2019-01-17,27.05,27.54,26.95,27.33,118100,0.00,0.00,0.00
2019-01-18,27.65,27.66,27.11,27.60,157100,0.00,0.00,0.00
2019-01-22,27.01,27.34,26.40,26.62,188800,0.00,0.00,0.00
2019-01-23,26.70,27.18,25.80,26.04,79400,0.00,0.00,0.00
2019-01-24,26.09,26.49,25.97,26.49,37900,0.00,0.00,0.00
2019-01-25,26.75,27.01,26.33,26.98,87600,0.00,0.00,0.00
2019-01-28,26.56,26.78,26.06,26.22,46000,0.00,0.00,0.00
2019-01-29,26.16,26.22,25.72,25.92,119800,0.00,0.00,0.00
2019-01-30,26.18,26.50,25.88,26.46,84500,0.00,0.00,0.00
2019-01-31,26.41,27.03,26.40,27.01,150500,0.00,0.00,0.00
2019-02-01,27.01,27.39,26.85,27.05,54500,0.00,0.00,0.00
2019-02-04,27.09,27.35,26.85,27.34,357000,0.00,0.00,0.00
2019-02-05,27.47,27.76,27.00,27.10,69900,0.00,0.00,0.00
2019-02-06,27.18,27.37,26.95,27.15,46200,0.00,0.00,0.00
2019-02-07,26.87,27.03,26.17,26.41,77600,0.00,0.00,0.00
2019-02-08,26.12,26.70,26.12,26.59,40300,0.00,0.00,0.00
2019-02-11,26.64,27.10,26.64,26.93,74500,0.00,0.00,0.00
2019-02-12,27.24,27.32,27.01,27.32,160100,0.00,0.00,0.00
2019-02-13,27.48,27.66,27.34,27.51,87300,0.00,0.00,0.00
2019-02-14,27.44,27.47,27.21,27.42,60300,0.00,0.00,0.00
2019-02-15,27.67,27.86,27.39,27.77,69700,0.00,0.00,0.00
2019-02-19,27.73,27.96,27.73,27.81,119400,0.00,0.00,0.00
2019-02-20,27.88,28.33,27.82,28.19,66100,0.00,0.00,0.00
2019-02-21,28.31,28.35,27.55,27.75,91500,0.00,0.00,0.00
2019-02-22,27.81,28.26,27.81,28.21,81100,0.00,0.00,0.00
2019-02-25,28.71,29.34,28.71,29.19,189300,0.00,0.00,0.00
2019-02-26,28.95,29.28,28.95,29.04,97200,0.00,0.00,0.00
2019-02-27,28.95,29.91,28.95,29.84,132900,0.00,0.00,0.00
2019-02-28,29.94,30.05,29.32,29.46,160800,0.00,0.00,0.00
2019-03-01,29.67,30.75,29.62,30.71,143800,0.00,0.00,0.00
2019-03-04,31.32,31.32,29.80,30.43,204200,0.00,0.00,0.00
2019-03-05,30.36,30.67,29.93,30.32,156700,0.00,0.00,0.00
2019-03-06,30.35,30.39,29.10,29.15,138500,0.00,0.00,0.00
2019-03-07,29.04,29.52,28.55,29.20,175000,0.00,0.00,0.00
2019-03-08,28.62,29.33,28.40,29.27,131400,0.00,0.00,0.00
2019-03-11,29.42,30.42,29.41,30.42,177100,0.00,0.00,0.00
2019-03-12,30.49,30.87,30.17,30.75,176700,0.00,0.00,0.00
2019-03-13,30.85,31.22,30.56,31.10,193700,0.00,0.00,0.00
2019-03-14,31.11,31.18,30.60,30.79,123700,0.00,0.00,0.00
2019-03-15,30.97,31.53,30.86,31.39,234900,0.00,0.00,0.00
2019-03-18,31.46,31.79,31.09,31.43,178100,0.00,0.00,0.00
2019-03-19,31.61,31.67,31.23,31.45,159700,0.00,0.00,0.00
2019-03-20,31.39,31.94,31.26,31.62,156700,0.00,0.00,0.00
2019-03-21,31.60,32.27,31.34,32.25,126100,0.00,0.00,0.00
2019-03-22,31.95,32.14,30.61,30.62,204700,0.00,0.00,0.00
2019-03-25,30.49,30.93,30.13,30.70,235500,0.00,0.00,0.00
2019-03-26,31.05,31.10,30.54,30.87,158800,0.00,0.00,0.00
2019-03-27,30.82,30.85,29.90,30.42,105500,0.00,0.00,0.00
2019-03-28,30.43,30.95,30.43,30.91,72400,0.00,0.00,0.00
2019-03-29,31.27,31.47,31.04,31.47,137100,0.00,0.00,0.00
2019-04-01,31.83,32.03,31.43,31.59,131500,0.00,0.00,0.00
2019-04-02,31.75,32.06,31.50,32.04,157900,0.00,0.00,0.00
2019-04-03,32.33,32.74,32.14,32.74,359500,0.00,0.00,0.00
2019-04-04,32.71,32.73,32.01,32.46,171800,0.00,0.00,0.00
2019-04-05,32.53,33.07,32.39,33.06,178600,0.00,0.00,0.00
2019-04-08,33.11,33.15,32.49,32.92,224700,0.00,0.00,0.00
2019-04-09,32.77,32.91,32.31,32.38,182000,0.00,0.00,0.00
2019-04-10,32.52,33.09,32.41,33.08,184500,0.00,0.00,0.00
2019-04-11,33.15,33.29,32.38,32.51,184600,0.00,0.00,0.00
2019-04-12,32.95,32.96,32.45,32.62,141000,0.00,0.00,0.00
2019-04-15,32.65,32.83,31.81,32.24,279400,0.00,0.00,0.00
2019-04-16,32.55,32.63,32.11,32.29,187800,0.00,0.00,0.00
2019-04-17,32.47,32.47,30.41,30.61,382100,0.00,0.00,0.00
2019-04-18,30.72,30.97,29.96,30.74,252200,0.00,0.00,0.00
2019-04-22,30.71,31.17,30.71,31.15,158100,0.00,0.00,0.00
2019-04-23,31.28,31.85,31.02,31.76,134600,0.00,0.00,0.00
2019-04-24,31.73,31.84,31.30,31.38,119500,0.00,0.00,0.00
2019-04-25,31.27,31.66,31.11,31.56,105500,0.00,0.00,0.00
2019-04-26,31.62,32.01,31.28,32.00,118600,0.00,0.00,0.00
2019-04-29,32.14,32.38,31.88,31.89,126000,0.00,0.00,0.00
2019-04-30,31.90,32.10,31.12,31.31,167200,0.00,0.00,0.00
2019-05-01,31.47,31.67,30.97,30.99,159200,0.00,0.00,0.00
2019-05-02,30.99,31.29,30.60,31.16,187300,0.00,0.00,0.00
2019-05-03,31.35,31.98,31.32,31.98,104500,0.00,0.00,0.00
2019-05-06,31.16,32.59,31.04,32.53,187800,0.00,0.00,0.00
2019-05-07,32.24,32.27,30.97,31.21,180200,0.00,0.00,0.00
2019-05-08,30.78,31.08,30.21,30.70,156500,0.00,0.00,0.00
2019-05-09,30.36,30.63,29.74,30.47,197600,0.00,0.00,0.00
2019-05-10,30.28,30.76,29.72,30.65,88500,0.00,0.00,0.00
2019-05-13,29.80,30.01,28.83,28.83,210800,0.00,0.00,0.00
2019-05-14,29.17,29.66,28.99,29.44,219600,0.00,0.00,0.00
2019-05-15,29.23,29.80,29.10,29.79,111300,0.00,0.00,0.00
2019-05-16,30.21,30.53,30.05,30.25,121200,0.00,0.00,0.00
2019-05-17,30.08,30.22,29.61,29.71,89700,0.00,0.00,0.00
2019-05-20,29.45,29.71,29.13,29.31,176600,0.00,0.00,0.00
2019-05-21,29.61,30.16,29.61,30.15,80300,0.00,0.00,0.00
2019-05-22,30.05,30.21,29.73,29.82,76500,0.00,0.00,0.00
2019-05-23,29.43,29.63,28.78,29.05,134700,0.00,0.00,0.00
2019-05-24,29.20,29.44,29.02,29.22,73200,0.00,0.00,0.00
2019-05-28,29.45,29.57,28.95,29.00,90900,0.00,0.00,0.00
2019-05-29,28.78,28.78,28.35,28.59,132500,0.00,0.00,0.00
2019-05-30,28.75,29.13,28.55,28.75,84300,0.00,0.00,0.00
2019-05-31,28.48,28.48,27.82,27.87,113300,0.00,0.00,0.00
2019-06-03,27.95,28.26,27.69,27.92,231900,0.00,0.00,0.00
2019-06-04,28.40,28.71,27.96,28.71,196000,0.00,0.00,0.00
2019-06-05,28.91,28.94,28.53,28.65,86100,0.00,0.00,0.00
2019-06-06,28.71,28.71,28.16,28.29,117300,0.00,0.00,0.00
2019-06-07,28.52,29.46,28.52,29.37,106800,0.00,0.00,0.00
2019-06-10,29.61,29.96,29.61,29.65,270600,0.00,0.00,0.00
2019-06-11,30.01,30.01,28.75,29.18,110600,0.00,0.00,0.00
2019-06-12,29.04,29.35,28.85,29.35,121000,0.00,0.00,0.00
2019-06-13,29.42,29.63,29.10,29.63,425300,0.00,0.00,0.00
2019-06-14,29.51,29.51,29.10,29.15,66900,0.00,0.00,0.00
2019-06-17,29.19,30.37,29.19,30.31,87600,0.00,0.00,0.00
2019-06-18,30.64,30.90,30.50,30.72,104600,0.00,0.00,0.00
2019-06-19,30.86,31.01,30.64,30.99,136300,0.00,0.00,0.00
2019-06-20,31.46,31.57,30.79,31.10,136400,0.00,0.00,0.00
2019-06-21,31.01,31.35,30.38,31.25,164200,0.00,0.00,0.00
2019-06-24,31.39,31.39,30.49,30.49,190800,0.00,0.00,0.00
2019-06-25,30.66,31.27,30.59,30.94,243200,0.00,0.00,0.00
2019-06-26,31.17,31.32,30.65,30.76,232400,0.00,0.00,0.00
2019-06-27,30.91,31.63,30.82,31.60,132100,0.00,0.00,0.00
2019-06-28,31.71,33.14,31.70,32.99,146900,0.00,0.00,0.00
2019-07-01,33.57,33.67,32.92,33.01,161700,0.00,0.00,0.00
2019-07-02,33.13,33.13,32.44,32.59,100300,0.00,0.00,0.00
2019-07-03,32.78,33.18,32.64,33.14,112400,0.00,0.00,0.00
2019-07-05,32.95,33.12,32.74,32.92,74200,0.00,0.00,0.00
2019-07-08,32.84,32.84,32.20,32.47,261000,0.00,0.00,0.00
2019-07-09,32.26,32.95,32.20,32.95,127900,0.00,0.00,0.00
2019-07-10,33.18,33.44,32.78,33.04,380900,0.00,0.00,0.00
2019-07-11,33.16,33.16,32.50,32.85,138600,0.00,0.00,0.00
2019-07-12,32.29,32.47,32.02,32.20,190800,0.00,0.00,0.00
2019-07-15,32.17,32.29,31.90,32.13,101900,0.00,0.00,0.00
2019-07-16,32.14,32.17,31.74,32.07,91100,0.00,0.00,0.00
2019-07-17,32.07,32.27,31.52,32.11,147200,0.00,0.00,0.00
2019-07-18,32.06,32.67,32.06,32.65,75300,0.00,0.00,0.00
2019-07-19,32.76,32.77,32.34,32.37,123100,0.00,0.00,0.00
2019-07-22,32.47,32.96,32.47,32.87,89700,0.00,0.00,0.00
2019-07-23,33.01,33.01,32.40,32.61,71600,0.00,0.00,0.00
2019-07-24,32.63,32.93,32.22,32.93,271200,0.00,0.00,0.00
2019-07-25,32.89,32.89,32.20,32.24,97500,0.00,0.00,0.00
2019-07-26,32.40,33.21,32.40,33.21,154000,0.00,0.00,0.00
2019-07-29,33.32,33.37,32.61,33.19,85500,0.00,0.00,0.00
2019-07-30,32.88,33.74,32.78,33.74,158200,0.00,0.00,0.00
2019-07-31,33.78,34.02,32.76,33.10,132500,0.00,0.00,0.00
2019-08-01,33.12,33.61,32.40,32.91,129200,0.00,0.00,0.00
2019-08-02,32.79,32.79,31.59,31.82,151400,0.00,0.00,0.00
2019-08-05,31.02,31.41,29.95,30.28,221000,0.00,0.00,0.00
2019-08-06,30.69,30.85,30.13,30.77,211700,0.00,0.00,0.00
2019-08-07,30.76,30.99,30.35,30.91,233900,0.00,0.00,0.00
2019-08-08,31.16,31.75,31.06,31.71,115200,0.00,0.00,0.00
2019-08-09,31.60,31.73,30.93,31.35,77900,0.00,0.00,0.00
2019-08-12,31.12,31.13,30.66,30.78,69300,0.00,0.00,0.00
2019-08-13,30.65,31.52,30.56,31.21,87700,0.00,0.00,0.00
2019-08-14,30.63,30.76,29.98,30.08,127100,0.00,0.00,0.00
2019-08-15,30.22,30.28,29.78,29.83,121000,0.00,0.00,0.00
2019-08-16,30.11,31.02,30.08,30.99,88400,0.00,0.00,0.00
2019-08-19,31.47,31.52,31.08,31.41,231100,0.00,0.00,0.00
2019-08-20,31.35,31.46,30.98,31.15,64000,0.00,0.00,0.00
2019-08-21,31.53,31.69,31.30,31.54,68300,0.00,0.00,0.00
2019-08-22,31.61,31.68,30.72,30.87,59600,0.00,0.00,0.00
2019-08-23,30.74,31.07,29.75,29.83,72700,0.00,0.00,0.00
2019-08-26,30.27,30.27,29.75,30.08,122600,0.00,0.00,0.00
2019-08-27,30.32,30.36,29.25,29.56,126400,0.00,0.00,0.00
2019-08-28,29.53,30.08,29.37,29.85,57100,0.00,0.00,0.00
2019-08-29,30.26,30.28,29.92,30.20,75900,0.00,0.00,0.00
2019-08-30,30.42,30.42,29.83,30.08,47200,0.00,0.00,0.00
2019-09-03,29.82,30.04,28.98,29.12,99500,0.00,0.00,0.00
2019-09-04,29.52,29.58,28.77,29.09,148500,0.00,0.00,0.00
2019-09-05,29.29,29.60,28.94,29.30,172600,0.00,0.00,0.00
2019-09-06,29.38,29.60,29.25,29.25,57700,0.00,0.00,0.00
2019-09-09,29.50,29.50,28.67,28.70,111100,0.00,0.00,0.00
2019-09-10,28.60,29.51,28.35,29.36,79300,0.00,0.00,0.00
2019-09-11,29.43,30.32,29.37,30.31,81100,0.00,0.00,0.00
2019-09-12,30.48,30.60,30.12,30.49,99500,0.00,0.00,0.00
2019-09-13,30.52,30.78,30.37,30.47,95700,0.00,0.00,0.00
2019-09-16,30.46,30.82,30.37,30.74,140800,0.00,0.00,0.00
2019-09-17,30.73,30.76,30.41,30.61,47600,0.00,0.00,0.00
2019-09-18,30.61,30.73,30.25,30.63,51200,0.00,0.00,0.00
2019-09-19,30.69,30.93,30.39,30.46,56300,0.00,0.00,0.00
2019-09-20,30.58,31.02,30.58,30.96,47200,0.00,0.00,0.00
2019-09-23,30.90,31.03,30.47,30.53,67600,0.00,0.00,0.00
2019-09-24,30.59,30.67,29.28,29.59,91400,0.00,0.00,0.00
2019-09-25,29.48,29.58,28.89,29.12,133600,0.00,0.00,0.00
2019-09-26,29.11,29.15,28.22,28.38,148500,0.00,0.00,0.00
2019-09-27,28.50,28.73,27.94,28.09,87200,0.00,0.00,0.00
2019-09-30,28.18,28.48,27.91,28.26,81300,0.00,0.00,0.00
2019-10-01,28.45,28.76,27.20,27.30,124800,0.00,0.00,0.00
2019-10-02,27.02,27.02,26.52,27.01,145400,0.00,0.00,0.00
2019-10-03,26.95,27.54,26.44,27.49,91600,0.00,0.00,0.00
2019-10-04,27.49,27.84,27.25,27.84,52200,0.00,0.00,0.00
2019-10-07,27.74,28.17,27.70,27.89,88500,0.00,0.00,0.00
2019-10-08,27.58,27.74,26.73,26.75,91400,0.00,0.00,0.00
2019-10-09,27.07,27.10,26.77,26.82,74700,0.00,0.00,0.00
2019-10-10,26.89,27.16,26.77,27.11,60900,0.00,0.00,0.00
2019-10-11,27.49,27.88,27.34,27.34,72400,0.00,0.00,0.00
2019-10-14,27.31,27.74,27.09,27.38,51600,0.00,0.00,0.00
2019-10-15,27.46,28.11,27.46,27.99,91400,0.00,0.00,0.00
2019-10-16,27.90,28.01,27.74,27.85,82700,0.00,0.00,0.00
2019-10-17,27.96,27.96,27.69,27.82,74100,0.00,0.00,0.00
2019-10-18,27.71,27.82,26.92,27.20,73800,0.00,0.00,0.00
2019-10-21,27.34,27.84,27.29,27.77,95900,0.00,0.00,0.00
2019-10-22,27.94,28.23,27.34,27.38,63300,0.00,0.00,0.00
2019-10-23,27.37,27.56,27.15,27.23,121100,0.00,0.00,0.00
2019-10-24,27.35,27.35,26.99,27.24,66800,0.00,0.00,0.00
2019-10-25,27.09,27.39,26.81,27.33,105200,0.00,0.00,0.00
2019-10-28,27.46,28.26,27.46,28.20,92600,0.00,0.00,0.00
2019-10-29,28.25,28.50,28.08,28.39,165500,0.00,0.00,0.00
2019-10-30,28.51,28.70,28.21,28.70,121200,0.00,0.00,0.00
2019-10-31,28.64,29.08,28.45,28.68,230500,0.00,0.00,0.00
2019-11-01,28.94,29.42,28.79,29.38,110800,0.00,0.00,0.00
2019-11-04,29.66,29.67,28.93,29.11,79200,0.00,0.00,0.00
2019-11-05,29.34,29.43,29.19,29.26,50400,0.00,0.00,0.00
2019-11-06,29.34,29.34,28.87,28.93,122700,0.00,0.00,0.00
2019-11-07,29.06,29.23,28.56,28.66,94200,0.00,0.00,0.00
2019-11-08,28.63,29.38,28.62,29.38,88700,0.00,0.00,0.00
2019-11-11,29.24,29.54,28.91,29.53,72200,0.00,0.00,0.00
2019-11-12,29.66,30.05,29.45,29.78,79600,0.00,0.00,0.00
2019-11-13,29.63,30.11,29.53,30.04,91500,0.00,0.00,0.00
2019-11-14,30.04,30.04,29.61,29.77,72400,0.00,0.00,0.00
2019-11-15,30.10,30.49,29.98,30.35,129000,0.00,0.00,0.00
2019-11-18,30.38,30.38,29.82,30.22,48400,0.00,0.00,0.00
2019-11-19,30.63,31.86,30.63,31.42,137400,0.00,0.00,0.00
2019-11-20,31.31,31.92,30.99,31.48,161600,0.00,0.00,0.00
2019-11-21,31.44,31.44,30.84,30.99,72600,0.00,0.00,0.00
2019-11-22,31.09,31.38,31.00,31.33,74400,0.00,0.00,0.00
2019-11-25,31.71,32.58,31.68,32.56,207700,0.00,0.00,0.00
2019-11-26,32.96,33.08,32.54,32.94,173800,0.00,0.00,0.00
2019-11-27,33.13,33.38,32.96,33.20,184000,0.00,0.00,0.00
2019-11-29,33.17,33.50,33.02,33.42,85300,0.00,0.00,0.00
2019-12-02,33.50,33.56,32.26,32.52,157700,0.00,0.00,0.00
2019-12-03,32.22,32.92,32.02,32.81,273600,0.00,0.00,0.00
2019-12-04,33.06,33.17,32.69,32.97,75300,0.00,0.00,0.00
2019-12-05,33.12,33.12,32.45,32.64,127200,0.00,0.00,0.00
2019-12-06,32.83,33.14,32.62,33.11,67200,0.00,0.00,0.00
2019-12-09,33.34,33.42,32.75,32.75,102800,0.00,0.00,0.00
2019-12-10,32.77,33.16,32.55,33.10,96000,0.00,0.00,0.00
2019-12-11,33.23,33.34,32.74,32.80,370000,0.00,0.00,0.00
2019-12-12,32.88,33.35,32.63,33.03,202800,0.00,0.00,0.00
2019-12-13,33.21,33.35,32.78,33.06,125400,0.00,0.00,0.00
2019-12-16,33.35,33.73,33.08,33.64,158200,0.00,0.00,0.00
2019-12-17,33.72,34.01,33.24,33.97,249700,0.00,0.00,0.00
2019-12-18,34.14,34.17,33.69,33.94,135600,0.00,0.00,0.00
2019-12-19,34.13,34.17,33.86,34.02,144100,0.00,0.00,0.00
2019-12-20,34.21,34.35,33.93,34.17,220100,0.00,0.00,0.00
2019-12-23,34.41,34.90,33.96,34.77,593500,0.00,0.00,0.00
2019-12-24,34.78,34.89,34.56,34.87,40300,0.00,0.00,0.00
2019-12-26,35.06,35.06,34.43,34.49,76200,0.00,0.00,0.00
2019-12-27,34.71,34.73,33.87,33.95,237100,1.05,0.00,0.00
2019-12-30,33.92,34.00,32.83,32.96,152000,0.00,0.00,0.00
2019-12-31,32.82,33.18,32.78,33.05,408400,0.00,0.00,0.00
2020-01-02,33.52,33.52,32.45,32.88,264900,0.00,0.00,0.00
2020-01-03,32.27,32.63,32.12,32.22,188800,0.00,0.00,0.00
2020-01-06,32.02,32.66,31.77,32.61,116400,0.00,0.00,0.00
2020-01-07,32.71,33.15,32.46,32.88,105300,0.00,0.00,0.00
2020-01-08,32.85,33.54,32.81,33.36,149500,0.00,0.00,0.00
2020-01-09,33.74,33.94,33.52,33.68,112700,0.00,0.00,0.00
2020-01-10,33.87,34.13,33.61,33.65,120900,0.00,0.00,0.00
2020-01-13,34.02,34.20,33.43,33.93,252800,0.00,0.00,0.00
2020-01-14,33.93,34.59,33.57,34.29,157800,0.00,0.00,0.00
2020-01-15,34.28,35.02,34.28,34.67,321500,0.00,0.00,0.00
2020-01-16,35.21,35.22,34.69,35.22,173700,0.00,0.00,0.00
2020-01-17,35.45,35.45,34.46,34.56,183900,0.00,0.00,0.00
2020-01-21,34.68,34.76,34.05,34.11,193700,0.00,0.00,0.00
2020-01-22,34.23,34.53,34.11,34.26,124600,0.00,0.00,0.00
2020-01-23,34.40,34.42,33.71,33.88,127700,0.00,0.00,0.00
2020-01-24,34.11,34.25,33.05,33.23,230300,0.00,0.00,0.00
2020-01-27,32.87,33.52,32.72,33.28,227700,0.00,0.00,0.00
2020-01-28,33.60,33.78,33.33,33.43,200000,0.00,0.00,0.00
2020-01-29,33.67,33.80,33.43,33.56,78600,0.00,0.00,0.00
2020-01-30,33.34,33.52,32.72,32.98,91800,0.00,0.00,0.00
2020-01-31,32.89,32.89,31.98,32.25,183500,0.00,0.00,0.00
2020-02-03,32.53,32.73,32.33,32.72,144500,0.00,0.00,0.00
2020-02-04,33.35,33.66,33.09,33.61,187000,0.00,0.00,0.00
2020-02-05,34.28,34.39,33.87,34.22,228600,0.00,0.00,0.00
2020-02-06,34.64,34.88,34.10,34.78,203700,0.00,0.00,0.00
2020-02-07,34.90,34.94,34.23,34.23,268000,0.00,0.00,0.00
2020-02-10,34.44,35.23,34.33,35.23,263200,0.00,0.00,0.00
2020-02-11,35.66,35.77,35.07,35.46,344100,0.00,0.00,0.00
2020-02-12,35.77,35.93,35.30,35.88,223500,0.00,0.00,0.00
2020-02-13,35.89,36.42,35.59,36.03,156600,0.00,0.00,0.00
2020-02-14,36.31,36.60,35.93,36.34,171600,0.00,0.00,0.00
2020-02-18,36.51,36.51,35.86,36.44,209100,0.00,0.00,0.00
2020-02-19,36.70,37.39,36.31,37.10,325600,0.00,0.00,0.00
2020-02-20,36.90,36.90,35.94,36.62,333700,0.00,0.00,0.00
2020-02-21,36.32,36.47,35.64,35.90,240900,0.00,0.00,0.00
2020-02-24,34.74,34.97,33.92,34.38,330200,0.00,0.00,0.00
2020-02-25,34.79,34.79,33.22,33.62,312000,0.00,0.00,0.00
2020-02-26,33.88,34.54,33.33,33.77,241800,0.00,0.00,0.00
2020-02-27,33.52,34.72,32.54,33.54,351500,0.00,0.00,0.00
2020-02-28,32.39,34.02,32.37,33.91,345500,0.00,0.00,0.00
2020-03-02,34.29,34.47,33.47,34.45,202900,0.00,0.00,0.00
2020-03-03,34.65,35.40,33.49,34.60,226200,0.00,0.00,0.00
2020-03-04,35.75,36.54,35.41,36.50,356500,0.00,0.00,0.00
2020-03-05,35.67,36.98,35.59,36.84,230400,0.00,0.00,0.00
2020-03-06,35.89,37.32,35.80,37.16,336700,0.00,0.00,0.00
2020-03-09,35.49,35.87,33.23,33.29,285000,0.00,0.00,0.00
2020-03-10,34.33,34.47,32.05,33.60,418200,0.00,0.00,0.00
2020-03-11,33.00,33.37,31.40,31.69,248700,0.00,0.00,0.00
2020-03-12,29.58,29.58,27.17,27.33,611900,0.00,0.00,0.00
2020-03-13,28.76,29.56,25.64,28.01,356700,0.00,0.00,0.00
2020-03-16,24.65,25.96,24.15,24.16,322300,0.00,0.00,0.00
2020-03-17,24.77,27.07,23.66,26.17,272600,0.00,0.00,0.00
2020-03-18,24.48,26.22,23.66,24.67,376200,0.00,0.00,0.00
2020-03-19,24.56,26.92,24.30,26.63,233000,0.00,0.00,0.00
2020-03-20,27.52,28.35,26.58,26.78,323800,0.00,0.00,0.00
2020-03-23,26.69,27.27,25.64,26.60,237300,0.00,0.00,0.00
2020-03-24,28.54,29.63,27.81,29.57,464500,0.00,0.00,0.00
2020-03-25,30.17,31.16,29.28,30.36,353700,0.00,0.00,0.00
2020-03-26,30.89,32.54,30.75,32.17,481100,0.00,0.00,0.00
2020-03-27,31.06,31.82,30.77,30.92,316500,0.00,0.00,0.00
2020-03-30,31.27,31.52,30.10,31.52,252600,0.00,0.00,0.00
2020-03-31,31.84,31.84,30.20,30.84,244500,0.00,0.00,0.00
2020-04-01,29.58,30.45,28.42,28.72,201900,0.00,0.00,0.00
2020-04-02,28.46,29.85,28.31,29.66,227400,0.00,0.00,0.00
2020-04-03,29.82,30.07,29.13,29.37,81100,0.00,0.00,0.00
2020-04-06,31.05,31.42,30.52,31.35,130900,0.00,0.00,0.00
2020-04-07,32.53,32.63,30.96,31.04,186500,0.00,0.00,0.00
2020-04-08,31.85,32.13,31.06,32.10,148500,0.00,0.00,0.00
2020-04-09,32.82,33.06,32.21,32.83,294500,0.00,0.00,0.00
2020-04-13,33.14,33.14,31.93,33.06,205600,0.00,0.00,0.00
2020-04-14,34.27,35.11,33.75,35.02,300500,0.00,0.00,0.00
2020-04-15,34.44,35.05,33.52,34.56,325200,0.00,0.00,0.00
2020-04-16,35.37,35.78,34.86,35.70,295600,0.00,0.00,0.00
2020-04-17,37.09,37.09,36.11,36.89,276800,0.00,0.00,0.00
2020-04-20,36.74,38.77,36.56,38.02,560700,0.00,0.00,0.00
2020-04-21,37.88,37.95,36.39,37.22,338600,0.00,0.00,0.00
2020-04-22,38.40,38.85,37.89,38.38,420500,0.00,0.00,0.00
2020-04-23,39.02,39.44,38.21,38.23,358200,0.00,0.00,0.00
2020-04-24,39.07,39.71,38.46,39.50,451200,0.00,0.00,0.00
2020-04-27,40.44,42.01,40.21,41.33,828600,0.00,0.00,0.00
2020-04-28,42.39,42.43,39.51,40.02,810800,0.00,0.00,0.00
2020-04-29,40.71,41.45,39.80,41.23,305600,0.00,0.00,0.00
2020-04-30,41.24,41.41,40.08,40.12,265700,0.00,0.00,0.00
2020-05-01,38.96,39.44,38.31,39.29,421600,0.00,0.00,0.00
2020-05-04,39.19,40.64,39.04,40.60,228000,0.00,0.00,0.00
2020-05-05,41.43,41.71,40.66,40.99,386700,0.00,0.00,0.00
2020-05-06,41.29,41.93,40.73,41.22,431600,0.00,0.00,0.00
2020-05-07,42.02,42.02,40.93,41.42,280500,0.00,0.00,0.00
2020-05-08,42.29,42.89,41.70,42.63,390500,0.00,0.00,0.00
2020-05-11,42.42,45.83,42.20,45.43,799400,0.00,0.00,0.00
2020-05-12,46.21,46.51,44.17,44.51,809600,0.00,0.00,0.00
2020-05-13,44.84,45.25,40.92,42.54,1195900,0.00,0.00,0.00
2020-05-14,42.28,42.73,41.07,41.94,376800,0.00,0.00,0.00
2020-05-15,41.88,44.40,41.63,44.26,450000,0.00,0.00,0.00
2020-05-18,46.83,46.83,45.47,46.39,888600,0.00,0.00,0.00
2020-05-19,46.63,47.45,45.86,45.96,697000,0.00,0.00,0.00
2020-05-20,47.05,47.59,46.59,47.46,881400,0.00,0.00,0.00
2020-05-21,47.50,47.88,46.35,47.51,710300,0.00,0.00,0.00
2020-05-22,47.71,48.91,47.18,48.87,597600,0.00,0.00,0.00
2020-05-26,50.44,50.44,47.23,47.34,940700,0.00,0.00,0.00
2020-05-27,47.59,47.59,43.48,45.50,910500,0.00,0.00,0.00
2020-05-28,45.42,46.11,44.44,44.66,515600,0.00,0.00,0.00
2020-05-29,44.63,45.73,44.07,45.69,478500,0.00,0.00,0.00
2020-06-01,46.12,47.07,45.47,46.75,552700,0.00,0.00,0.00
2020-06-02,46.84,47.53,46.02,47.44,385900,0.00,0.00,0.00
2020-06-03,47.93,48.00,46.24,46.24,713700,0.00,0.00,0.00
2020-06-04,45.87,46.80,44.39,44.53,485600,0.00,0.00,0.00
2020-06-05,45.13,45.76,44.07,44.25,888100,0.00,0.00,0.00
2020-06-08,44.36,44.65,43.88,44.24,474000,0.00,0.00,0.00
2020-06-09,43.88,45.49,43.68,44.68,588500,0.00,0.00,0.00
2020-06-10,44.80,45.62,44.49,45.22,473300,0.00,0.00,0.00
2020-06-11,43.91,44.13,41.77,42.00,697400,0.00,0.00,0.00
2020-06-12,43.61,43.72,41.60,42.94,590500,0.00,0.00,0.00
2020-06-15,42.02,45.18,42.02,45.17,483200,0.00,0.00,0.00
2020-06-16,46.59,46.59,44.42,45.80,522400,0.00,0.00,0.00
2020-06-17,46.32,46.52,45.69,45.94,376200,0.00,0.00,0.00
2020-06-18,45.95,47.08,45.66,46.53,380600,0.00,0.00,0.00
2020-06-19,47.24,48.01,46.73,47.29,519700,0.00,0.00,0.00
2020-06-22,48.20,50.51,48.05,50.50,1035400,0.00,0.00,0.00
2020-06-23,51.39,53.41,50.88,52.34,1221300,0.00,0.00,0.00
2020-06-24,51.90,52.63,49.85,50.59,842700,0.00,0.00,0.00
2020-06-25,50.69,51.97,49.99,51.72,636900,0.00,0.00,0.00
2020-06-26,51.88,52.00,49.73,49.81,595000,0.00,0.00,0.00
2020-06-29,49.84,50.82,48.94,50.29,613700,0.00,0.00,0.00
2020-06-30,50.24,51.52,49.65,51.43,411900,0.00,0.00,0.00
2020-07-01,51.45,52.78,51.13,52.45,640300,0.00,0.00,0.00
2020-07-02,53.56,53.98,52.63,53.30,571300,0.00,0.00,0.00
2020-07-06,54.66,54.98,53.47,54.33,895600,0.00,0.00,0.00
2020-07-07,54.10,56.35,53.60,55.36,917300,0.00,0.00,0.00
2020-07-08,56.24,57.17,55.73,56.82,925300,0.00,0.00,0.00
2020-07-09,57.51,57.60,55.42,56.66,778900,0.00,0.00,0.00
2020-07-10,56.73,56.82,54.83,54.94,715500,0.00,0.00,0.00
2020-07-13,55.98,57.65,53.55,53.77,1038100,0.00,0.00,0.00
2020-07-14,53.42,55.00,52.18,55.00,870600,0.00,0.00,0.00
2020-07-15,56.20,57.14,55.47,56.77,1857100,0.00,0.00,0.00
2020-07-16,56.21,56.36,54.94,55.27,798600,0.00,0.00,0.00
2020-07-17,55.77,56.67,55.43,56.34,754800,0.00,0.00,0.00
2020-07-20,57.08,57.92,56.63,57.79,921100,0.00,0.00,0.00
2020-07-21,58.67,58.67,56.20,56.28,825400,0.00,0.00,0.00
2020-07-22,56.54,56.70,55.46,56.22,510100,0.00,0.00,0.00
2020-07-23,56.42,56.69,54.04,54.50,869200,0.00,0.00,0.00
2020-07-24,54.03,54.08,52.37,53.03,829700,0.00,0.00,0.00
2020-07-27,53.36,55.64,53.36,55.52,1326200,0.00,0.00,0.00
2020-07-28,55.50,55.50,53.29,53.29,752200,0.00,0.00,0.00
2020-07-29,53.71,53.80,52.80,52.97,562300,0.00,0.00,0.00
2020-07-30,52.61,54.14,52.41,53.91,617700,0.00,0.00,0.00
2020-07-31,54.42,54.43,52.27,52.95,590300,0.00,0.00,0.00
2020-08-03,53.52,56.30,53.29,56.02,1649800,0.00,0.00,0.00
2020-08-04,56.18,56.66,55.22,56.63,741100,0.00,0.00,0.00
2020-08-05,56.60,57.40,55.99,57.27,901200,0.00,0.00,0.00
2020-08-06,57.67,57.88,56.52,56.93,517500,0.00,0.00,0.00
2020-08-07,56.62,57.02,54.66,55.39,737400,0.00,0.00,0.00
2020-08-10,57.42,58.86,57.03,57.53,627200,0.00,0.00,0.00
2020-08-11,57.94,57.94,55.37,55.46,673300,0.00,0.00,0.00
2020-08-12,55.90,57.32,55.68,57.10,563500,0.00,0.00,0.00
2020-08-13,57.43,58.86,57.33,58.58,652600,0.00,0.00,0.00
2020-08-14,58.83,58.83,57.47,57.74,447300,0.00,0.00,0.00
2020-08-17,58.38,60.26,57.96,60.11,644500,0.00,0.00,0.00
2020-08-18,60.92,61.03,59.69,60.88,691400,0.00,0.00,0.00
2020-08-19,61.25,63.07,61.13,61.97,1155400,0.00,0.00,0.00
2020-08-20,61.98,62.05,61.21,61.59,741500,0.00,0.00,0.00
2020-08-21,61.99,62.53,61.59,62.09,700800,0.00,0.00,0.00
2020-08-24,63.44,63.44,59.51,59.84,1395300,0.00,0.00,0.00
2020-08-25,60.13,60.31,59.17,60.21,633600,0.00,0.00,0.00
2020-08-26,60.26,61.15,59.98,60.45,1189100,0.00,0.00,0.00
2020-08-27,60.88,60.88,58.68,59.44,796000,0.00,0.00,0.00
2020-08-28,60.04,60.54,59.55,60.03,582700,0.00,0.00,0.00
2020-08-31,60.25,61.54,60.14,61.05,1033500,0.00,0.00,0.00
2020-09-01,61.45,61.45,60.54,61.03,772000,0.00,0.00,0.00
2020-09-02,61.61,61.61,59.50,61.36,729500,0.00,0.00,0.00
2020-09-03,60.79,60.86,56.74,57.19,1506200,0.00,0.00,0.00
2020-09-04,56.88,57.46,52.06,55.51,1752000,0.00,0.00,0.00
2020-09-08,53.98,55.76,53.50,54.45,694000,0.00,0.00,0.00
2020-09-09,55.57,56.90,55.26,56.56,690000,0.00,0.00,0.00
2020-09-10,57.10,58.24,55.84,56.25,673100,0.00,0.00,0.00
2020-09-11,56.41,57.54,55.71,56.36,558000,0.00,0.00,0.00
2020-09-14,57.46,59.65,57.22,59.53,894000,0.00,0.00,0.00
2020-09-15,60.70,61.24,60.02,60.66,862100,0.00,0.00,0.00
2020-09-16,61.23,62.29,60.96,61.38,1139800,0.00,0.00,0.00
2020-09-17,59.85,61.09,59.44,60.80,631100,0.00,0.00,0.00
2020-09-18,61.27,62.29,60.52,62.20,545400,0.00,0.00,0.00
2020-09-21,61.12,61.20,59.10,60.66,788000,0.00,0.00,0.00
2020-09-22,61.31,61.76,59.57,61.69,620100,0.00,0.00,0.00
2020-09-23,61.78,61.98,58.94,59.23,665100,0.00,0.00,0.00
2020-09-24,58.13,60.04,57.32,59.28,589700,0.00,0.00,0.00
2020-09-25,59.63,61.58,59.10,61.48,651100,0.00,0.00,0.00
2020-09-28,62.83,62.93,61.42,62.27,754600,0.00,0.00,0.00
2020-09-29,62.36,63.75,62.03,63.34,1013100,0.00,0.00,0.00
2020-09-30,63.72,64.02,62.32,62.82,756200,0.00,0.00,0.00
2020-10-01,63.65,63.99,63.03,63.85,690700,0.00,0.00,0.00
2020-10-02,62.30,63.68,62.24,62.50,615600,0.00,0.00,0.00
2020-10-05,63.86,66.38,63.46,66.31,1376900,0.00,0.00,0.00
2020-10-06,66.54,67.86,65.85,66.34,1349400,0.00,0.00,0.00
2020-10-07,67.25,69.66,67.07,69.20,1408500,0.00,0.00,0.00
2020-10-08,71.23,71.34,70.22,70.75,1895900,0.00,0.00,0.00
2020-10-09,71.66,72.92,71.28,72.78,1607600,0.00,0.00,0.00
2020-10-12,74.29,74.29,72.23,72.26,1737900,0.00,0.00,0.00
2020-10-13,72.37,74.40,71.98,73.98,1127600,0.00,0.00,0.00
2020-10-14,74.71,75.15,72.18,72.30,1511200,0.00,0.00,0.00
2020-10-15,70.59,72.16,70.01,71.90,901500,0.00,0.00,0.00
2020-10-16,72.73,73.67,72.30,72.65,964200,0.00,0.00,0.00
2020-10-19,73.69,73.80,71.89,72.24,1123900,0.00,0.00,0.00
2020-10-20,72.94,72.94,70.28,70.37,1127400,0.00,0.00,0.00
2020-10-21,69.76,70.01,66.59,66.78,1708000,0.00,0.00,0.00
2020-10-22,67.43,68.63,66.65,68.32,1011500,0.00,0.00,0.00
2020-10-23,68.90,69.14,67.75,69.13,675000,0.00,0.00,0.00
2020-10-26,68.66,70.17,67.19,68.14,1230800,0.00,0.00,0.00
2020-10-27,68.43,70.30,68.39,70.06,823900,0.00,0.00,0.00
2020-10-28,68.49,68.54,66.98,67.39,993500,0.00,0.00,0.00
2020-10-29,67.39,67.94,66.72,67.58,835300,0.00,0.00,0.00
2020-10-30,66.90,67.46,63.99,64.82,1404000,0.00,0.00,0.00
2020-11-02,65.82,65.82,63.43,64.58,1125100,0.00,0.00,0.00
2020-11-03,65.19,66.65,64.10,66.14,811000,0.00,0.00,0.00
2020-11-04,68.36,69.84,67.76,68.98,1464900,0.00,0.00,0.00
2020-11-05,71.23,72.25,70.11,72.05,1957400,0.00,0.00,0.00
2020-11-06,71.85,72.51,70.20,71.77,1044800,0.00,0.00,0.00
2020-11-09,76.33,76.40,68.82,68.97,2243500,0.00,0.00,0.00
2020-11-10,69.19,69.59,66.02,68.36,1111600,0.00,0.00,0.00
2020-11-11,69.88,72.24,69.69,72.08,1235900,0.00,0.00,0.00
2020-11-12,72.67,73.57,71.52,72.25,1152200,0.00,0.00,0.00
2020-11-13,73.18,74.03,72.62,73.05,943200,0.00,0.00,0.00
2020-11-16,74.35,74.35,71.79,72.65,1491900,0.00,0.00,0.00
2020-11-17,72.99,73.49,71.68,73.44,1030200,0.00,0.00,0.00
2020-11-18,73.85,74.84,73.18,73.23,1468500,0.00,0.00,0.00
2020-11-19,73.45,74.46,73.10,74.04,1015700,0.00,0.00,0.00
2020-11-20,74.43,75.60,73.57,75.38,1106100,0.00,0.00,0.00
2020-11-23,76.15,76.94,75.04,75.98,1781100,0.00,0.00,0.00
2020-11-24,77.27,77.27,73.62,73.67,1887600,0.00,0.00,0.00
2020-11-25,74.07,74.28,73.27,73.68,1020200,0.00,0.00,0.00
2020-11-27,74.54,78.53,74.29,78.50,1100500,0.00,0.00,0.00
2020-11-30,79.94,80.67,76.96,80.56,2353000,0.00,0.00,0.00
2020-12-01,82.12,83.90,81.04,81.82,3019700,0.00,0.00,0.00
2020-12-02,81.26,81.94,79.54,81.71,1757200,0.00,0.00,0.00
2020-12-03,82.67,85.37,81.74,84.93,2429100,0.00,0.00,0.00
2020-12-04,86.32,88.53,84.99,88.42,3185500,0.00,0.00,0.00
2020-12-07,90.49,95.63,90.22,93.34,5420200,0.00,0.00,0.00
2020-12-08,94.39,94.44,92.29,93.34,3217100,0.00,0.00,0.00
2020-12-09,94.66,95.64,89.45,90.50,4309100,0.00,0.00,0.00
2020-12-10,89.37,97.12,89.33,96.10,4003200,0.00,0.00,0.00
2020-12-11,96.33,97.27,93.18,94.52,4370100,0.00,0.00,0.00
2020-12-14,98.29,99.76,94.14,94.30,5103800,0.00,0.00,0.00
2020-12-15,96.19,96.44,91.58,93.36,5706600,0.00,0.00,0.00
2020-12-16,93.92,93.99,91.90,92.01,3774800,0.00,0.00,0.00
2020-12-17,92.93,93.33,92.04,92.77,2460600,0.00,0.00,0.00
2020-12-18,93.77,94.01,92.66,93.38,2702100,0.00,0.00,0.00
2020-12-21,93.19,100.24,92.30,99.04,7246800,0.00,0.00,0.00
2020-12-22,103.43,104.68,101.13,104.05,8417900,0.00,0.00,0.00
2020-12-23,106.50,106.63,101.77,103.74,7118300,0.00,0.00,0.00
2020-12-24,104.49,105.01,100.86,101.66,4206900,0.00,0.00,0.00
2020-12-28,104.32,104.67,100.05,100.20,7030500,0.00,0.00,0.00
2020-12-29,99.03,99.04,89.88,93.54,15040000,0.79,0.00,0.00
2020-12-30,94.96,96.95,94.70,95.44,5468000,0.00,0.00,0.00
2020-12-31,95.82,95.94,91.48,92.68,7883600,0.00,0.00,0.00
2021-01-04,93.61,94.01,90.85,92.56,7600200,0.00,0.00,0.00
2021-01-05,91.60,93.89,91.60,93.78,5445300,0.00,0.00,0.00
2021-01-06,92.94,96.66,92.45,94.68,6512200,0.00,0.00,0.00
2021-01-07,96.79,102.98,96.57,102.73,6784100,0.00,0.00,0.00
2021-01-08,104.39,108.60,102.59,105.20,8526800,0.00,0.00,0.00
2021-01-11,104.05,104.96,101.39,103.80,5248900,0.00,0.00,0.00
2021-01-12,104.61,105.64,102.60,103.69,3957100,0.00,0.00,0.00
2021-01-13,104.34,106.43,103.31,104.94,4378300,0.00,0.00,0.00
2021-01-14,105.84,109.42,105.51,108.62,6109800,0.00,0.00,0.00
2021-01-15,110.06,111.71,106.69,107.28,9310200,0.00,0.00,0.00
2021-01-19,110.01,111.21,108.86,111.17,5662100,0.00,0.00,0.00
2021-01-20,112.93,114.11,111.69,111.77,6391600,0.00,0.00,0.00
2021-01-21,112.62,112.79,108.48,108.85,6330900,0.00,0.00,0.00
2021-01-22,107.88,110.03,107.66,109.85,4026700,0.00,0.00,0.00
2021-01-25,110.72,112.14,107.29,110.00,5434600,0.00,0.00,0.00
2021-01-26,110.21,111.30,104.31,104.59,6178200,0.00,0.00,0.00
2021-01-27,101.85,103.32,97.76,100.08,10447400,0.00,0.00,0.00
2021-01-28,100.35,104.19,100.35,102.62,6477400,0.00,0.00,0.00
2021-01-29,101.96,103.75,99.49,101.29,6060700,0.00,0.00,0.00
2021-02-01,103.45,104.24,101.51,104.07,4522300,0.00,0.00,0.00
2021-02-02,106.39,108.31,106.00,107.30,5500700,0.00,0.00,0.00
2021-02-03,109.61,109.61,106.51,106.55,5220200,0.00,0.00,0.00
2021-02-04,107.87,108.81,106.84,108.25,3946000,0.00,0.00,0.00
2021-02-05,108.33,108.69,107.08,108.22,4275300,0.00,0.00,0.00
2021-02-08,110.12,111.87,109.91,111.53,5986500,0.00,0.00,0.00
2021-02-09,111.99,112.71,111.01,111.31,5621200,0.00,0.00,0.00
2021-02-10,113.53,114.43,108.38,109.89,6949400,0.00,0.00,0.00
2021-02-11,111.61,111.79,108.63,110.26,4977600,0.00,0.00,0.00
2021-02-12,110.07,111.40,108.08,111.31,3862500,0.00,0.00,0.00
2021-02-16,113.36,113.61,108.78,108.95,6786500,0.00,0.00,0.00
2021-02-17,107.92,108.00,103.87,107.21,7041400,0.00,0.00,0.00
2021-02-18,104.57,105.93,102.52,105.04,4907900,0.00,0.00,0.00
2021-02-19,106.43,108.29,105.91,106.79,4566200,0.00,0.00,0.00
2021-02-22,105.63,105.88,100.61,101.08,7935900,0.00,0.00,0.00
2021-02-23,96.69,98.52,90.68,98.00,13350200,0.00,0.00,0.00
2021-02-24,97.97,100.36,96.22,98.22,6572100,0.00,0.00,0.00
2021-02-25,97.09,97.92,91.35,92.55,9233300,0.00,0.00,0.00
2021-02-26,92.52,94.88,89.60,92.92,7730800,0.00,0.00,0.00
2021-03-01,95.52,97.68,95.00,97.18,5656600,0.00,0.00,0.00
2021-03-02,97.64,98.11,95.28,95.36,3674400,0.00,0.00,0.00
2021-03-03,95.00,95.10,89.28,89.76,6566600,0.00,0.00,0.00
2021-03-04,88.26,90.08,82.70,84.60,12734400,0.00,0.00,0.00
2021-03-05,84.96,85.43,77.76,84.61,13971300,0.00,0.00,0.00
2021-03-08,84.03,86.61,80.53,81.23,8026800,0.00,0.00,0.00
2021-03-09,84.85,88.38,84.77,87.44,6606700,0.00,0.00,0.00
2021-03-10,90.15,91.35,87.57,87.70,5634300,0.00,0.00,0.00
2021-03-11,90.44,92.84,90.13,92.62,5712500,0.00,0.00,0.00
2021-03-12,90.90,91.24,88.77,91.22,2989600,0.00,0.00,0.00
2021-03-15,91.65,93.52,90.93,93.27,3164500,0.00,0.00,0.00
2021-03-16,94.33,94.65,89.88,91.72,3830200,0.00,0.00,0.00
2021-03-17,89.40,93.60,88.29,92.41,3636400,0.00,0.00,0.00
2021-03-18,90.79,91.02,87.77,88.10,3000000,0.00,0.00,0.00
2021-03-19,88.13,90.62,87.94,90.30,3034800,0.00,0.00,0.00
2021-03-22,91.40,93.40,90.26,92.34,3296300,0.00,0.00,0.00
2021-03-23,91.33,91.44,88.08,88.76,4147800,0.00,0.00,0.00
2021-03-24,88.96,89.12,83.93,84.19,6243600,0.00,0.00,0.00
2021-03-25,81.77,84.66,80.54,84.44,4896300,0.00,0.00,0.00
2021-03-26,84.46,85.30,81.53,84.05,3559100,0.00,0.00,0.00
2021-03-29,83.46,84.05,81.78,82.54,2270200,0.00,0.00,0.00
2021-03-30,81.67,84.33,80.36,83.89,3338600,0.00,0.00,0.00
2021-03-31,84.72,88.66,84.57,88.17,4023200,0.00,0.00,0.00
2021-04-01,89.77,91.60,88.67,88.95,3590900,0.00,0.00,0.00
2021-04-05,90.64,90.80,89.22,90.22,1820900,0.00,0.00,0.00
2021-04-06,90.00,91.45,89.30,90.23,1939500,0.00,0.00,0.00
2021-04-07,90.08,90.08,86.74,87.19,2274000,0.00,0.00,0.00
2021-04-08,87.54,89.29,87.45,88.12,2398400,0.00,0.00,0.00
2021-04-09,87.56,87.80,86.32,87.19,2290800,0.00,0.00,0.00
2021-04-12,86.45,86.74,84.54,86.08,2136600,0.00,0.00,0.00
2021-04-13,85.80,88.90,85.80,88.76,2444400,0.00,0.00,0.00
2021-04-14,89.25,91.36,88.69,88.91,2877900,0.00,0.00,0.00
2021-04-15,90.24,90.88,89.47,89.77,1853800,0.00,0.00,0.00
2021-04-16,89.82,89.98,87.37,88.14,2507500,0.00,0.00,0.00
2021-04-19,87.09,88.24,84.64,86.10,4500500,0.00,0.00,0.00
2021-04-20,85.43,86.89,83.71,85.33,2868300,0.00,0.00,0.00
2021-04-21,84.52,87.68,84.16,87.57,2305600,0.00,0.00,0.00
2021-04-22,87.67,89.63,87.19,87.91,2501700,0.00,0.00,0.00
2021-04-23,87.95,89.37,87.75,89.02,1630300,0.00,0.00,0.00
2021-04-26,89.32,92.18,88.76,91.76,2088300,0.00,0.00,0.00
2021-04-27,92.20,92.40,90.49,91.58,1447500,0.00,0.00,0.00
2021-04-28,90.72,91.79,89.66,91.01,1970200,0.00,0.00,0.00
2021-04-29,90.94,91.22,87.75,89.08,2657100,0.00,0.00,0.00
2021-04-30,87.90,89.45,87.77,88.31,1858900,0.00,0.00,0.00
2021-05-03,88.66,88.93,85.68,85.95,2718100,0.00,0.00,0.00
2021-05-04,84.50,84.65,81.72,82.90,4958400,0.00,0.00,0.00
2021-05-05,83.29,83.75,81.06,81.58,3157400,0.00,0.00,0.00
2021-05-06,80.70,80.89,77.71,79.34,6115400,0.00,0.00,0.00
2021-05-07,80.39,82.54,79.93,80.36,3643300,0.00,0.00,0.00
2021-05-10,79.94,79.95,75.62,75.65,7324500,0.00,0.00,0.00
2021-05-11,72.05,77.39,72.00,76.45,7074000,0.00,0.00,0.00
2021-05-12,75.15,76.45,74.19,74.52,4140600,0.00,0.00,0.00
2021-05-13,74.87,76.14,71.62,73.18,5428200,0.00,0.00,0.00
2021-05-14,73.98,76.54,73.87,76.08,3511600,0.00,0.00,0.00
2021-05-17,75.30,76.35,74.47,75.91,2609700,0.00,0.00,0.00
2021-05-18,76.02,79.17,75.51,77.41,3773700,0.00,0.00,0.00
2021-05-19,75.21,76.70,74.89,75.99,4359500,0.00,0.00,0.00
2021-05-20,76.58,78.93,76.42,78.28,3549200,0.00,0.00,0.00
2021-05-21,78.64,79.48,77.77,77.88,2724500,0.00,0.00,0.00
2021-05-24,78.30,79.34,77.97,78.54,1945500,0.00,0.00,0.00
2021-05-25,78.85,79.92,78.27,78.98,2032400,0.00,0.00,0.00
2021-05-26,79.15,80.38,78.77,80.32,2304500,0.00,0.00,0.00
2021-05-27,80.09,80.88,78.92,80.82,2323500,0.00,0.00,0.00
2021-05-28,81.16,83.52,81.03,81.24,2330600,0.00,0.00,0.00
2021-06-01,81.94,81.97,79.44,80.79,2993900,0.00,0.00,0.00
2021-06-02,80.52,81.41,79.79,80.56,2246800,0.00,0.00,0.00
2021-06-03,79.58,80.44,78.04,78.68,2259700,0.00,0.00,0.00
2021-06-04,79.26,80.51,79.26,79.79,1274600,0.00,0.00,0.00
2021-06-07,79.76,83.40,79.76,82.63,4020600,0.00,0.00,0.00
2021-06-08,83.53,84.16,81.47,83.44,2212200,0.00,0.00,0.00
2021-06-09,83.81,85.45,83.81,84.48,3076700,0.00,0.00,0.00
2021-06-10,84.58,87.00,83.84,86.76,4741800,0.00,0.00,0.00
2021-06-11,86.46,87.03,85.61,86.39,2121400,0.00,0.00,0.00
2021-06-14,86.83,87.70,86.39,87.04,2490000,0.00,0.00,0.00
2021-06-15,86.95,86.95,84.26,85.01,3104100,0.00,0.00,0.00
2021-06-16,84.74,85.37,82.47,84.49,2842500,0.00,0.00,0.00
2021-06-17,83.84,87.16,83.82,86.61,4176000,0.00,0.00,0.00
2021-06-18,85.51,86.84,85.30,86.08,3179300,0.00,0.00,0.00
2021-06-21,86.06,87.35,84.66,86.87,2119600,0.00,0.00,0.00
2021-06-22,86.49,87.28,86.05,87.13,2256200,0.00,0.00,0.00
2021-06-23,86.99,88.32,86.99,87.97,1665500,0.00,0.00,0.00
2021-06-24,88.27,89.78,88.27,89.06,3189000,0.00,0.00,0.00
2021-06-25,89.14,89.65,88.43,89.52,2564200,0.00,0.00,0.00
2021-06-28,92.20,93.07,91.77,92.43,6817700,0.00,0.00,0.00
2021-06-29,92.47,93.38,91.58,92.52,2646300,0.00,0.00,0.00
2021-06-30,92.52,93.55,91.01,91.92,2964900,0.00,0.00,0.00
2021-07-01,92.22,92.88,90.43,92.28,1928900,0.00,0.00,0.00
2021-07-02,92.70,93.04,90.68,91.45,1727800,0.00,0.00,0.00
2021-07-06,91.12,91.26,89.55,90.11,2482500,0.00,0.00,0.00
2021-07-07,90.03,90.50,87.11,88.14,3367400,0.00,0.00,0.00
2021-07-08,85.67,88.53,85.08,88.12,3176700,0.00,0.00,0.00
2021-07-09,88.33,89.68,87.39,89.43,2836800,0.00,0.00,0.00
2021-07-12,89.44,90.16,87.84,87.95,2464800,0.00,0.00,0.00
2021-07-13,87.88,88.03,85.76,85.84,2878800,0.00,0.00,0.00
2021-07-14,86.14,86.45,82.30,82.66,5431900,0.00,0.00,0.00
2021-07-15,82.31,83.03,80.23,81.86,4035900,0.00,0.00,0.00
2021-07-16,82.27,83.24,81.12,82.36,2974000,0.00,0.00,0.00
2021-07-19,80.59,83.93,80.58,83.01,3572700,0.00,0.00,0.00
2021-07-20,83.04,85.48,82.84,85.31,2055300,0.00,0.00,0.00
2021-07-21,85.21,86.86,84.21,86.56,1678200,0.00,0.00,0.00
2021-07-22,86.13,86.90,85.37,85.61,1462100,0.00,0.00,0.00
2021-07-23,85.87,85.96,83.80,85.12,1964900,0.00,0.00,0.00
2021-07-26,84.47,85.17,83.01,83.45,2067300,0.00,0.00,0.00
2021-07-27,82.98,83.32,80.32,82.12,2570000,0.00,0.00,0.00
2021-07-28,81.74,85.25,81.74,84.75,3488300,0.00,0.00,0.00
2021-07-29,84.88,85.42,84.16,84.49,2428400,0.00,0.00,0.00
2021-07-30,83.78,85.39,83.70,83.82,1855100,0.00,0.00,0.00
2021-08-02,83.84,84.76,83.04,83.93,2019400,0.00,0.00,0.00
2021-08-03,84.17,84.38,82.93,84.26,1225500,0.00,0.00,0.00
2021-08-04,83.62,85.22,83.56,84.74,2260000,0.00,0.00,0.00
2021-08-05,84.66,88.55,84.38,88.41,2740400,0.00,0.00,0.00
2021-08-06,88.26,88.34,85.92,86.44,2000300,0.00,0.00,0.00
2021-08-09,86.34,87.55,85.88,86.76,1779800,0.00,0.00,0.00
2021-08-10,87.40,87.48,83.90,84.13,2220200,0.00,0.00,0.00
2021-08-11,84.25,84.30,81.87,83.03,2039200,0.00,0.00,0.00
2021-08-12,82.76,83.43,82.59,83.11,1187400,0.00,0.00,0.00
2021-08-13,83.18,83.32,81.54,81.69,1257600,0.00,0.00,0.00
2021-08-16,81.35,81.42,78.83,80.17,2125200,0.00,0.00,0.00
2021-08-17,79.17,79.78,78.34,79.68,3175900,0.00,0.00,0.00
2021-08-18,79.65,80.90,78.74,79.62,1384400,0.00,0.00,0.00
2021-08-19,78.83,79.55,78.03,78.19,2683500,0.00,0.00,0.00
2021-08-20,77.51,79.66,77.51,79.23,2306300,0.00,0.00,0.00
2021-08-23,79.96,82.19,79.96,82.04,1758800,0.00,0.00,0.00
2021-08-24,82.47,83.33,81.66,83.25,1492900,0.00,0.00,0.00
2021-08-25,83.13,83.95,82.50,83.42,1221500,0.00,0.00,0.00
2021-08-26,83.22,84.05,81.93,82.30,1354500,0.00,0.00,0.00
2021-08-27,82.61,85.07,82.15,84.38,1899200,0.00,0.00,0.00
2021-08-30,84.47,85.17,83.91,84.47,1101500,0.00,0.00,0.00
2021-08-31,84.24,85.27,84.15,85.14,1647000,0.00,0.00,0.00
2021-09-01,85.31,87.21,85.26,86.44,1629100,0.00,0.00,0.00
2021-09-02,86.73,87.41,86.37,87.33,1059700,0.00,0.00,0.00
2021-09-03,87.38,87.43,86.33,86.77,738900,0.00,0.00,0.00
2021-09-07,86.55,87.32,85.24,85.40,1577300,0.00,0.00,0.00
2021-09-08,84.93,85.21,82.82,83.37,1642200,0.00,0.00,0.00
2021-09-09,83.24,85.26,83.16,83.78,1242900,0.00,0.00,0.00
2021-09-10,84.39,84.39,83.08,83.22,1339600,0.00,0.00,0.00
2021-09-13,83.67,83.72,80.62,81.32,1890500,0.00,0.00,0.00
2021-09-14,81.41,82.20,79.94,80.26,1424700,0.00,0.00,0.00
2021-09-15,80.14,81.19,79.39,80.67,1763900,0.00,0.00,0.00
2021-09-16,80.53,81.18,79.34,80.97,1253300,0.00,0.00,0.00
2021-09-17,80.92,83.58,80.73,83.40,2144200,0.00,0.00,0.00
2021-09-20,80.79,81.98,78.87,79.83,3604400,0.00,0.00,0.00
2021-09-21,80.58,81.61,80.26,80.79,1665300,0.00,0.00,0.00
2021-09-22,81.04,81.24,80.07,80.31,1601500,0.00,0.00,0.00
2021-09-23,80.67,80.95,79.85,80.87,1264600,0.00,0.00,0.00
2021-09-24,80.19,80.52,78.13,78.16,2733200,0.00,0.00,0.00
2021-09-27,78.03,78.16,76.16,77.76,2380200,0.00,0.00,0.00
2021-09-28,76.86,76.88,74.49,74.78,5270600,0.00,0.00,0.00
2021-09-29,75.11,75.71,73.31,73.41,3445800,0.00,0.00,0.00
2021-09-30,74.09,75.07,73.70,74.25,1817400,0.00,0.00,0.00
2021-10-01,74.49,74.61,72.70,74.39,2022800,0.00,0.00,0.00
2021-10-04,73.88,73.88,71.21,71.40,2648200,0.00,0.00,0.00
2021-10-05,71.94,73.27,71.71,72.26,1295700,0.00,0.00,0.00
2021-10-06,71.34,72.13,70.76,71.33,1650300,0.00,0.00,0.00
2021-10-07,71.98,73.78,71.85,73.14,1598900,0.00,0.00,0.00
2021-10-08,73.00,73.14,71.30,71.43,2590500,0.00,0.00,0.00
2021-10-11,71.44,72.16,70.85,70.94,1471300,0.00,0.00,0.00
2021-10-12,71.14,72.78,71.14,72.34,1110300,0.00,0.00,0.00
2021-10-13,72.37,73.44,72.37,73.19,1174400,0.00,0.00,0.00
2021-10-14,74.03,75.45,74.03,74.96,2278700,0.00,0.00,0.00
2021-10-15,75.56,75.74,74.39,74.58,1913200,0.00,0.00,0.00
2021-10-18,74.04,74.18,72.94,73.34,1613900,0.00,0.00,0.00
2021-10-19,73.70,76.36,73.60,75.86,3549700,0.00,0.00,0.00
2021-10-20,76.01,76.22,75.01,75.16,1519300,0.00,0.00,0.00
2021-10-21,75.25,76.00,74.92,75.27,1112600,0.00,0.00,0.00
2021-10-22,75.15,75.15,73.54,74.34,1509500,0.00,0.00,0.00
2021-10-25,74.31,75.72,73.67,75.38,2023600,0.00,0.00,0.00
2021-10-26,75.72,76.47,74.85,75.17,3134500,0.00,0.00,0.00
2021-10-27,75.19,75.62,73.57,73.59,2181300,0.00,0.00,0.00
2021-10-28,73.41,76.27,73.37,76.15,2398400,0.00,0.00,0.00
2021-10-29,75.62,75.80,74.53,74.63,1534900,0.00,0.00,0.00
2021-11-01,74.68,77.26,74.58,76.99,2699400,0.00,0.00,0.00
2021-11-02,77.13,77.13,75.61,76.35,2550100,0.00,0.00,0.00
2021-11-03,76.17,77.94,75.39,77.79,2200800,0.00,0.00,0.00
2021-11-04,77.91,78.92,77.51,78.15,2404200,0.00,0.00,0.00
2021-11-05,78.00,79.10,76.56,77.46,2687900,0.00,0.00,0.00
2021-11-08,77.62,78.87,77.54,78.11,2173500,0.00,0.00,0.00
2021-11-09,77.66,78.01,75.77,76.19,2996300,0.00,0.00,0.00
2021-11-10,75.63,76.66,72.87,73.13,4215200,0.00,0.00,0.00
2021-11-11,73.96,74.12,72.82,73.13,1874600,0.00,0.00,0.00
2021-11-12,73.36,73.54,72.09,72.96,2081900,0.00,0.00,0.00
2021-11-15,73.16,73.27,71.16,71.27,3945300,0.00,0.00,0.00
2021-11-16,71.42,72.80,70.72,72.70,2569400,0.00,0.00,0.00
2021-11-17,72.54,72.80,70.75,71.12,3431200,0.00,0.00,0.00
2021-11-18,71.42,71.71,68.41,68.69,3541600,0.00,0.00,0.00
2021-11-19,68.56,69.47,67.86,68.10,3384500,0.00,0.00,0.00
2021-11-22,68.06,68.06,64.66,64.66,5791600,0.00,0.00,0.00
2021-11-23,64.66,64.80,62.28,63.78,4778100,0.00,0.00,0.00
2021-11-24,63.10,64.91,62.08,64.75,3472700,0.00,0.00,0.00
2021-11-26,64.09,65.81,63.85,64.21,2391600,0.00,0.00,0.00
2021-11-29,65.08,65.37,62.56,63.28,4488100,0.00,0.00,0.00
2021-11-30,63.04,64.82,61.79,62.97,5701800,0.00,0.00,0.00
2021-12-01,63.90,64.25,60.06,60.08,6850200,0.00,0.00,0.00
2021-12-02,60.02,62.00,59.14,61.00,3799500,0.00,0.00,0.00
2021-12-03,61.39,61.40,57.30,58.02,6659800,0.00,0.00,0.00
2021-12-06,57.99,59.11,55.73,58.89,5861200,0.00,0.00,0.00
2021-12-07,60.62,64.37,60.51,63.41,5511200,0.00,0.00,0.00
2021-12-08,63.28,65.36,61.45,64.70,4401400,0.00,0.00,0.00
2021-12-09,64.17,64.54,61.24,61.34,3800600,0.00,0.00,0.00
2021-12-10,62.07,63.42,60.07,60.27,2671400,0.00,0.00,0.00
2021-12-13,60.41,61.52,58.80,60.14,3888200,0.00,0.00,0.00
2021-12-14,59.14,60.74,58.29,59.50,5344800,0.00,0.00,0.00
2021-12-15,59.48,62.30,58.54,62.04,4066900,0.00,0.00,0.00
2021-12-16,62.76,63.38,58.85,59.09,4680900,0.00,0.00,0.00
2021-12-17,58.63,64.06,57.85,63.61,4657900,0.00,0.00,0.00
2021-12-20,62.51,63.43,60.96,62.49,3416600,0.00,0.00,0.00
2021-12-21,63.19,64.61,62.45,64.56,2335900,0.00,0.00,0.00
2021-12-22,64.00,65.44,63.33,64.21,2317600,0.00,0.00,0.00
2021-12-23,64.23,64.51,62.85,64.00,2158300,0.00,0.00,0.00
2021-12-27,63.68,63.84,61.51,61.85,2893700,0.00,0.00,0.00
2021-12-28,61.62,63.11,60.58,60.58,2814100,0.00,0.00,0.00
2021-12-29,60.48,60.68,59.51,60.06,2498100,0.38,0.00,0.00
2021-12-30,59.87,63.50,59.83,62.19,2979900,0.00,0.00,0.00
2021-12-31,62.21,63.65,61.19,61.24,2481100,0.00,0.00,0.00
2022-01-03,61.71,63.26,60.03,63.26,5028300,0.00,0.00,0.00
2022-01-04,63.59,63.59,59.19,60.25,2753400,0.00,0.00,0.00
2022-01-05,59.92,60.57,55.94,55.95,4637600,0.00,0.00,0.00
2022-01-06,55.77,56.89,53.47,55.06,4863900,0.00,0.00,0.00
2022-01-07,55.00,57.55,54.20,54.25,4167600,0.00,0.00,0.00
2022-01-10,53.78,54.29,51.69,54.26,6022400,0.00,0.00,0.00
2022-01-11,53.98,56.00,53.61,55.68,3472000,0.00,0.00,0.00
2022-01-12,56.14,56.77,53.25,53.42,3536400,0.00,0.00,0.00
2022-01-13,53.45,53.46,50.93,51.05,5600700,0.00,0.00,0.00
2022-01-14,50.59,51.93,49.68,51.58,4407500,0.00,0.00,0.00
2022-01-18,50.47,51.48,48.56,48.68,4161700,0.00,0.00,0.00
2022-01-19,49.16,50.45,47.67,47.79,5934100,0.00,0.00,0.00
2022-01-20,48.42,51.15,47.59,47.76,4187200,0.00,0.00,0.00
2022-01-21,47.59,48.86,46.58,46.60,6942300,0.00,0.00,0.00
2022-01-24,45.23,48.24,43.09,48.02,8389500,0.00,0.00,0.00
2022-01-25,46.75,48.05,45.46,46.69,6184100,0.00,0.00,0.00
2022-01-26,47.57,49.58,45.39,45.64,7084900,0.00,0.00,0.00
2022-01-27,46.70,46.96,43.96,43.99,3262000,0.00,0.00,0.00
2022-01-28,44.18,45.98,42.83,45.94,3900500,0.00,0.00,0.00
2022-01-31,46.00,49.76,46.00,49.70,3767000,0.00,0.00,0.00
2022-02-01,50.19,50.96,48.23,50.76,3205500,0.00,0.00,0.00
2022-02-02,51.00,51.06,48.19,49.09,2375500,0.00,0.00,0.00
2022-02-03,47.85,49.16,47.31,47.45,3331700,0.00,0.00,0.00
2022-02-04,47.50,48.97,46.24,48.37,3732200,0.00,0.00,0.00
2022-02-07,48.42,50.70,48.25,49.01,3067100,0.00,0.00,0.00
2022-02-08,48.73,49.19,47.58,48.61,2573800,0.00,0.00,0.00
2022-02-09,49.33,51.38,49.16,51.13,2799300,0.00,0.00,0.00
2022-02-10,49.53,52.47,49.07,49.66,2580800,0.00,0.00,0.00
2022-02-11,49.93,51.36,48.04,48.54,4130900,0.00,0.00,0.00
2022-02-14,48.45,49.41,47.34,47.65,2708300,0.00,0.00,0.00
2022-02-15,48.72,49.91,48.26,49.77,2068600,0.00,0.00,0.00
2022-02-16,49.29,49.67,48.24,49.13,2908800,0.00,0.00,0.00
2022-02-17,48.42,48.62,46.19,46.45,3156000,0.00,0.00,0.00
2022-02-18,46.45,46.86,45.08,45.35,3423500,0.00,0.00,0.00
2022-02-22,44.69,45.96,43.95,44.23,3911000,0.00,0.00,0.00
2022-02-23,44.80,45.18,42.64,42.68,2896200,0.00,0.00,0.00
2022-02-24,40.63,46.20,40.63,45.99,4737800,0.00,0.00,0.00
2022-02-25,45.92,47.47,45.22,47.47,3981900,0.00,0.00,0.00
2022-02-28,47.37,49.12,47.04,48.38,3922700,0.00,0.00,0.00
2022-03-01,48.17,49.18,47.10,47.50,2844600,0.00,0.00,0.00
2022-03-02,47.99,47.99,45.75,46.81,2836700,0.00,0.00,0.00
2022-03-03,47.22,47.32,44.26,44.67,3105100,0.00,0.00,0.00
2022-03-04,44.17,45.46,42.49,42.80,3072000,0.00,0.00,0.00
2022-03-07,42.66,43.99,41.93,42.04,2878500,0.00,0.00,0.00
2022-03-08,41.94,44.36,41.15,42.57,3058200,0.00,0.00,0.00
2022-03-09,43.76,45.38,43.47,44.77,3199900,0.00,0.00,0.00
2022-03-10,43.70,43.87,42.70,43.57,1556000,0.00,0.00,0.00
2022-03-11,44.26,44.32,40.66,40.69,3276200,0.00,0.00,0.00
2022-03-14,40.76,41.08,37.94,38.15,3356100,0.00,0.00,0.00
2022-03-15,38.40,39.77,37.95,39.45,2620400,0.00,0.00,0.00
2022-03-16,40.21,42.62,40.21,42.62,2796200,0.00,0.00,0.00
2022-03-17,42.23,44.74,41.63,44.74,2339900,0.00,0.00,0.00
2022-03-18,44.12,46.70,44.12,46.18,2335300,0.00,0.00,0.00
2022-03-21,46.23,46.23,44.12,44.63,2393300,0.00,0.00,0.00
2022-03-22,44.80,46.83,44.60,46.53,1677900,0.00,0.00,0.00
2022-03-23,46.05,47.03,44.93,45.43,1541900,0.00,0.00,0.00
2022-03-24,45.86,45.91,43.83,45.90,1244100,0.00,0.00,0.00
2022-03-25,45.94,45.99,44.20,44.77,2157300,0.00,0.00,0.00
2022-03-28,44.82,46.20,43.99,45.50,2745800,0.00,0.00,0.00
2022-03-29,46.10,48.79,46.08,48.55,6074400,0.00,0.00,0.00
2022-03-30,48.12,49.03,46.56,46.78,3566000,0.00,0.00,0.00
2022-03-31,46.79,47.20,45.90,45.93,3658900,0.00,0.00,0.00
2022-04-01,46.46,48.44,46.33,48.03,3698700,0.00,0.00,0.00
2022-04-04,48.40,49.17,47.89,48.94,3427500,0.00,0.00,0.00
2022-04-05,48.98,49.25,46.15,46.33,3453200,0.00,0.00,0.00
2022-04-06,45.56,45.67,43.75,45.16,4944200,0.00,0.00,0.00
2022-04-07,45.02,45.91,43.78,44.84,3246300,0.00,0.00,0.00
2022-04-08,44.90,45.03,43.39,43.62,4598600,0.00,0.00,0.00
2022-04-11,43.02,43.50,41.96,42.67,4559700,0.00,0.00,0.00
2022-04-12,43.17,44.98,42.51,43.05,5004100,0.00,0.00,0.00
2022-04-13,42.90,44.48,42.64,44.18,3040700,0.00,0.00,0.00
2022-04-14,44.06,44.30,42.28,42.37,3182000,0.00,0.00,0.00
2022-04-18,42.19,42.34,40.47,40.88,2043700,0.00,0.00,0.00
2022-04-19,40.86,42.37,40.40,41.66,2037300,0.00,0.00,0.00
2022-04-20,41.68,41.68,40.30,40.78,2964800,0.00,0.00,0.00
2022-04-21,41.35,42.25,38.61,38.78,4240000,0.00,0.00,0.00
2022-04-22,38.67,39.40,37.94,38.20,3358100,0.00,0.00,0.00
2022-04-25,37.82,39.60,37.82,39.52,3009000,0.00,0.00,0.00
2022-04-26,39.10,39.51,37.06,37.14,2869200,0.00,0.00,0.00
2022-04-27,37.23,38.15,36.70,36.90,3263400,0.00,0.00,0.00
2022-04-28,35.94,36.23,33.73,35.60,4848100,0.00,0.00,0.00
2022-04-29,34.89,36.18,33.89,34.00,2606700,0.00,0.00,0.00
2022-05-02,33.81,35.77,33.50,35.76,3466800,0.00,0.00,0.00
2022-05-03,35.69,36.55,35.09,35.66,2515800,0.00,0.00,0.00
2022-05-04,35.68,37.57,34.17,37.21,3365600,0.00,0.00,0.00
2022-05-05,36.59,36.59,33.86,34.29,3276100,0.00,0.00,0.00
2022-05-06,34.10,34.14,31.92,32.72,9356700,0.00,0.00,0.00
2022-05-09,31.79,32.27,29.39,29.54,5299000,0.00,0.00,0.00
2022-05-10,30.56,31.75,28.76,30.46,7303500,0.00,0.00,0.00
2022-05-11,30.02,30.78,27.96,28.08,8102500,0.00,0.00,0.00
2022-05-12,27.58,30.28,27.47,29.52,8102100,0.00,0.00,0.00
2022-05-13,30.25,32.85,30.25,32.40,10223700,0.00,0.00,0.00
2022-05-16,32.25,32.91,31.30,31.32,4808200,0.00,0.00,0.00
2022-05-17,32.12,32.82,31.42,32.78,7719900,0.00,0.00,0.00
2022-05-18,31.88,32.77,31.03,31.25,3473500,0.00,0.00,0.00
2022-05-19,30.97,32.95,30.96,32.44,5596100,0.00,0.00,0.00
2022-05-20,33.14,33.40,30.85,32.60,4517000,0.00,0.00,0.00
2022-05-23,32.75,33.11,31.89,32.56,3548300,0.00,0.00,0.00
2022-05-24,31.86,32.13,30.60,30.91,2996400,0.00,0.00,0.00
2022-05-25,30.74,31.79,30.71,31.50,3698000,0.00,0.00,0.00
2022-05-26,31.51,32.56,31.28,31.91,4627600,0.00,0.00,0.00
2022-05-27,31.98,33.65,31.73,33.64,4133100,0.00,0.00,0.00
2022-05-31,33.42,33.65,31.66,32.26,4514600,0.00,0.00,0.00
2022-06-01,32.55,32.97,30.72,31.16,3807500,0.00,0.00,0.00
2022-06-02,31.39,33.28,31.00,33.07,2349300,0.00,0.00,0.00
2022-06-03,32.36,33.04,31.93,32.32,2523000,0.00,0.00,0.00
2022-06-06,33.03,33.48,31.33,31.69,2535300,0.00,0.00,0.00
2022-06-07,31.25,32.85,31.08,32.85,2593500,0.00,0.00,0.00
2022-06-08,32.67,34.26,32.67,33.63,3242200,0.00,0.00,0.00
2022-06-09,33.39,33.39,31.72,31.73,3551300,0.00,0.00,0.00
2022-06-10,30.79,30.97,29.33,29.56,4761700,0.00,0.00,0.00
2022-06-13,28.31,28.55,27.02,27.20,3278000,0.00,0.00,0.00
2022-06-14,27.64,27.78,26.38,27.55,3672700,0.00,0.00,0.00
2022-06-15,28.02,29.53,27.93,28.99,5479100,0.00,0.00,0.00
2022-06-16,27.79,28.08,27.22,27.92,2343600,0.00,0.00,0.00
2022-06-17,28.15,30.05,28.15,29.32,7808400,0.00,0.00,0.00
2022-06-21,30.08,31.22,30.03,30.21,3202400,0.00,0.00,0.00
2022-06-22,29.63,31.74,29.48,31.07,2770600,0.00,0.00,0.00
2022-06-23,31.30,33.74,31.16,33.66,2053100,0.00,0.00,0.00
2022-06-24,34.02,34.64,33.01,34.62,4452500,0.00,0.00,0.00
2022-06-27,34.64,34.75,33.18,34.08,1764100,0.00,0.00,0.00
2022-06-28,34.16,34.42,32.25,32.37,2800200,0.00,0.00,0.00
2022-06-29,32.35,32.46,31.44,32.17,2324400,0.00,0.00,0.00
2022-06-30,31.63,32.11,30.87,31.49,2277300,0.00,0.00,0.00
2022-07-01,31.66,32.83,31.50,32.78,2235600,0.00,0.00,0.00
2022-07-05,32.36,35.47,31.90,35.46,4053700,0.00,0.00,0.00
2022-07-06,35.58,36.57,35.11,35.40,3655200,0.00,0.00,0.00
2022-07-07,35.52,37.71,35.24,37.65,5289100,0.00,0.00,0.00
2022-07-08,36.95,38.30,36.69,37.46,3228700,0.00,0.00,0.00
2022-07-11,37.19,37.42,35.54,35.60,2463700,0.00,0.00,0.00
2022-07-12,35.79,36.59,34.57,36.47,4197700,0.00,0.00,0.00
2022-07-13,35.25,37.71,35.25,36.90,4359000,0.00,0.00,0.00
2022-07-14,36.38,36.75,35.57,36.22,2098300,0.00,0.00,0.00
2022-07-15,36.41,36.51,34.71,36.37,2754100,0.00,0.00,0.00
2022-07-18,36.96,37.55,34.99,35.22,2382800,0.00,0.00,0.00
2022-07-19,35.76,37.08,35.11,37.05,2208600,0.00,0.00,0.00
2022-07-20,37.09,38.99,37.09,38.28,3628600,0.00,0.00,0.00
2022-07-21,38.48,39.31,38.18,38.97,3760700,0.00,0.00,0.00
2022-07-22,38.99,39.23,36.59,36.80,4744400,0.00,0.00,0.00
2022-07-25,37.00,37.00,35.81,36.71,3152100,0.00,0.00,0.00
2022-07-26,36.40,37.17,35.87,36.34,2051800,0.00,0.00,0.00
2022-07-27,37.04,37.84,36.31,37.76,2170500,0.00,0.00,0.00
2022-07-28,37.51,37.96,35.87,37.27,1935600,0.00,0.00,0.00
2022-07-29,37.10,37.10,36.19,36.61,2498300,0.00,0.00,0.00
2022-08-01,36.12,37.21,35.75,36.38,1445900,0.00,0.00,0.00
2022-08-02,36.03,37.65,35.93,37.21,1866300,0.00,0.00,0.00
2022-08-03,37.89,39.31,37.89,38.97,2708400,0.00,0.00,0.00
2022-08-04,38.86,39.74,38.59,39.63,2907500,0.00,0.00,0.00
2022-08-05,38.88,40.49,37.80,40.39,3554600,0.00,0.00,0.00
2022-08-08,41.01,42.15,40.48,40.77,4688900,0.00,0.00,0.00
2022-08-09,40.27,40.28,37.99,38.56,3326600,0.00,0.00,0.00
2022-08-10,40.17,41.48,39.09,41.28,4450100,0.00,0.00,0.00
2022-08-11,41.51,43.88,40.24,40.45,4471600,0.00,0.00,0.00
2022-08-12,40.96,41.99,40.53,41.91,3001200,0.00,0.00,0.00
2022-08-15,41.63,42.55,41.31,42.39,2260800,0.00,0.00,0.00
2022-08-16,42.54,42.54,40.29,40.73,1818000,0.00,0.00,0.00
2022-08-17,39.92,40.34,38.56,38.64,2110200,0.00,0.00,0.00
2022-08-18,38.84,38.84,37.19,38.16,2400000,0.00,0.00,0.00
2022-08-19,37.54,37.66,36.15,36.40,2133400,0.00,0.00,0.00
2022-08-22,36.53,37.22,35.87,36.17,2265600,0.00,0.00,0.00
2022-08-23,36.26,37.26,35.71,36.83,1698400,0.00,0.00,0.00
2022-08-24,36.86,38.41,36.46,38.11,1837000,0.00,0.00,0.00
2022-08-25,38.60,39.05,38.07,39.05,1652700,0.00,0.00,0.00
2022-08-26,39.01,39.01,36.57,36.58,3020300,0.00,0.00,0.00
2022-08-29,35.83,36.78,35.68,35.70,2073300,0.00,0.00,0.00
2022-08-30,36.05,36.42,34.74,35.03,2651300,0.00,0.00,0.00
2022-08-31,35.77,35.98,35.01,35.49,2454600,0.00,0.00,0.00
2022-09-01,35.03,35.79,34.22,35.72,2308200,0.00,0.00,0.00
2022-09-02,36.12,36.36,34.43,34.67,3052000,0.00,0.00,0.00
2022-09-06,34.77,34.79,33.84,34.04,3248200,0.00,0.00,0.00
2022-09-07,33.99,35.78,33.82,35.65,1974100,0.00,0.00,0.00
2022-09-08,35.11,36.94,34.99,36.94,2329400,0.00,0.00,0.00
2022-09-09,37.45,38.15,37.18,37.74,1912500,0.00,0.00,0.00
2022-09-12,37.97,38.61,37.47,38.61,2027300,0.00,0.00,0.00
2022-09-13,37.00,37.15,36.20,36.46,2791300,0.00,0.00,0.00
2022-09-14,36.44,37.06,35.74,37.05,3136300,0.00,0.00,0.00
2022-09-15,36.72,38.25,36.68,37.68,2055500,0.00,0.00,0.00
2022-09-16,36.74,36.83,35.23,35.74,3171700,0.00,0.00,0.00
2022-09-19,35.21,35.43,34.32,35.43,2098000,0.00,0.00,0.00
2022-09-20,34.89,35.56,34.70,34.87,1553400,0.00,0.00,0.00
2022-09-21,35.11,35.78,33.91,33.93,2156300,0.00,0.00,0.00
2022-09-22,33.77,33.77,32.61,32.97,2861700,0.00,0.00,0.00
2022-09-23,32.51,32.82,31.53,32.14,2694600,0.00,0.00,0.00
2022-09-26,32.03,33.02,31.50,31.57,1557000,0.00,0.00,0.00
2022-09-27,32.14,32.90,31.84,32.24,1772300,0.00,0.00,0.00
2022-09-28,32.41,34.44,32.41,34.23,3441300,0.00,0.00,0.00
2022-09-29,33.66,33.77,32.31,32.89,2179800,0.00,0.00,0.00
2022-09-30,32.74,34.37,32.74,32.87,2001800,0.00,0.00,0.00
2022-10-03,33.25,33.53,32.36,33.19,1589400,0.00,0.00,0.00
2022-10-04,33.96,35.74,33.96,35.71,3560000,0.00,0.00,0.00
2022-10-05,34.86,35.24,33.74,35.04,3506000,0.00,0.00,0.00
2022-10-06,34.92,35.69,34.55,35.03,1420100,0.00,0.00,0.00
2022-10-07,34.17,34.30,32.70,32.86,2349100,0.00,0.00,0.00
2022-10-10,32.82,32.89,31.50,31.90,1825500,0.00,0.00,0.00
2022-10-11,31.74,32.67,30.79,31.73,2256900,0.00,0.00,0.00
2022-10-12,31.99,32.15,31.02,31.92,1530300,0.00,0.00,0.00
2022-10-13,30.56,32.21,30.22,31.70,3916300,0.00,0.00,0.00
2022-10-14,32.25,32.74,30.45,30.52,3017100,0.00,0.00,0.00
2022-10-17,31.34,32.11,31.17,31.95,2005200,0.00,0.00,0.00
2022-10-18,32.95,33.40,31.88,32.36,1289800,0.00,0.00,0.00
2022-10-19,31.82,31.98,30.25,30.50,1693200,0.00,0.00,0.00
2022-10-20,30.42,31.54,30.17,30.33,1895200,0.00,0.00,0.00
2022-10-21,30.35,31.16,29.76,31.12,1568100,0.00,0.00,0.00
2022-10-24,31.20,31.31,30.10,30.96,1068100,0.00,0.00,0.00
2022-10-25,31.11,32.85,31.11,32.63,1534600,0.00,0.00,0.00
2022-10-26,32.32,34.69,32.28,33.55,2722100,0.00,0.00,0.00
2022-10-27,34.18,34.28,32.86,32.99,1586600,0.00,0.00,0.00
2022-10-28,33.17,34.27,32.63,34.18,1401200,0.00,0.00,0.00
2022-10-31,33.82,34.37,33.44,33.76,1322000,0.00,0.00,0.00
2022-11-01,34.35,34.97,33.98,34.19,1257300,0.00,0.00,0.00
2022-11-02,34.26,35.30,33.03,33.03,3117900,0.00,0.00,0.00
2022-11-03,32.58,33.65,32.05,32.66,1666900,0.00,0.00,0.00
2022-11-04,33.52,33.74,31.60,32.51,1332100,0.00,0.00,0.00
2022-11-07,32.36,32.73,31.26,31.58,1632700,0.00,0.00,0.00
2022-11-08,31.57,32.86,31.27,32.14,1540300,0.00,0.00,0.00
2022-11-09,31.78,32.09,30.76,30.77,1537400,0.00,0.00,0.00
2022-11-10,33.04,34.30,32.74,34.22,4021000,0.00,0.00,0.00
2022-11-11,34.14,36.97,33.86,36.23,3912300,0.00,0.00,0.00
2022-11-14,35.87,36.28,34.93,34.99,1317600,0.00,0.00,0.00
2022-11-15,35.93,36.43,34.59,35.00,2046100,0.00,0.00,0.00
2022-11-16,34.46,34.63,33.44,33.65,1187200,0.00,0.00,0.00
2022-11-17,32.81,33.19,32.37,32.76,2394200,0.00,0.00,0.00
2022-11-18,33.58,33.67,32.03,32.25,1107300,0.00,0.00,0.00
2022-11-21,32.14,32.19,31.43,31.71,1232900,0.00,0.00,0.00
2022-11-22,31.86,31.92,31.01,31.59,1235300,0.00,0.00,0.00
2022-11-23,31.68,32.28,31.43,31.88,991100,0.00,0.00,0.00
2022-11-25,31.67,31.78,31.25,31.70,370000,0.00,0.00,0.00
2022-11-28,31.57,31.97,30.51,30.63,1813700,0.00,0.00,0.00
2022-11-29,30.79,31.17,30.40,30.51,2057800,0.00,0.00,0.00
2022-11-30,30.70,32.58,30.31,32.50,2892000,0.00,0.00,0.00
2022-12-01,32.59,33.11,31.99,32.71,1325000,0.00,0.00,0.00
2022-12-02,31.89,33.05,31.65,32.98,1335500,0.00,0.00,0.00
2022-12-05,32.67,32.83,31.23,31.48,1351100,0.00,0.00,0.00
2022-12-06,31.57,31.57,30.32,30.49,1431200,0.00,0.00,0.00
2022-12-07,30.48,30.87,30.15,30.58,1486200,0.00,0.00,0.00
2022-12-08,30.80,31.48,30.20,31.26,1286800,0.00,0.00,0.00
2022-12-09,31.00,31.47,30.31,30.35,1347700,0.00,0.00,0.00
2022-12-12,30.22,30.89,29.84,30.86,1235800,0.00,0.00,0.00
2022-12-13,32.42,33.30,30.71,31.19,3281300,0.00,0.00,0.00
2022-12-14,31.11,31.68,30.50,30.97,1687600,0.00,0.00,0.00
2022-12-15,30.23,30.62,29.82,29.89,1514700,0.00,0.00,0.00
2022-12-16,30.09,30.42,29.63,30.16,1728500,0.00,0.00,0.00
2022-12-19,30.15,30.16,28.64,28.84,2309400,0.00,0.00,0.00
2022-12-20,28.81,29.37,28.53,29.06,1073100,0.00,0.00,0.00
2022-12-21,29.31,30.32,29.20,29.70,1764300,0.00,0.00,0.00
2022-12-22,29.27,29.43,28.47,29.36,1542700,0.00,0.00,0.00
2022-12-23,29.13,29.46,28.29,28.42,1130900,0.00,0.00,0.00
2022-12-27,28.27,28.28,27.19,27.24,1330200,0.00,0.00,0.00
2022-12-28,27.13,27.70,26.98,27.08,1670300,0.00,0.00,0.00
2022-12-29,27.32,28.50,27.11,28.18,1339200,0.00,0.00,0.00
2022-12-30,27.75,28.26,27.34,28.23,1595900,0.00,0.00,0.00
2023-01-03,28.63,29.10,27.43,27.61,1777200,0.00,0.00,0.00
2023-01-04,27.78,28.74,27.66,28.65,1258900,0.00,0.00,0.00
2023-01-05,28.47,28.61,27.92,28.38,1636600,0.00,0.00,0.00
2023-01-06,28.45,28.50,27.36,28.28,3278900,0.00,0.00,0.00
2023-01-09,29.11,29.71,28.75,29.18,2274400,0.00,0.00,0.00
2023-01-10,29.16,30.28,29.11,30.22,1437800,0.00,0.00,0.00
2023-01-11,30.38,31.34,29.94,31.31,1337400,0.00,0.00,0.00
2023-01-12,31.51,32.46,30.46,32.39,1614500,0.00,0.00,0.00
2023-01-13,31.85,32.92,31.83,32.81,1558000,0.00,0.00,0.00
2023-01-17,32.67,33.49,32.18,33.43,981300,0.00,0.00,0.00
2023-01-18,33.61,34.36,32.79,32.90,2471900,0.00,0.00,0.00
2023-01-19,32.42,32.52,31.25,31.80,2146100,0.00,0.00,0.00
2023-01-20,32.07,32.61,31.52,32.49,1687000,0.00,0.00,0.00
2023-01-23,32.53,33.46,32.17,33.36,1174000,0.00,0.00,0.00
2023-01-24,33.06,33.71,32.72,32.89,864400,0.00,0.00,0.00
2023-01-25,32.25,33.07,31.75,33.06,1110600,0.00,0.00,0.00
2023-01-26,33.66,33.93,32.58,33.11,751200,0.00,0.00,0.00
2023-01-27,32.95,34.23,32.81,34.06,1180500,0.00,0.00,0.00
2023-01-30,33.51,33.65,32.65,32.70,1975800,0.00,0.00,0.00
2023-01-31,32.87,33.73,32.83,33.70,1058300,0.00,0.00,0.00
2023-02-01,33.69,34.89,32.84,34.50,2464500,0.00,0.00,0.00
2023-02-02,35.28,37.16,35.28,36.49,3610700,0.00,0.00,0.00
2023-02-03,35.36,36.15,34.81,35.28,2425800,0.00,0.00,0.00
2023-02-06,34.88,35.21,34.42,34.56,1425100,0.00,0.00,0.00
2023-02-07,34.64,35.24,33.97,35.14,1360300,0.00,0.00,0.00
2023-02-08,34.96,35.25,33.67,33.72,1740500,0.00,0.00,0.00
2023-02-09,34.29,34.49,32.56,32.69,2107600,0.00,0.00,0.00
2023-02-10,32.41,32.53,31.88,32.17,1560200,0.00,0.00,0.00
2023-02-13,32.27,32.74,31.82,32.53,1703500,0.00,0.00,0.00
2023-02-14,32.32,33.13,31.76,32.80,2236300,0.00,0.00,0.00
2023-02-15,32.65,33.65,32.42,33.51,2772800,0.00,0.00,0.00
2023-02-16,32.87,33.32,32.31,32.53,2136700,0.00,0.00,0.00
2023-02-17,32.22,32.52,31.42,32.47,2132800,0.00,0.00,0.00
2023-02-21,31.78,31.83,30.41,30.44,2240200,0.00,0.00,0.00
2023-02-22,30.69,31.25,30.35,31.13,1852400,0.00,0.00,0.00
2023-02-23,31.35,31.60,29.91,30.72,1581900,0.00,0.00,0.00
2023-02-24,29.89,30.22,29.56,29.67,2871200,0.00,0.00,0.00
2023-02-27,30.12,30.19,29.58,29.93,1853100,0.00,0.00,0.00
2023-02-28,30.00,30.69,29.90,30.35,2573000,0.00,0.00,0.00
2023-03-01,30.79,30.87,29.90,30.00,1744200,0.00,0.00,0.00
2023-03-02,29.86,30.27,29.65,30.15,2101000,0.00,0.00,0.00
2023-03-03,30.16,31.18,29.95,31.00,1777500,0.00,0.00,0.00
2023-03-06,31.01,31.06,30.00,30.13,1850600,0.00,0.00,0.00
2023-03-07,29.99,30.45,29.67,29.81,1196100,0.00,0.00,0.00
2023-03-08,29.90,30.20,29.46,29.77,2366400,0.00,0.00,0.00
2023-03-09,29.92,30.01,28.54,28.65,1294400,0.00,0.00,0.00
2023-03-10,28.60,28.76,26.76,27.46,4738500,0.00,0.00,0.00
2023-03-13,27.06,29.08,27.06,28.48,3895800,0.00,0.00,0.00
2023-03-14,29.33,29.46,28.43,28.90,1688000,0.00,0.00,0.00
2023-03-15,28.39,29.00,28.24,28.94,2039100,0.00,0.00,0.00
2023-03-16,28.86,29.66,28.45,29.44,2530300,0.00,0.00,0.00
2023-03-17,28.68,29.21,28.28,28.52,4112500,0.00,0.00,0.00
2023-03-20,28.54,28.68,27.91,28.27,1507400,0.00,0.00,0.00
2023-03-21,28.49,29.53,28.38,29.35,2047000,0.00,0.00,0.00
2023-03-22,29.35,29.41,28.09,28.09,3373700,0.00,0.00,0.00
2023-03-23,28.61,29.27,27.91,28.28,1714000,0.00,0.00,0.00
2023-03-24,28.11,28.80,27.79,28.65,1613000,0.00,0.00,0.00
2023-03-27,28.93,29.27,28.52,28.64,1262300,0.00,0.00,0.00
2023-03-28,28.66,28.73,27.95,28.00,1404100,0.00,0.00,0.00
2023-03-29,28.46,28.97,28.27,28.89,1362500,0.00,0.00,0.00
2023-03-30,29.18,29.36,28.49,28.66,1733800,0.00,0.00,0.00
2023-03-31,28.92,30.30,28.92,30.07,3421000,0.00,0.00,0.00
2023-04-03,29.97,30.01,29.29,29.76,1856100,0.00,0.00,0.00
2023-04-04,29.99,30.06,29.30,29.63,1922600,0.00,0.00,0.00
2023-04-05,29.49,29.60,28.89,29.10,1908300,0.00,0.00,0.00
2023-04-06,29.00,29.81,28.82,29.72,1092000,0.00,0.00,0.00
2023-04-10,29.33,29.65,29.11,29.61,1482300,0.00,0.00,0.00
2023-04-11,29.71,30.20,29.59,29.97,1316600,0.00,0.00,0.00
2023-04-12,30.52,30.70,29.26,29.28,1878700,0.00,0.00,0.00
2023-04-13,29.58,31.07,29.53,30.90,2416500,0.00,0.00,0.00
2023-04-14,30.90,31.13,30.07,30.31,1704700,0.00,0.00,0.00
2023-04-17,30.30,31.14,30.23,30.75,2561200,0.00,0.00,0.00
2023-04-18,30.98,31.05,30.18,30.48,1289700,0.00,0.00,0.00
2023-04-19,30.19,31.09,30.01,30.85,1009500,0.00,0.00,0.00
2023-04-20,30.45,30.63,29.88,29.95,1589900,0.00,0.00,0.00
2023-04-21,30.03,30.72,29.89,30.58,1405200,0.00,0.00,0.00
2023-04-24,30.61,30.75,29.96,30.12,1111200,0.00,0.00,0.00
2023-04-25,30.00,30.05,29.09,29.11,1466000,0.00,0.00,0.00
2023-04-26,29.16,29.35,28.60,28.72,1387100,0.00,0.00,0.00
2023-04-27,29.03,29.12,28.61,28.85,989400,0.00,0.00,0.00
2023-04-28,28.59,29.24,28.16,28.96,1317200,0.00,0.00,0.00
2023-05-01,28.88,29.32,28.69,29.20,1150600,0.00,0.00,0.00
2023-05-02,29.01,29.05,28.21,28.26,1704100,0.00,0.00,0.00
2023-05-03,28.39,29.56,28.31,28.86,2018500,0.00,0.00,0.00
2023-05-04,28.87,29.46,28.55,29.37,1379500,0.00,0.00,0.00
2023-05-05,29.50,29.77,29.11,29.71,1155900,0.00,0.00,0.00
2023-05-08,29.67,29.91,29.20,29.81,1193400,0.00,0.00,0.00
2023-05-09,29.58,30.23,29.24,30.15,1186400,0.00,0.00,0.00
2023-05-10,30.90,31.35,30.59,30.93,3611700,0.00,0.00,0.00
2023-05-11,30.68,30.82,30.26,30.38,953400,0.00,0.00,0.00
2023-05-12,30.46,30.46,29.72,29.86,1108300,0.00,0.00,0.00
2023-05-15,29.89,31.06,29.75,30.81,1712200,0.00,0.00,0.00
2023-05-16,30.58,30.60,29.56,29.78,1162500,0.00,0.00,0.00
2023-05-17,29.88,30.29,29.29,30.28,1173500,0.00,0.00,0.00
2023-05-18,30.12,30.62,29.78,30.49,1338800,0.00,0.00,0.00
2023-05-19,30.38,30.95,30.38,30.76,1101800,0.00,0.00,0.00
2023-05-22,30.85,32.57,30.85,32.44,2152900,0.00,0.00,0.00
2023-05-23,32.29,33.70,32.29,32.50,2587500,0.00,0.00,0.00
2023-05-24,32.47,32.47,31.43,32.08,1319400,0.00,0.00,0.00
2023-05-25,32.45,32.45,30.90,31.28,1499500,0.00,0.00,0.00
2023-05-26,31.33,31.86,31.11,31.69,850500,0.00,0.00,0.00
2023-05-30,31.99,32.71,31.47,31.72,2160400,0.00,0.00,0.00
2023-05-31,31.51,32.18,31.02,31.63,1960100,0.00,0.00,0.00
2023-06-01,31.82,32.81,31.34,32.56,1086900,0.00,0.00,0.00
2023-06-02,33.08,33.30,32.35,33.25,2381800,0.00,0.00,0.00
2023-06-05,33.27,33.77,33.17,33.50,813100,0.00,0.00,0.00
2023-06-06,33.36,34.44,33.14,34.26,1196300,0.00,0.00,0.00
2023-06-07,34.48,34.91,33.76,33.90,1615800,0.00,0.00,0.00
2023-06-08,33.84,34.16,33.35,33.86,1073000,0.00,0.00,0.00
2023-06-09,34.25,34.28,33.22,33.32,1054700,0.00,0.00,0.00
2023-06-12,33.55,34.43,33.37,34.17,1064400,0.00,0.00,0.00
2023-06-13,34.46,35.35,34.37,35.21,1615000,0.00,0.00,0.00
2023-06-14,35.26,35.46,33.90,34.50,1865800,0.00,0.00,0.00
2023-06-15,34.24,35.32,34.16,35.20,831000,0.00,0.00,0.00
2023-06-16,35.54,35.60,34.58,34.61,1240900,0.00,0.00,0.00
2023-06-20,34.48,34.89,34.11,34.73,1129100,0.00,0.00,0.00
2023-06-21,34.66,34.67,33.44,33.75,2095700,0.00,0.00,0.00
2023-06-22,33.79,33.79,33.19,33.42,996300,0.00,0.00,0.00
2023-06-23,32.90,33.07,32.48,32.79,1099800,0.00,0.00,0.00
2023-06-26,32.78,32.91,32.47,32.60,546500,0.00,0.00,0.00
2023-06-27,32.69,33.03,32.22,32.84,1013700,0.00,0.00,0.00
2023-06-28,32.72,33.80,32.62,33.78,715000,0.00,0.00,0.00
2023-06-29,33.87,34.17,33.63,33.71,985200,0.00,0.00,0.00
2023-06-30,34.28,34.62,34.09,34.09,1085000,0.00,0.00,0.00
2023-07-03,34.23,34.39,33.72,33.97,642000,0.00,0.00,0.00
2023-07-05,33.77,33.93,33.45,33.75,791700,0.00,0.00,0.00
2023-07-06,33.09,33.19,32.33,32.54,1162700,0.00,0.00,0.00
2023-07-07,32.86,33.34,32.66,33.15,849200,0.00,0.00,0.00
2023-07-10,33.07,34.88,33.03,34.87,1754200,0.00,0.00,0.00
2023-07-11,35.13,35.45,34.69,35.31,1165000,0.00,0.00,0.00
2023-07-12,36.72,36.92,35.98,36.57,2650800,0.00,0.00,0.00
2023-07-13,36.93,37.15,36.40,36.94,1692600,0.00,0.00,0.00
2023-07-14,37.33,37.43,36.17,36.26,1537200,0.00,0.00,0.00
2023-07-17,36.39,37.46,35.88,37.21,1568900,0.00,0.00,0.00
2023-07-18,37.44,37.87,37.20,37.76,1288600,0.00,0.00,0.00
2023-07-19,37.98,38.97,37.92,38.18,1850100,0.00,0.00,0.00
2023-07-20,37.83,38.03,36.44,36.57,2155600,0.00,0.00,0.00
2023-07-21,36.98,37.47,36.35,37.11,1637100,0.00,0.00,0.00
2023-07-24,37.24,37.33,36.19,36.32,1332500,0.00,0.00,0.00
2023-07-25,36.34,36.87,36.25,36.46,870900,0.00,0.00,0.00
2023-07-26,36.45,37.21,36.29,37.13,1148100,0.00,0.00,0.00
2023-07-27,37.71,37.76,35.94,36.13,1899400,0.00,0.00,0.00
2023-07-28,36.64,37.29,36.48,37.29,1246300,0.00,0.00,0.00
2023-07-31,37.50,38.00,37.34,38.00,1779900,0.00,0.00,0.00
2023-08-01,37.66,37.68,36.76,37.04,1021800,0.00,0.00,0.00
2023-08-02,36.33,36.33,35.04,35.21,1675000,0.00,0.00,0.00
2023-08-03,34.56,34.58,33.90,33.96,1709200,0.00,0.00,0.00
2023-08-04,34.43,34.49,33.78,33.99,1387500,0.00,0.00,0.00
2023-08-07,34.00,34.00,32.55,33.02,1793700,0.00,0.00,0.00
2023-08-08,32.67,33.13,32.36,33.12,1289100,0.00,0.00,0.00
2023-08-09,33.24,33.47,32.43,32.68,1908000,0.00,0.00,0.00
2023-08-10,32.78,33.15,31.94,32.22,2030200,0.00,0.00,0.00
2023-08-11,31.95,32.27,31.69,31.88,1667200,0.00,0.00,0.00
2023-08-14,31.73,31.84,31.26,31.84,1470100,0.00,0.00,0.00
2023-08-15,31.68,32.02,31.50,31.60,1139500,0.00,0.00,0.00
2023-08-16,31.50,31.51,30.57,30.60,1379800,0.00,0.00,0.00
2023-08-17,30.65,30.65,30.23,30.36,1214400,0.00,0.00,0.00
2023-08-18,29.95,30.85,29.85,30.33,1294700,0.00,0.00,0.00
2023-08-21,30.50,31.10,30.17,30.94,1525100,0.00,0.00,0.00
2023-08-22,31.18,31.41,30.66,30.95,1389200,0.00,0.00,0.00
2023-08-23,31.00,31.80,31.00,31.61,1605500,0.00,0.00,0.00
2023-08-24,31.78,31.83,30.35,30.41,1973800,0.00,0.00,0.00
2023-08-25,30.49,30.81,30.01,30.56,1812500,0.00,0.00,0.00
2023-08-28,30.90,31.14,30.63,30.79,784800,0.00,0.00,0.00
2023-08-29,30.83,32.24,30.60,31.98,2339000,0.00,0.00,0.00
2023-08-30,31.97,32.35,31.64,32.24,621900,0.00,0.00,0.00
2023-08-31,32.34,32.60,32.15,32.25,696400,0.00,0.00,0.00
2023-09-01,32.57,33.08,32.54,32.61,904100,0.00,0.00,0.00
2023-09-05,32.44,32.53,31.95,32.01,786000,0.00,0.00,0.00
2023-09-06,31.95,32.20,31.53,32.00,1079800,0.00,0.00,0.00
2023-09-07,31.61,31.64,31.01,31.49,1582700,0.00,0.00,0.00
2023-09-08,31.46,31.46,31.05,31.11,1298900,0.00,0.00,0.00
2023-09-11,31.23,31.70,31.07,31.57,654000,0.00,0.00,0.00
2023-09-12,31.34,31.88,31.26,31.53,559300,0.00,0.00,0.00
2023-09-13,31.52,31.85,31.32,31.33,940100,0.00,0.00,0.00
2023-09-14,31.68,31.69,31.00,31.03,788200,0.00,0.00,0.00
2023-09-15,30.96,31.15,30.35,30.51,988000,0.00,0.00,0.00
2023-09-18,30.38,30.38,29.59,29.62,969700,0.00,0.00,0.00
2023-09-19,29.61,29.65,29.10,29.55,1684000,0.00,0.00,0.00
2023-09-20,29.67,29.90,29.02,29.02,1179900,0.00,0.00,0.00
2023-09-21,28.77,28.77,28.20,28.23,1293700,0.00,0.00,0.00
2023-09-22,28.37,28.56,27.88,27.91,1739900,0.00,0.00,0.00
2023-09-25,27.73,27.94,27.44,27.60,1380500,0.00,0.00,0.00
2023-09-26,27.61,28.31,27.60,27.64,1162400,0.00,0.00,0.00
2023-09-27,28.11,28.46,27.69,27.97,1534900,0.00,0.00,0.00
2023-09-28,28.05,28.26,27.45,27.87,1716100,0.00,0.00,0.00
2023-09-29,28.19,28.50,27.70,27.86,1813200,0.00,0.00,0.00
2023-10-02,27.75,27.75,26.72,26.95,1793400,0.00,0.00,0.00
2023-10-03,26.62,26.94,26.30,26.49,1855800,0.00,0.00,0.00
2023-10-04,26.67,26.68,26.05,26.27,1508500,0.00,0.00,0.00
2023-10-05,26.18,26.60,25.73,26.55,1861800,0.00,0.00,0.00
2023-10-06,26.19,26.49,25.82,26.27,1637000,0.00,0.00,0.00
2023-10-09,25.92,26.29,25.56,26.17,1304700,0.00,0.00,0.00
2023-10-10,26.23,27.15,26.23,26.84,1771500,0.00,0.00,0.00
2023-10-11,26.92,27.23,26.19,26.51,1907100,0.00,0.00,0.00
2023-10-12,26.65,26.65,24.93,25.02,2690200,0.00,0.00,0.00
2023-10-13,25.06,25.22,24.75,25.12,1908200,0.00,0.00,0.00
2023-10-16,25.08,25.68,24.70,25.46,1466700,0.00,0.00,0.00
2023-10-17,25.20,26.09,25.13,25.75,1526600,0.00,0.00,0.00
2023-10-18,25.61,25.61,24.51,24.59,1679400,0.00,0.00,0.00
2023-10-19,24.67,24.67,23.88,23.92,2580500,0.00,0.00,0.00
2023-10-20,23.82,24.19,23.48,23.75,1930900,0.00,0.00,0.00
2023-10-23,23.58,24.01,23.22,23.57,2016100,0.00,0.00,0.00
2023-10-24,23.72,24.49,23.72,24.25,2932900,0.00,0.00,0.00
2023-10-25,23.94,24.00,22.85,22.95,2053700,0.00,0.00,0.00
2023-10-26,23.04,23.35,22.83,22.98,1786700,0.00,0.00,0.00
2023-10-27,23.28,23.33,22.18,22.24,2624400,0.00,0.00,0.00
2023-10-30,22.57,22.64,21.97,22.43,1545000,0.00,0.00,0.00
2023-10-31,22.40,23.14,22.20,23.02,1757300,0.00,0.00,0.00
2023-11-01,23.18,23.24,22.61,23.22,2705100,0.00,0.00,0.00
2023-11-02,23.69,24.47,23.69,24.33,4518100,0.00,0.00,0.00
2023-11-03,24.68,26.38,24.68,26.04,5693800,0.00,0.00,0.00
2023-11-06,26.40,26.40,25.14,25.30,2838000,0.00,0.00,0.00
2023-11-07,25.26,26.25,25.16,26.12,2708600,0.00,0.00,0.00
2023-11-08,26.17,26.25,24.90,25.05,2928500,0.00,0.00,0.00
2023-11-09,25.24,25.33,23.86,23.98,3963000,0.00,0.00,0.00
2023-11-10,24.06,24.14,23.25,24.10,2722200,0.00,0.00,0.00
2023-11-13,23.69,23.86,22.92,23.85,2432500,0.00,0.00,0.00
2023-11-14,25.10,26.02,25.10,25.96,5178300,0.00,0.00,0.00
2023-11-15,26.15,27.50,26.10,26.62,4172900,0.00,0.00,0.00
2023-11-16,26.55,26.61,25.54,26.03,3838500,0.00,0.00,0.00
2023-11-17,26.35,27.67,26.32,27.57,4319500,0.00,0.00,0.00
2023-11-20,27.77,28.72,27.44,28.18,3425100,0.00,0.00,0.00
2023-11-21,28.03,28.03,27.11,27.15,3092600,0.00,0.00,0.00
2023-11-22,27.48,28.03,27.33,27.60,1952200,0.00,0.00,0.00
2023-11-24,27.66,28.25,27.52,27.99,1364500,0.00,0.00,0.00
2023-11-27,27.83,27.96,27.15,27.83,1736400,0.00,0.00,0.00
2023-11-28,27.64,28.04,27.17,28.02,2358000,0.00,0.00,0.00
2023-11-29,28.27,29.25,28.05,28.12,3327300,0.00,0.00,0.00
2023-11-30,28.37,28.65,27.59,27.74,3808900,0.00,0.00,0.00
2023-12-01,27.79,29.09,27.24,29.03,2994600,0.00,0.00,0.00
2023-12-04,28.88,29.47,28.52,29.20,2967700,0.00,0.00,0.00
2023-12-05,28.93,28.93,28.15,28.25,2624400,0.00,0.00,0.00
2023-12-06,28.64,29.33,28.27,28.61,1924300,0.00,0.00,0.00
2023-12-07,28.75,28.86,28.27,28.71,1818500,0.00,0.00,0.00
2023-12-08,28.52,29.31,28.04,28.60,3310000,0.00,0.00,0.00
2023-12-11,28.46,28.63,27.76,28.41,2603800,0.00,0.00,0.00
2023-12-12,28.39,28.42,27.68,28.24,4051700,0.00,0.00,0.00
2023-12-13,28.22,29.92,27.74,29.85,4920700,0.00,0.00,0.00
2023-12-14,30.73,32.08,30.70,31.66,6117500,0.00,0.00,0.00
2023-12-15,31.95,32.27,30.61,30.95,3144900,0.00,0.00,0.00
2023-12-18,30.97,31.37,30.43,30.62,1877500,0.00,0.00,0.00
2023-12-19,30.96,32.95,30.86,32.70,4966400,0.00,0.00,0.00
2023-12-20,33.00,33.29,31.04,31.10,4109000,0.00,0.00,0.00
2023-12-21,31.79,32.21,31.44,32.04,2214800,0.00,0.00,0.00
2023-12-22,32.30,33.14,32.20,32.81,2041100,0.00,0.00,0.00
2023-12-26,33.24,33.88,33.03,33.67,2090400,0.00,0.00,0.00
2023-12-27,34.07,34.33,33.39,33.68,4471900,0.00,0.00,0.00
2023-12-28,33.88,34.27,33.53,34.25,5441200,0.00,0.00,0.00
2023-12-29,34.23,34.37,32.73,32.81,3466500,0.00,0.00,0.00
2024-01-02,32.60,33.74,32.09,32.72,4166400,0.00,0.00,0.00
2024-01-03,32.21,32.21,30.93,31.19,3256900,0.00,0.00,0.00
2024-01-04,31.14,31.83,30.98,31.52,2450000,0.00,0.00,0.00
2024-01-05,31.11,31.73,30.54,31.61,2000400,0.00,0.00,0.00
2024-01-08,31.20,32.31,30.52,32.21,2883900,0.00,0.00,0.00
2024-01-09,32.06,32.83,31.76,32.42,2379400,0.00,0.00,0.00
2024-01-10,32.59,32.69,31.66,32.23,2156200,0.00,0.00,0.00
2024-01-11,31.93,31.93,30.67,30.99,7147800,0.00,0.00,0.00
2024-01-12,31.17,31.97,30.55,30.68,4020600,0.00,0.00,0.00
2024-01-16,30.18,30.18,29.47,29.85,2763700,0.00,0.00,0.00
2024-01-17,29.36,29.39,28.51,28.90,7310200,0.00,0.00,0.00
2024-01-18,29.21,29.32,28.29,28.76,3694000,0.00,0.00,0.00
2024-01-19,28.87,29.01,28.25,28.83,2704800,0.00,0.00,0.00
2024-01-22,29.20,30.37,29.13,29.82,2765500,0.00,0.00,0.00
2024-01-23,30.13,30.47,29.41,29.96,1943800,0.00,0.00,0.00
2024-01-24,30.31,30.43,29.14,29.21,2491400,0.00,0.00,0.00
2024-01-25,29.51,29.86,29.20,29.46,2301300,0.00,0.00,0.00
2024-01-26,29.55,30.35,28.93,29.09,2935200,0.00,0.00,0.00
2024-01-29,29.20,30.68,28.70,30.62,2640500,0.00,0.00,0.00
2024-01-30,30.38,30.38,29.40,29.44,3294900,0.00,0.00,0.00
2024-01-31,29.32,29.91,28.40,28.44,5829500,0.00,0.00,0.00
2024-02-01,28.79,29.33,28.37,29.05,2658000,0.00,0.00,0.00
2024-02-02,28.82,29.34,28.09,29.16,4431600,0.00,0.00,0.00
2024-02-05,28.69,28.82,28.03,28.64,2961600,0.00,0.00,0.00
2024-02-06,28.64,29.77,28.42,29.73,2289000,0.00,0.00,0.00
2024-02-07,29.73,29.73,28.97,29.05,1762800,0.00,0.00,0.00
2024-02-08,29.07,30.07,28.88,29.87,2178800,0.00,0.00,0.00
2024-02-09,30.09,30.72,29.89,30.42,2338700,0.00,0.00,0.00
2024-02-12,30.45,31.84,30.33,31.81,3526800,0.00,0.00,0.00
2024-02-13,30.27,30.39,29.15,29.59,4378200,0.00,0.00,0.00
2024-02-14,30.06,31.07,29.85,30.90,3363500,0.00,0.00,0.00
2024-02-15,31.33,32.33,31.26,31.88,2850100,0.00,0.00,0.00
2024-02-16,31.41,31.99,31.17,31.40,2859600,0.00,0.00,0.00
2024-02-20,31.06,31.37,30.24,30.59,2824900,0.00,0.00,0.00
2024-02-21,30.20,30.32,29.43,30.02,2292600,0.00,0.00,0.00
2024-02-22,30.42,31.05,30.11,30.71,1929900,0.00,0.00,0.00
2024-02-23,30.64,30.82,30.00,30.21,1724900,0.00,0.00,0.00
2024-02-26,30.22,31.50,30.04,31.42,2351600,0.00,0.00,0.00
2024-02-27,32.06,33.15,31.73,32.96,3036100,0.00,0.00,0.00
2024-02-28,32.38,32.97,32.15,32.28,1881000,0.00,0.00,0.00
2024-02-29,32.69,32.90,31.42,31.51,2159200,0.00,0.00,0.00
2024-03-01,31.35,32.31,31.02,31.63,2089900,0.00,0.00,0.00
2024-03-04,31.89,31.92,30.71,31.04,2253100,0.00,0.00,0.00
2024-03-05,30.53,31.00,29.83,30.06,3665100,0.00,0.00,0.00
2024-03-06,30.61,30.70,29.89,30.10,2170500,0.00,0.00,0.00
2024-03-07,30.40,30.97,29.96,30.42,1990400,0.00,0.00,0.00
2024-03-08,30.80,31.95,29.83,30.37,3586400,0.00,0.00,0.00
2024-03-11,30.25,31.03,29.78,29.95,1948600,0.00,0.00,0.00
2024-03-12,30.03,30.10,29.30,29.46,1831700,0.00,0.00,0.00
2024-03-13,29.41,30.05,29.16,29.54,1152300,0.00,0.00,0.00
2024-03-14,29.61,29.62,28.12,28.41,3202300,0.00,0.00,0.00
2024-03-15,28.36,28.79,28.22,28.44,1792700,0.00,0.00,0.00
2024-03-18,28.75,28.75,28.00,28.22,1568300,0.00,0.00,0.00
2024-03-19,28.00,28.71,27.83,28.34,1382000,0.00,0.00,0.00
2024-03-20,28.27,29.17,27.89,28.86,2383700,0.00,0.00,0.00
2024-03-21,29.21,29.75,28.81,28.81,1168100,0.00,0.00,0.00
2024-03-22,28.82,28.83,28.05,28.15,2351200,0.00,0.00,0.00
2024-03-25,28.17,28.59,28.04,28.18,1809900,0.00,0.00,0.00
2024-03-26,28.48,28.76,27.90,27.90,1641300,0.00,0.00,0.00
2024-03-27,28.23,28.57,27.81,28.55,1211400,0.00,0.00,0.00
2024-03-28,28.76,29.10,28.48,28.76,2296000,0.00,0.00,0.00
2024-04-01,28.91,28.91,27.89,28.35,1798100,0.00,0.00,0.00
2024-04-02,27.70,27.70,27.00,27.10,2809600,0.00,0.00,0.00
2024-04-03,27.00,27.35,26.68,27.10,1526700,0.00,0.00,0.00
2024-04-04,27.35,27.77,26.66,26.67,1454800,0.00,0.00,0.00
2024-04-05,26.56,26.96,26.22,26.71,1490900,0.00,0.00,0.00
2024-04-08,26.92,27.11,26.70,27.09,1026400,0.00,0.00,0.00
2024-04-09,27.14,28.00,27.13,27.99,1624900,0.00,0.00,0.00
2024-04-10,26.93,26.99,26.45,26.72,2937900,0.00,0.00,0.00
2024-04-11,26.90,27.12,26.41,26.83,2105400,0.00,0.00,0.00
2024-04-12,26.60,26.68,25.69,25.90,3030700,0.00,0.00,0.00
2024-04-15,25.99,26.00,24.74,24.90,3812400,0.00,0.00,0.00
2024-04-16,24.56,24.56,24.07,24.11,3718900,0.00,0.00,0.00
2024-04-17,24.30,24.42,23.55,23.58,3793500,0.00,0.00,0.00
2024-04-18,23.60,23.88,23.31,23.55,2794100,0.00,0.00,0.00
2024-04-19,23.48,23.81,22.93,23.32,3517700,0.00,0.00,0.00
2024-04-22,23.38,23.93,23.11,23.62,2403100,0.00,0.00,0.00
2024-04-23,23.62,24.76,23.62,23.98,2894300,0.00,0.00,0.00
2024-04-24,24.25,24.26,23.61,23.67,2586700,0.00,0.00,0.00
2024-04-25,23.30,23.30,22.62,23.01,3158300,0.00,0.00,0.00
2024-04-26,22.99,23.33,22.66,23.18,1783100,0.00,0.00,0.00
2024-04-29,23.31,24.20,23.31,23.88,1918900,0.00,0.00,0.00
2024-04-30,23.60,23.85,23.26,23.29,2622200,0.00,0.00,0.00
2024-05-01,23.22,24.76,23.16,23.97,5565000,0.00,0.00,0.00
2024-05-02,24.25,24.32,23.72,24.19,3046300,0.00,0.00,0.00
2024-05-03,25.02,26.05,24.88,25.04,4481700,0.00,0.00,0.00
2024-05-06,25.30,25.69,25.17,25.52,1739800,0.00,0.00,0.00
2024-05-07,25.57,25.59,25.09,25.22,1805300,0.00,0.00,0.00
2024-05-08,24.97,25.14,24.52,24.63,1636100,0.00,0.00,0.00
2024-05-09,24.62,25.16,24.48,25.09,2051800,0.00,0.00,0.00
2024-05-10,25.23,25.57,24.75,24.90,2442100,0.00,0.00,0.00
2024-05-13,25.25,26.75,25.20,26.31,4565400,0.00,0.00,0.00
2024-05-14,26.63,27.73,26.60,26.74,5682300,0.00,0.00,0.00
2024-05-15,27.29,27.78,26.70,26.88,3899900,0.00,0.00,0.00
2024-05-16,26.89,27.02,26.37,26.51,1720500,0.00,0.00,0.00
2024-05-17,26.63,26.63,26.14,26.53,2502500,0.00,0.00,0.00
2024-05-20,26.56,26.73,26.18,26.48,2315400,0.00,0.00,0.00
2024-05-21,26.32,26.53,26.00,26.02,1384100,0.00,0.00,0.00
2024-05-22,26.00,26.67,25.80,26.29,1418600,0.00,0.00,0.00
2024-05-23,26.43,26.43,25.29,25.66,2832900,0.00,0.00,0.00
2024-05-24,25.77,25.97,25.60,25.63,1229600,0.00,0.00,0.00
2024-05-28,25.92,26.14,25.39,25.69,1309100,0.00,0.00,0.00
2024-05-29,25.23,25.23,24.49,24.73,2478800,0.00,0.00,0.00
2024-05-30,24.80,25.02,24.54,24.87,1470200,0.00,0.00,0.00
2024-05-31,24.94,25.35,24.44,24.50,2787100,0.00,0.00,0.00
2024-06-03,24.91,25.59,24.75,25.09,2480300,0.00,0.00,0.00
2024-06-04,25.01,25.42,24.83,25.25,1888900,0.00,0.00,0.00
2024-06-05,25.30,26.49,25.02,26.47,2687200,0.00,0.00,0.00
2024-06-06,26.32,26.52,26.10,26.45,2299300,0.00,0.00,0.00
2024-06-07,26.03,26.04,25.15,25.27,2731600,0.00,0.00,0.00
2024-06-10,25.05,25.44,24.70,25.42,1414900,0.00,0.00,0.00
2024-06-11,25.17,25.62,24.83,25.49,1854900,0.00,0.00,0.00
2024-06-12,26.25,26.76,25.98,26.15,3655200,0.00,0.00,0.00
2024-06-13,26.27,26.54,25.77,25.78,1758400,0.00,0.00,0.00
2024-06-14,25.52,25.60,24.94,25.05,1870700,0.00,0.00,0.00
2024-06-17,24.95,24.95,24.40,24.56,2322200,0.00,0.00,0.00
2024-06-18,24.50,24.76,24.21,24.51,2012400,0.00,0.00,0.00
2024-06-20,24.50,24.50,24.00,24.30,4411700,0.00,0.00,0.00
2024-06-21,24.36,24.52,24.16,24.37,1898300,0.00,0.00,0.00
2024-06-24,24.61,25.08,24.45,24.60,3065100,0.00,0.00,0.00
2024-06-25,24.66,24.66,24.20,24.24,1751200,0.00,0.00,0.00
2024-06-26,24.18,24.19,23.65,23.75,2498700,0.00,0.00,0.00
2024-06-27,23.53,23.85,23.17,23.73,3830600,0.00,0.00,0.00
2024-06-28,23.71,23.71,23.13,23.48,2943600,0.00,0.00,0.00
2024-07-01,23.53,24.05,23.11,23.23,1805300,0.00,0.00,0.00
2024-07-02,23.23,23.25,22.67,22.89,1640300,0.00,0.00,0.00
2024-07-03,23.05,23.51,22.91,23.16,1344600,0.00,0.00,0.00
2024-07-05,23.18,23.28,22.79,23.24,1852300,0.00,0.00,0.00
2024-07-08,23.40,23.77,23.35,23.56,1543000,0.00,0.00,0.00
2024-07-09,23.57,23.59,23.10,23.57,1223300,0.00,0.00,0.00
2024-07-10,23.65,23.76,23.25,23.46,1319800,0.00,0.00,0.00
2024-07-11,24.09,25.02,24.04,24.83,4932700,0.00,0.00,0.00
2024-07-12,25.09,25.80,24.98,25.34,4717700,0.00,0.00,0.00
2024-07-15,25.56,25.65,25.14,25.44,2979900,0.00,0.00,0.00
2024-07-16,25.82,27.53,25.73,27.41,4961000,0.00,0.00,0.00
2024-07-17,26.90,27.68,26.45,26.76,3374100,0.00,0.00,0.00
2024-07-18,26.76,27.08,25.27,25.55,5121900,0.00,0.00,0.00
2024-07-19,25.59,25.66,25.22,25.38,2891600,0.00,0.00,0.00
2024-07-22,25.68,26.30,25.26,26.24,2606500,0.00,0.00,0.00
2024-07-23,26.14,26.98,26.00,26.79,1670700,0.00,0.00,0.00
2024-07-24,26.52,27.04,25.93,25.95,2644500,0.00,0.00,0.00
2024-07-25,26.11,27.44,25.80,26.69,2470800,0.00,0.00,0.00
2024-07-26,27.10,27.74,26.84,27.23,3419000,0.00,0.00,0.00
2024-07-29,27.36,27.48,26.46,26.90,2595000,0.00,0.00,0.00
2024-07-30,26.95,27.33,26.42,26.73,1731500,0.00,0.00,0.00
2024-07-31,26.93,27.92,26.58,26.95,2255400,0.00,0.00,0.00
2024-08-01,27.35,27.49,25.79,26.04,3127600,0.00,0.00,0.00
2024-08-02,24.91,24.97,24.30,24.62,3343100,0.00,0.00,0.00
2024-08-05,22.52,24.57,22.33,23.91,4622400,0.00,0.00,0.00
2024-08-06,24.32,25.00,23.71,24.28,2602200,0.00,0.00,0.00
2024-08-07,25.03,25.03,23.62,23.68,2366100,0.00,0.00,0.00
2024-08-08,23.90,24.61,23.69,24.57,1182300,0.00,0.00,0.00
2024-08-09,24.76,24.94,24.22,24.28,1525300,0.00,0.00,0.00
2024-08-12,24.37,24.49,23.82,24.17,1314600,0.00,0.00,0.00
2024-08-13,24.42,25.23,24.15,25.13,1718800,0.00,0.00,0.00
2024-08-14,25.32,25.36,24.35,24.49,1525900,0.00,0.00,0.00
2024-08-15,25.00,25.97,24.95,25.81,4051400,0.00,0.00,0.00
2024-08-16,25.75,26.15,25.53,26.00,3279500,0.00,0.00,0.00
2024-08-19,26.11,26.76,25.91,26.74,1625700,0.00,0.00,0.00
2024-08-20,26.66,26.91,26.24,26.26,2056700,0.00,0.00,0.00
2024-08-21,26.50,27.17,26.34,27.05,1849700,0.00,0.00,0.00
2024-08-22,27.14,27.18,25.99,26.05,1498600,0.00,0.00,0.00
2024-08-23,26.42,27.08,26.07,26.97,2145000,0.00,0.00,0.00
2024-08-26,27.16,27.19,26.72,26.98,1048900,0.00,0.00,0.00
2024-08-27,26.85,27.05,26.38,26.76,1485500,0.00,0.00,0.00
2024-08-28,26.58,26.72,25.94,26.32,1909800,0.00,0.00,0.00
2024-08-29,26.54,27.19,26.44,26.58,1373000,0.00,0.00,0.00
2024-08-30,26.75,26.99,25.99,26.39,1552700,0.00,0.00,0.00
2024-09-03,26.04,26.61,25.08,25.12,2474000,0.00,0.00,0.00
2024-09-04,25.05,25.56,24.73,24.87,1059400,0.00,0.00,0.00
2024-09-05,24.94,25.28,24.68,24.97,1539000,0.00,0.00,0.00
2024-09-06,24.92,25.18,23.91,24.24,2388600,0.00,0.00,0.00
2024-09-09,24.40,24.73,24.19,24.46,1424600,0.00,0.00,0.00
2024-09-10,24.46,24.97,24.11,24.90,1786300,0.00,0.00,0.00
2024-09-11,24.78,25.36,24.51,25.33,2405400,0.00,0.00,0.00
2024-09-12,25.25,25.54,24.81,25.32,1730800,0.00,0.00,0.00
2024-09-13,25.58,26.16,25.58,26.12,2371000,0.00,0.00,0.00
2024-09-16,26.17,26.22,25.46,26.05,1448300,0.00,0.00,0.00
2024-09-17,26.32,26.96,26.22,26.29,1555700,0.00,0.00,0.00
2024-09-18,26.31,27.48,26.05,26.23,2394400,0.00,0.00,0.00
2024-09-19,27.04,27.28,26.71,26.77,2154900,0.00,0.00,0.00
2024-09-20,26.72,26.72,25.96,26.25,1735300,0.00,0.00,0.00
2024-09-23,26.37,26.46,25.34,25.35,2383800,0.00,0.00,0.00
2024-09-24,25.44,25.58,25.08,25.36,1052100,0.00,0.00,0.00
2024-09-25,25.35,25.48,24.76,24.84,1860400,0.00,0.00,0.00
2024-09-26,25.18,25.69,25.12,25.58,1658200,0.00,0.00,0.00
2024-09-27,25.78,26.08,25.58,25.63,1956500,0.00,0.00,0.00
2024-09-30,25.52,26.22,25.39,25.60,2502100,0.00,0.00,0.00
2024-10-01,25.60,25.60,24.50,24.85,2170200,0.00,0.00,0.00
2024-10-02,24.74,25.11,24.48,24.84,1659900,0.00,0.00,0.00
2024-10-03,24.61,24.74,24.30,24.41,1982700,0.00,0.00,0.00
2024-10-04,24.73,25.03,24.49,24.86,1741700,0.00,0.00,0.00
2024-10-07,24.73,24.90,24.50,24.67,984700,0.00,0.00,0.00
2024-10-08,24.76,24.98,24.52,24.69,771600,0.00,0.00,0.00
2024-10-09,24.65,24.83,24.07,24.18,2432300,0.00,0.00,0.00
2024-10-10,23.76,23.90,23.42,23.87,2270200,0.00,0.00,0.00
2024-10-11,23.82,24.93,23.72,24.79,2750700,0.00,0.00,0.00
2024-10-14,24.79,25.24,24.47,25.20,1557600,0.00,0.00,0.00
2024-10-15,25.01,25.05,24.46,24.78,1959400,0.00,0.00,0.00
2024-10-16,24.93,25.14,24.73,25.02,1304700,0.00,0.00,0.00
2024-10-17,24.98,24.99,24.29,24.33,2411600,0.00,0.00,0.00
2024-10-18,24.45,24.82,24.39,24.78,840300,0.00,0.00,0.00
2024-10-21,24.71,24.76,24.13,24.36,1589400,0.00,0.00,0.00
2024-10-22,24.17,24.30,24.00,24.07,1423600,0.00,0.00,0.00
2024-10-23,23.98,24.06,23.35,23.55,2263500,0.00,0.00,0.00
2024-10-24,23.58,23.66,23.17,23.29,3185300,0.00,0.00,0.00
2024-10-25,23.40,23.77,23.21,23.30,1973900,0.00,0.00,0.00
2024-10-28,23.47,24.31,23.42,24.06,1691700,0.00,0.00,0.00
2024-10-29,23.95,23.98,23.69,23.94,1478000,0.00,0.00,0.00
2024-10-30,23.74,24.31,23.65,24.00,860400,0.00,0.00,0.00
2024-10-31,23.78,23.89,23.14,23.14,2828900,0.00,0.00,0.00
2024-11-01,23.37,24.00,23.32,24.00,3939500,0.00,0.00,0.00
2024-11-04,23.95,24.39,23.67,24.27,1721000,0.00,0.00,0.00
2024-11-05,24.07,24.78,23.64,24.78,3834400,0.00,0.00,0.00
2024-11-06,25.36,25.62,24.82,25.49,2482500,0.00,0.00,0.00
2024-11-07,25.70,26.07,25.35,25.39,2257700,0.00,0.00,0.00
2024-11-08,25.40,26.00,25.29,25.90,2532400,0.00,0.00,0.00
2024-11-11,26.33,27.74,26.25,27.11,5343900,0.00,0.00,0.00
2024-11-12,26.77,27.08,25.86,26.00,1964800,0.00,0.00,0.00
2024-11-13,26.45,26.83,25.60,25.65,2108200,0.00,0.00,0.00
2024-11-14,25.66,25.71,24.09,24.13,3904100,0.00,0.00,0.00
2024-11-15,24.25,24.25,22.63,22.66,4999100,0.00,0.00,0.00
2024-11-18,23.11,23.16,22.52,22.68,4325900,0.00,0.00,0.00
2024-11-19,22.51,23.27,22.27,23.26,2746900,0.00,0.00,0.00
2024-11-20,23.53,23.59,22.96,23.36,2233100,0.00,0.00,0.00
2024-11-21,23.44,23.52,22.84,23.22,1702500,0.00,0.00,0.00
2024-11-22,23.33,24.00,23.02,23.83,2640800,0.00,0.00,0.00
2024-11-25,24.46,25.40,24.40,25.06,3584200,0.00,0.00,0.00
2024-11-26,24.94,24.99,24.49,24.84,1422200,0.00,0.00,0.00
2024-11-27,25.06,25.58,25.05,25.43,1905500,0.00,0.00,0.00
2024-11-29,25.63,26.09,25.41,25.98,1280600,0.00,0.00,0.00
2024-12-02,26.11,26.80,25.99,26.69,2295200,0.00,0.00,0.00
2024-12-03,26.35,26.40,25.57,25.70,2001900,0.00,0.00,0.00
2024-12-04,25.82,26.53,25.43,26.13,3048900,0.00,0.00,0.00
2024-12-05,26.06,26.06,25.17,25.20,1744600,0.00,0.00,0.00
2024-12-06,25.53,26.74,25.51,26.43,3647700,0.00,0.00,0.00
2024-12-09,26.86,27.36,26.41,26.41,2675800,0.00,0.00,0.00
2024-12-10,26.47,27.05,26.33,26.52,1671300,0.00,0.00,0.00
2024-12-11,26.97,26.97,25.87,26.13,1789300,0.00,0.00,0.00
2024-12-12,26.00,26.12,25.13,25.15,2155400,0.00,0.00,0.00
2024-12-13,25.11,25.20,24.38,24.71,3689300,0.00,0.00,0.00
2024-12-16,24.77,25.60,24.54,25.23,1589100,0.00,0.00,0.00
2024-12-17,25.16,25.42,24.61,24.70,3602000,0.00,0.00,0.00
2024-12-18,24.85,24.89,22.47,22.90,7168500,0.00,0.00,0.00
2024-12-19,23.15,23.19,22.54,22.95,4290900,0.00,0.00,0.00
2024-12-20,22.80,24.03,22.72,23.68,7037400,0.00,0.00,0.00
2024-12-23,23.77,24.01,23.27,23.97,2111100,0.00,0.00,0.00
2024-12-24,24.07,24.24,23.69,24.18,659400,0.00,0.00,0.00
2024-12-26,23.92,24.78,23.78,24.66,1586000,0.00,0.00,0.00
2024-12-27,24.81,25.03,24.01,24.43,2473300,0.00,0.00,0.00
2024-12-30,24.06,24.06,23.44,23.71,2140100,0.00,0.00,0.00
2024-12-31,23.83,24.06,23.40,23.55,2331000,0.00,0.00,0.00
2025-01-02,23.85,24.85,23.57,24.46,2675200,0.00,0.00,0.00
2025-01-03,24.72,25.83,24.64,25.68,2495000,0.00,0.00,0.00
2025-01-06,25.92,26.71,25.85,26.16,3001500,0.00,0.00,0.00
2025-01-07,26.40,27.10,25.46,25.59,4816900,0.00,0.00,0.00
2025-01-08,25.82,25.87,25.08,25.57,3033100,0.00,0.00,0.00
2025-01-10,25.06,25.06,24.23,24.74,4522400,0.00,0.00,0.00
2025-01-13,24.34,24.51,23.64,24.46,2974800,0.00,0.00,0.00
2025-01-14,24.82,25.00,23.50,23.61,4418900,0.00,0.00,0.00
2025-01-15,24.54,25.24,24.20,24.43,4900000,0.00,0.00,0.00
2025-01-16,24.56,24.59,23.87,24.25,2492200,0.00,0.00,0.00
2025-01-17,24.44,24.61,24.02,24.11,1662500,0.00,0.00,0.00
2025-01-21,24.71,26.06,24.71,25.96,4511300,0.00,0.00,0.00
2025-01-22,26.28,27.32,26.19,27.12,5618600,0.00,0.00,0.00
2025-01-23,26.86,27.67,26.17,27.54,2781000,0.00,0.00,0.00
2025-01-24,27.52,27.85,26.92,27.08,4343900,0.00,0.00,0.00
2025-01-27,26.25,27.10,26.07,26.56,4053000,0.00,0.00,0.00
2025-01-28,26.62,26.88,26.09,26.66,1732200,0.00,0.00,0.00
2025-01-29,26.65,27.09,25.83,26.23,3407600,0.00,0.00,0.00
2025-01-30,26.67,27.61,26.64,27.28,2327800,0.00,0.00,0.00
2025-01-31,27.54,27.83,26.60,26.84,2407500,0.00,0.00,0.00
2025-02-03,25.86,26.75,25.57,26.57,2901000,0.00,0.00,0.00
2025-02-04,26.71,27.25,26.42,26.86,1428400,0.00,0.00,0.00
2025-02-05,27.00,28.31,27.00,28.14,4181500,0.00,0.00,0.00
2025-02-06,28.41,28.47,27.28,27.37,2375400,0.00,0.00,0.00
2025-02-07,27.35,27.78,26.64,26.99,2818500,0.00,0.00,0.00
2025-02-10,27.13,27.13,26.09,26.48,2663800,0.00,0.00,0.00
2025-02-11,26.16,26.86,25.74,26.16,2189800,0.00,0.00,0.00
2025-02-12,25.75,26.79,25.61,26.78,3229600,0.00,0.00,0.00
2025-02-13,27.00,27.68,26.50,27.66,2787500,0.00,0.00,0.00
2025-02-14,28.29,29.73,28.27,29.42,6746000,0.00,0.00,0.00
2025-02-18,30.48,31.16,29.10,29.47,6212200,0.00,0.00,0.00
2025-02-19,29.62,30.42,29.41,29.81,2971900,0.00,0.00,0.00
2025-02-20,29.56,29.66,28.14,28.56,4599600,0.00,0.00,0.00
2025-02-21,28.82,28.91,26.85,26.94,3441300,0.00,0.00,0.00
2025-02-24,26.99,27.26,26.00,26.49,2736600,0.00,0.00,0.00
2025-02-25,25.93,26.18,24.57,25.14,6206600,0.00,0.00,0.00
2025-02-26,25.53,26.31,25.31,25.63,2557100,0.00,0.00,0.00
2025-02-27,25.93,26.00,24.52,24.54,3389700,0.00,0.00,0.00
2025-02-28,23.84,24.77,23.58,24.62,4310300,0.00,0.00,0.00
2025-03-03,24.93,25.04,22.97,23.14,5810500,0.00,0.00,0.00
2025-03-04,22.50,24.10,22.11,23.53,5843000,0.00,0.00,0.00
2025-03-05,23.43,24.04,23.14,23.98,2889200,0.00,0.00,0.00
2025-03-06,23.31,23.89,22.94,23.22,2804600,0.00,0.00,0.00
2025-03-07,23.08,23.56,22.26,23.33,3534300,0.00,0.00,0.00
2025-03-10,22.81,22.89,21.56,21.99,5619600,0.00,0.00,0.00
2025-03-11,21.98,22.86,21.61,22.45,3241100,0.00,0.00,0.00
2025-03-12,23.00,23.27,22.50,22.97,5561000,0.00,0.00,0.00
2025-03-13,22.95,23.09,21.83,22.03,3536600,0.00,0.00,0.00
2025-03-14,22.41,22.89,22.40,22.75,2978000,0.00,0.00,0.00
2025-03-17,22.81,23.69,22.60,23.46,2426600,0.00,0.00,0.00
2025-03-18,23.08,23.08,22.32,22.65,4048800,0.00,0.00,0.00
2025-03-19,22.66,23.65,22.52,23.10,2592500,0.00,0.00,0.00
2025-03-20,22.83,23.42,22.70,22.86,2535800,0.00,0.00,0.00
2025-03-21,22.50,23.34,22.27,23.32,2123000,0.00,0.00,0.00
2025-03-24,23.83,24.18,23.69,24.09,3997200,0.00,0.00,0.00
2025-03-25,24.10,24.12,23.26,23.49,2424900,0.00,0.00,0.00
2025-03-26,23.47,23.53,22.36,22.49,3546200,0.00,0.00,0.00
2025-03-27,22.38,22.79,22.14,22.24,2820400,0.00,0.00,0.00
2025-03-28,22.15,22.20,21.37,21.55,2742200,0.00,0.00,0.00
2025-03-31,20.73,20.97,20.10,20.76,3584500,0.00,0.00,0.00
2025-04-01,20.67,20.94,19.97,20.20,4107900,0.00,0.00,0.00
2025-04-02,19.83,21.25,19.74,20.87,3623200,0.00,0.00,0.00
2025-04-03,19.56,20.15,19.40,19.74,4041200,0.00,0.00,0.00
2025-04-04,19.01,19.46,18.05,19.00,7486000,0.00,0.00,0.00
2025-04-07,17.94,20.19,17.50,19.20,4991200,0.00,0.00,0.00
2025-04-08,20.06,20.10,18.01,18.34,3263100,0.00,0.00,0.00
2025-04-09,18.04,21.08,18.00,20.56,7754000,0.00,0.00,0.00
2025-04-10,19.85,20.07,18.47,19.36,5003300,0.00,0.00,0.00
2025-04-11,19.66,21.04,19.50,21.03,3667900,0.00,0.00,0.00
2025-04-14,21.53,21.57,20.84,21.35,3258600,0.00,0.00,0.00
2025-04-15,21.30,21.85,20.94,21.32,1816800,0.00,0.00,0.00
2025-04-16,21.02,21.11,20.33,20.80,2903100,0.00,0.00,0.00
2025-04-17,20.76,20.85,20.36,20.67,2041300,0.00,0.00,0.00
2025-04-21,20.35,20.96,20.21,20.43,2408200,0.00,0.00,0.00
2025-04-22,20.80,21.48,20.80,21.30,1606000,0.00,0.00,0.00
2025-04-23,22.23,22.77,21.75,21.77,3346400,0.00,0.00,0.00
2025-04-24,21.90,22.48,21.71,22.45,1517700,0.00,0.00,0.00
2025-04-25,22.24,22.49,22.01,22.40,1516100,0.00,0.00,0.00
2025-04-28,22.45,22.92,22.02,22.35,2067700,0.00,0.00,0.00
2025-04-29,22.41,22.56,22.08,22.28,1200700,0.00,0.00,0.00
2025-04-30,21.60,22.08,21.35,21.99,1757400,0.00,0.00,0.00
2025-05-01,22.31,22.31,21.50,21.75,1495200,0.00,0.00,0.00
2025-05-02,22.20,23.05,22.20,22.67,1972000,0.00,0.00,0.00
2025-05-05,22.51,22.57,21.85,21.92,2200800,0.00,0.00,0.00
2025-05-06,21.51,21.56,20.31,20.34,3877400,0.00,0.00,0.00
2025-05-07,20.61,20.88,20.25,20.82,1673500,0.00,0.00,0.00
2025-05-08,21.06,22.05,20.72,21.73,3453000,0.00,0.00,0.00
2025-05-09,21.92,22.28,21.09,21.13,2231600,0.00,0.00,0.00
2025-05-12,22.00,22.40,21.56,22.07,1960000,0.00,0.00,0.00
2025-05-13,22.30,22.55,21.75,21.96,2217800,0.00,0.00,0.00
2025-05-14,22.16,22.46,21.09,21.13,2293000,0.00,0.00,0.00
2025-05-15,21.13,21.21,20.57,21.21,3137900,0.00,0.00,0.00
2025-05-16,21.43,21.87,21.17,21.80,4099700,0.00,0.00,0.00
2025-05-19,21.28,21.74,21.22,21.74,2291200,0.00,0.00,0.00
2025-05-20,21.69,22.08,21.35,21.87,2428500,0.00,0.00,0.00
2025-05-21,21.57,21.84,20.60,20.71,2077800,0.00,0.00,0.00
2025-05-22,20.66,21.09,20.45,20.82,2145100,0.00,0.00,0.00
2025-05-23,20.32,20.98,20.26,20.92,1786200,0.00,0.00,0.00
2025-05-27,21.33,21.84,21.17,21.53,2464700,0.00,0.00,0.00
2025-05-28,21.53,21.53,21.01,21.10,2392300,0.00,0.00,0.00
2025-05-29,21.24,21.34,20.61,21.02,4491900,0.00,0.00,0.00
2025-05-30,20.89,21.16,20.46,20.92,1636400,0.00,0.00,0.00
2025-06-02,20.97,22.03,20.95,21.64,1656400,0.00,0.00,0.00
2025-06-03,21.77,22.30,21.34,22.12,2906000,0.00,0.00,0.00
2025-06-04,22.15,22.74,22.15,22.61,3423000,0.00,0.00,0.00
2025-06-05,22.56,23.00,21.99,22.26,2862000,0.00,0.00,0.00
2025-06-06,22.65,23.52,22.65,23.28,3531400,0.00,0.00,0.00
2025-06-09,23.77,23.91,23.21,23.79,2468200,0.00,0.00,0.00
2025-06-10,23.94,24.66,23.86,24.22,3438200,0.00,0.00,0.00
2025-06-11,24.52,24.77,24.10,24.27,3353300,0.00,0.00,0.00
2025-06-12,24.00,24.07,23.59,23.65,2039900,0.00,0.00,0.00
2025-06-13,23.06,23.84,22.92,23.47,3784000,0.00,0.00,0.00
2025-06-16,23.75,24.10,23.25,23.92,2547700,0.00,0.00,0.00
2025-06-17,23.85,24.19,23.60,23.67,2376300,0.00,0.00,0.00
2025-06-18,23.66,24.51,23.36,24.15,4884000,0.00,0.00,0.00
2025-06-20,24.50,24.54,23.57,23.80,3678000,0.00,0.00,0.00
2025-06-23,23.50,23.86,22.98,23.58,1789500,0.00,0.00,0.00
2025-06-24,23.91,24.26,23.81,24.13,1320200,0.00,0.00,0.00
2025-06-25,24.30,24.39,23.76,24.25,1720300,0.00,0.00,0.00
2025-06-26,24.24,24.64,23.96,24.56,1697500,0.00,0.00,0.00
2025-06-27,24.66,24.79,24.01,24.30,1763500,0.00,0.00,0.00
2025-06-30,24.46,24.87,24.32,24.35,1848800,0.00,0.00,0.00
2025-07-01,24.15,24.78,23.74,24.17,1854800,0.00,0.00,0.00
2025-07-02,24.17,25.30,24.08,25.17,3537200,0.00,0.00,0.00
2025-07-03,25.41,25.53,25.05,25.39,971400,0.00,0.00,0.00
2025-07-07,25.15,25.22,24.20,24.35,2856300,0.00,0.00,0.00
2025-07-08,24.51,25.27,24.49,25.09,2518400,0.00,0.00,0.00
2025-07-09,25.47,26.14,25.33,26.07,5317500,0.00,0.00,0.00
2025-07-10,26.41,26.47,25.83,26.12,1863200,0.00,0.00,0.00
2025-07-11,25.79,25.91,25.16,25.26,2338200,0.00,0.00,0.00
2025-07-14,25.12,25.52,25.05,25.26,1539600,0.00,0.00,0.00
2025-07-15,25.50,25.58,24.25,24.33,1623300,0.00,0.00,0.00
2025-07-16,24.57,25.00,24.30,24.88,2121100,0.00,0.00,0.00
2025-07-17,24.92,25.08,24.45,24.49,1389300,0.00,0.00,0.00
2025-07-18,24.91,25.55,24.78,24.92,2024300,0.00,0.00,0.00
2025-07-21,25.23,26.33,25.11,25.13,2758200,0.00,0.00,0.00
2025-07-22,25.32,25.97,25.01,25.95,4126200,0.00,0.00,0.00
2025-07-23,26.38,26.68,25.96,26.55,3774300,0.00,0.00,0.00
2025-07-24,26.54,26.76,25.91,26.03,2376700,0.00,0.00,0.00
2025-07-25,25.98,26.06,25.53,26.00,1859000,0.00,0.00,0.00
2025-07-28,26.18,26.29,25.56,25.68,1688300,0.00,0.00,0.00
2025-07-29,25.78,25.82,24.51,24.62,3720100,0.00,0.00,0.00
2025-07-30,24.91,25.19,24.22,24.50,3237100,0.00,0.00,0.00
2025-07-31,24.31,24.62,23.76,23.82,2666800,0.00,0.00,0.00
2025-08-01,23.25,23.82,23.07,23.56,2451700,0.00,0.00,0.00
2025-08-04,23.61,24.24,23.24,24.16,2165700,0.00,0.00,0.00
2025-08-05,23.97,24.05,23.54,23.68,1425700,0.00,0.00,0.00
2025-08-06,23.47,23.51,22.73,23.09,2324400,0.00,0.00,0.00
2025-08-07,23.51,23.55,22.94,23.29,1534300,0.00,0.00,0.00
2025-08-08,23.98,24.02,23.20,23.38,1579300,0.00,0.00,0.00
2025-08-11,23.39,23.79,23.27,23.38,1515100,0.00,0.00,0.00
2025-08-12,23.59,24.19,23.56,24.08,1753100,0.00,0.00,0.00
2025-08-13,24.28,25.53,24.28,25.16,4142800,0.00,0.00,0.00
2025-08-14,24.78,25.29,24.72,25.08,2636200,0.00,0.00,0.00
2025-08-15,25.19,25.50,24.96,25.24,1789200,0.00,0.00,0.00
2025-08-18,25.22,25.30,24.89,25.10,1189200,0.00,0.00,0.00
2025-08-19,25.10,25.10,24.18,24.22,1904400,0.00,0.00,0.00
2025-08-20,24.02,24.27,23.42,24.02,2436800,0.00,0.00,0.00
2025-08-21,23.90,24.55,23.75,24.29,2457400,0.00,0.00,0.00
2025-08-22,24.41,25.62,24.29,25.24,3338700,0.00,0.00,0.00
2025-08-25,25.26,25.50,24.68,24.73,1473400,0.00,0.00,0.00
2025-08-26,24.77,24.99,24.69,24.91,1170500,0.00,0.00,0.00
2025-08-27,24.85,24.98,24.61,24.72,932500,0.00,0.00,0.00
2025-08-28,24.82,25.10,24.65,24.76,1133500,0.00,0.00,0.00
2025-08-29,24.74,24.92,24.30,24.72,1598900,0.00,0.00,0.00
2025-09-02,24.36,25.15,24.29,24.80,1821900,0.00,0.00,0.00
2025-09-03,24.90,25.52,24.67,24.86,1783800,0.00,0.00,0.00
2025-09-04,24.78,24.93,24.20,24.90,2506200,0.00,0.00,0.00
2025-09-05,25.03,25.55,24.77,25.52,1902900,0.00,0.00,0.00
2025-09-08,25.67,25.80,25.32,25.48,1164200,0.00,0.00,0.00
2025-09-09,25.50,25.63,25.00,25.61,1161400,0.00,0.00,0.00
2025-09-10,25.72,25.72,24.66,24.78,1534400,0.00,0.00,0.00
2025-09-11,24.90,26.28,24.85,26.19,4147900,0.00,0.00,0.00
2025-09-12,26.18,26.20,25.56,25.64,1875486,0.00,0.00,0.00
