Date,Open,High,Low,Close,Volume,Dividends,Stock Splits,Capital Gains
2014-10-31,18.43,18.43,18.39,18.39,2700,0.00,0.00,0.00
2014-11-03,18.49,18.49,18.36,18.39,2300,0.00,0.00,0.00
2014-11-04,18.23,18.29,18.23,18.28,7900,0.00,0.00,0.00
2014-11-05,18.51,18.51,18.05,18.05,14900,0.00,0.00,0.00
2014-11-06,18.13,18.17,18.11,18.17,2000,0.00,0.00,0.00
2014-11-07,18.18,18.18,18.12,18.16,1500,0.00,0.00,0.00
2014-11-10,18.19,18.32,18.19,18.32,3900,0.00,0.00,0.00
2014-11-11,18.67,18.67,18.26,18.31,2900,0.00,0.00,0.00
2014-11-12,18.28,18.37,18.27,18.37,2300,0.00,0.00,0.00
2014-11-13,18.41,18.43,18.32,18.36,11900,0.00,0.00,0.00
2014-11-14,18.43,18.45,18.43,18.45,1300,0.00,0.00,0.00
2014-11-17,18.58,18.58,18.37,18.42,3400,0.00,0.00,0.00
2014-11-18,18.59,18.59,18.59,18.59,1000,0.00,0.00,0.00
2014-11-19,18.31,18.31,18.31,18.31,1100,0.00,0.00,0.00
2014-11-20,18.16,18.30,18.14,18.30,1300,0.00,0.00,0.00
2014-11-21,18.38,18.38,18.37,18.37,1300,0.00,0.00,0.00
2014-11-24,18.36,18.49,18.36,18.49,2000,0.00,0.00,0.00
2014-11-25,18.52,18.52,18.52,18.52,600,0.00,0.00,0.00
2014-11-26,18.53,18.55,18.53,18.55,900,0.00,0.00,0.00
2014-11-28,18.54,18.64,18.53,18.58,1500,0.00,0.00,0.00
2014-12-01,18.29,18.29,18.29,18.29,600,0.00,0.00,0.00
2014-12-02,18.09,18.09,18.09,18.09,900,0.00,0.00,0.00
2014-12-03,18.13,18.13,18.13,18.13,600,0.00,0.00,0.00
2014-12-04,18.17,18.21,18.08,18.10,1900,0.00,0.00,0.00
2014-12-05,18.22,18.22,18.14,18.15,7400,0.00,0.00,0.00
2014-12-08,18.13,18.13,17.76,17.80,900,0.00,0.00,0.00
2014-12-09,17.67,17.85,17.60,17.85,1400,0.00,0.00,0.00
2014-12-10,18.08,18.08,17.80,17.80,900,0.00,0.00,0.00
2014-12-11,17.91,17.91,17.84,17.84,900,0.00,0.00,0.00
2014-12-12,17.89,17.89,17.69,17.69,800,0.00,0.00,0.00
2014-12-15,17.72,17.72,17.40,17.40,1300,0.00,0.00,0.00
2014-12-16,17.20,17.36,17.10,17.10,1500,0.00,0.00,0.00
2014-12-17,17.20,17.29,17.10,17.29,800,0.00,0.00,0.00
2014-12-18,17.90,17.96,17.90,17.94,1100,0.00,0.00,0.00
2014-12-19,18.22,18.22,18.08,18.19,2100,0.00,0.00,0.00
2014-12-22,18.36,18.36,18.27,18.35,1200,0.00,0.00,0.00
2014-12-23,18.41,18.41,18.32,18.35,1800,0.00,0.00,0.00
2014-12-24,18.64,18.64,18.38,18.38,3200,0.00,0.00,0.00
2014-12-26,18.42,18.59,18.42,18.59,2400,0.00,0.00,0.00
2014-12-29,18.47,18.47,18.43,18.43,1500,0.00,0.00,0.00
2014-12-30,18.57,18.57,18.30,18.32,1000,0.00,0.00,0.00
2014-12-31,18.36,18.42,18.19,18.19,1300,0.00,0.00,0.00
2015-01-02,18.95,18.95,18.01,18.20,5600,0.00,0.00,0.00
2015-01-05,18.38,18.38,17.74,17.76,3200,0.00,0.00,0.00
2015-01-06,17.86,17.86,17.47,17.70,3300,0.00,0.00,0.00
2015-01-07,17.90,17.90,17.73,17.78,3900,0.00,0.00,0.00
2015-01-08,17.99,18.17,17.99,18.17,700,0.00,0.00,0.00
2015-01-09,18.14,18.14,17.99,18.02,1100,0.00,0.00,0.00
2015-01-12,18.71,18.71,18.18,18.18,1500,0.00,0.00,0.00
2015-01-13,18.28,18.28,18.03,18.04,400,0.00,0.00,0.00
2015-01-14,17.99,17.99,17.89,17.99,3200,0.00,0.00,0.00
2015-01-15,17.97,17.97,17.58,17.58,2900,0.00,0.00,0.00
2015-01-16,18.04,18.04,17.68,17.70,900,0.00,0.00,0.00
2015-01-20,17.87,17.96,17.77,17.95,1000,0.00,0.00,0.00
2015-01-21,18.02,18.27,18.02,18.27,400,0.00,0.00,0.00
2015-01-22,18.28,18.53,18.28,18.53,2900,0.00,0.00,0.00
2015-01-23,18.69,18.71,18.62,18.62,5000,0.00,0.00,0.00
2015-01-26,18.73,18.73,18.73,18.73,200,0.00,0.00,0.00
2015-01-27,18.45,18.45,18.45,18.45,1200,0.00,0.00,0.00
2015-01-28,18.45,18.45,18.36,18.36,300,0.00,0.00,0.00
2015-01-29,18.35,18.40,18.12,18.40,900,0.00,0.00,0.00
2015-01-30,18.43,18.43,18.27,18.27,1900,0.00,0.00,0.00
2015-02-02,18.23,18.38,18.16,18.38,2400,0.00,0.00,0.00
2015-02-03,18.65,18.65,18.21,18.26,11600,0.00,0.00,0.00
2015-02-04,18.44,18.46,18.43,18.46,500,0.00,0.00,0.00
2015-02-05,18.63,18.81,18.63,18.81,1000,0.00,0.00,0.00
2015-02-06,18.90,18.90,18.76,18.76,6000,0.00,0.00,0.00
2015-02-09,18.69,18.69,18.62,18.66,2200,0.00,0.00,0.00
2015-02-10,18.78,18.82,18.78,18.82,300,0.00,0.00,0.00
2015-02-11,18.91,18.97,18.82,18.97,2200,0.00,0.00,0.00
2015-02-12,18.95,19.12,18.95,19.12,1700,0.00,0.00,0.00
2015-02-13,19.19,19.37,19.19,19.36,1900,0.00,0.00,0.00
2015-02-17,19.49,19.49,19.22,19.26,3400,0.00,0.00,0.00
2015-02-18,19.26,19.28,19.26,19.28,800,0.00,0.00,0.00
2015-02-19,19.43,19.44,19.26,19.44,1700,0.00,0.00,0.00
2015-02-20,19.63,19.63,19.47,19.57,800,0.00,0.00,0.00
2015-02-23,19.45,19.47,19.38,19.38,1600,0.00,0.00,0.00
2015-02-24,19.41,19.41,19.33,19.33,900,0.00,0.00,0.00
2015-02-25,19.41,19.46,19.34,19.34,2400,0.00,0.00,0.00
2015-02-26,19.58,19.58,19.47,19.53,1300,0.00,0.00,0.00
2015-02-27,19.41,19.41,19.41,19.41,200,0.00,0.00,0.00
2015-03-02,19.44,19.44,19.33,19.40,3300,0.00,0.00,0.00
2015-03-03,19.26,19.26,19.26,19.26,500,0.00,0.00,0.00
2015-03-04,19.02,19.15,19.02,19.15,300,0.00,0.00,0.00
2015-03-05,19.27,19.27,19.27,19.27,200,0.00,0.00,0.00
2015-03-06,19.43,19.43,18.92,18.92,1100,0.00,0.00,0.00
2015-03-09,19.10,19.10,18.76,18.77,28400,0.00,0.00,0.00
2015-03-10,18.59,18.59,18.57,18.57,1100,0.00,0.00,0.00
2015-03-11,18.63,18.65,18.63,18.65,600,0.00,0.00,0.00
2015-03-12,18.66,18.66,18.66,18.66,200,0.00,0.00,0.00
2015-03-13,18.58,18.60,18.57,18.60,5100,0.00,0.00,0.00
2015-03-16,18.80,18.80,18.77,18.77,300,0.00,0.00,0.00
2015-03-17,18.83,18.83,18.83,18.83,200,0.00,0.00,0.00
2015-03-18,18.77,18.77,18.77,18.77,1400,0.00,0.00,0.00
2015-03-19,19.08,19.08,19.04,19.04,600,0.00,0.00,0.00
2015-03-20,19.25,19.25,19.25,19.25,200,0.00,0.00,0.00
2015-03-23,19.38,19.38,19.11,19.21,900,0.00,0.00,0.00
2015-03-24,19.30,19.31,19.21,19.21,3900,0.00,0.00,0.00
2015-03-25,18.78,18.78,18.78,18.78,200,0.00,0.00,0.00
2015-03-26,18.76,18.76,18.76,18.76,200,0.00,0.00,0.00
2015-03-27,18.73,18.73,18.73,18.73,200,0.00,0.00,0.00
2015-03-30,18.95,18.95,18.95,18.95,100,0.00,0.00,0.00
2015-03-31,18.79,18.84,18.77,18.80,1100,0.00,0.00,0.00
2015-04-01,18.50,18.50,18.50,18.50,1000,0.00,0.00,0.00
2015-04-02,18.58,18.64,18.58,18.64,400,0.00,0.00,0.00
2015-04-06,18.73,18.92,18.73,18.92,1800,0.00,0.00,0.00
2015-04-07,19.01,19.01,18.91,18.91,2500,0.00,0.00,0.00
2015-04-08,19.19,19.19,19.15,19.15,900,0.00,0.00,0.00
2015-04-09,19.13,19.24,19.11,19.24,1500,0.00,0.00,0.00
2015-04-10,19.32,19.40,19.32,19.39,2400,0.00,0.00,0.00
2015-04-13,19.51,19.51,19.43,19.43,300,0.00,0.00,0.00
2015-04-14,19.33,19.33,19.30,19.30,800,0.00,0.00,0.00
2015-04-15,19.49,19.49,19.49,19.49,400,0.00,0.00,0.00
2015-04-16,19.69,19.73,19.69,19.71,1700,0.00,0.00,0.00
2015-04-17,19.43,19.43,19.31,19.31,1200,0.00,0.00,0.00
2015-04-20,19.40,19.40,19.40,19.40,100,0.00,0.00,0.00
2015-04-21,19.56,19.56,19.49,19.49,2200,0.00,0.00,0.00
2015-04-22,19.62,19.64,19.62,19.64,500,0.00,0.00,0.00
2015-04-23,19.88,19.88,19.84,19.84,1100,0.00,0.00,0.00
2015-04-24,19.91,19.93,19.84,19.84,6100,0.00,0.00,0.00
2015-04-27,20.07,20.07,20.06,20.06,500,0.00,0.00,0.00
2015-04-28,19.79,19.79,19.61,19.61,600,0.00,0.00,0.00
2015-04-29,19.44,19.47,19.16,19.45,2000,0.00,0.00,0.00
2015-04-30,19.10,19.10,18.91,18.91,3300,0.00,0.00,0.00
2015-05-01,18.81,18.81,18.76,18.76,400,0.00,0.00,0.00
2015-05-04,18.64,19.03,18.57,18.96,4600,0.00,0.00,0.00
2015-05-05,18.74,18.74,18.74,18.74,100,0.00,0.00,0.00
2015-05-06,18.60,18.63,18.60,18.63,1300,0.00,0.00,0.00
2015-05-07,18.73,18.82,18.73,18.82,300,0.00,0.00,0.00
2015-05-08,18.83,18.85,18.81,18.81,500,0.00,0.00,0.00
2015-05-11,18.87,18.95,18.87,18.95,1300,0.00,0.00,0.00
2015-05-12,18.86,18.86,18.86,18.86,100,0.00,0.00,0.00
2015-05-13,18.96,18.96,18.96,18.96,200,0.00,0.00,0.00
2015-05-14,19.11,19.11,19.11,19.11,200,0.00,0.00,0.00
2015-05-15,19.07,19.07,19.07,19.07,400,0.00,0.00,0.00
2015-05-18,19.18,19.18,19.18,19.18,300,0.00,0.00,0.00
2015-05-19,19.20,19.20,19.19,19.19,800,0.00,0.00,0.00
2015-05-20,19.15,19.15,19.15,19.15,500,0.00,0.00,0.00
2015-05-21,19.38,19.38,19.32,19.32,1400,0.00,0.00,0.00
2015-05-22,19.42,19.42,19.36,19.36,300,0.00,0.00,0.00
2015-05-26,19.36,19.36,19.17,19.23,3400,0.00,0.00,0.00
2015-05-27,19.24,19.24,19.24,19.24,700,0.00,0.00,0.00
2015-05-28,19.47,19.47,19.47,19.47,100,0.00,0.00,0.00
2015-05-29,19.33,19.49,19.33,19.49,600,0.00,0.00,0.00
2015-06-01,19.38,19.43,19.38,19.42,1000,0.00,0.00,0.00
2015-06-02,19.36,19.45,19.36,19.45,2000,0.00,0.00,0.00
2015-06-03,19.51,19.56,19.51,19.56,400,0.00,0.00,0.00
2015-06-04,19.49,19.49,19.49,19.49,2600,0.00,0.00,0.00
2015-06-05,19.52,19.52,19.52,19.52,1500,0.00,0.00,0.00
2015-06-08,19.69,19.71,19.49,19.49,1000,0.00,0.00,0.00
2015-06-09,19.37,19.37,19.37,19.37,300,0.00,0.00,0.00
2015-06-10,19.44,19.72,19.44,19.72,300,0.00,0.00,0.00
2015-06-11,19.66,19.67,19.63,19.65,2600,0.00,0.00,0.00
2015-06-12,19.58,19.58,19.54,19.54,500,0.00,0.00,0.00
2015-06-15,19.49,19.49,19.28,19.28,400,0.00,0.00,0.00
2015-06-16,19.53,19.53,19.51,19.51,300,0.00,0.00,0.00
2015-06-17,19.73,19.73,19.70,19.70,500,0.00,0.00,0.00
2015-06-18,19.90,19.90,19.90,19.90,200,0.00,0.00,0.00
2015-06-19,19.86,19.86,19.85,19.85,4800,0.00,0.00,0.00
2015-06-22,19.90,19.90,19.90,19.90,200,0.00,0.00,0.00
2015-06-23,20.06,20.06,20.06,20.06,200,0.00,0.00,0.00
2015-06-24,19.80,19.80,19.80,19.80,200,0.00,0.00,0.00
2015-06-25,19.94,19.94,19.76,19.76,8000,0.00,0.00,0.00
2015-06-26,19.67,19.67,19.59,19.62,3300,0.00,0.00,0.00
2015-06-29,19.40,19.40,19.10,19.10,5100,0.00,0.00,0.00
2015-06-30,19.38,19.38,19.22,19.27,3300,0.00,0.00,0.00
2015-07-01,19.31,19.31,19.17,19.23,11200,0.00,0.00,0.00
2015-07-02,19.22,19.22,19.17,19.17,900,0.00,0.00,0.00
2015-07-06,19.13,19.13,19.04,19.04,1600,0.00,0.00,0.00
2015-07-07,18.95,18.95,18.72,18.93,1500,0.00,0.00,0.00
2015-07-08,18.75,18.75,18.75,18.75,100,0.00,0.00,0.00
2015-07-09,18.91,18.91,18.91,18.91,200,0.00,0.00,0.00
2015-07-10,19.07,19.10,19.04,19.10,6100,0.00,0.00,0.00
2015-07-13,19.23,19.35,19.23,19.35,3200,0.00,0.00,0.00
2015-07-14,19.47,19.47,19.46,19.46,300,0.00,0.00,0.00
2015-07-15,19.59,19.59,19.33,19.33,2200,0.00,0.00,0.00
2015-07-16,19.73,19.73,19.72,19.72,900,0.00,0.00,0.00
2015-07-17,19.80,19.80,19.78,19.78,400,0.00,0.00,0.00
2015-07-20,19.81,19.81,19.78,19.81,1500,0.00,0.00,0.00
2015-07-21,19.80,19.80,19.74,19.74,800,0.00,0.00,0.00
2015-07-22,19.66,19.66,19.51,19.54,2600,0.00,0.00,0.00
2015-07-23,19.72,19.72,19.67,19.67,300,0.00,0.00,0.00
2015-07-24,19.76,19.76,19.76,19.76,200,0.00,0.00,0.00
2015-07-27,19.47,19.54,19.47,19.54,300,0.00,0.00,0.00
2015-07-28,19.43,19.83,19.42,19.83,3500,0.00,0.00,0.00
2015-07-29,19.69,19.69,19.69,19.69,200,0.00,0.00,0.00
2015-07-30,19.57,19.57,19.54,19.54,2700,0.00,0.00,0.00
2015-07-31,19.52,19.53,19.40,19.40,3400,0.00,0.00,0.00
2015-08-03,19.05,19.05,19.05,19.05,200,0.00,0.00,0.00
2015-08-04,19.02,19.02,19.00,19.00,400,0.00,0.00,0.00
2015-08-05,19.19,19.19,19.04,19.04,2300,0.00,0.00,0.00
2015-08-06,18.73,18.77,18.68,18.77,1400,0.00,0.00,0.00
2015-08-07,18.75,18.75,18.75,18.75,200,0.00,0.00,0.00
2015-08-10,18.82,19.23,18.82,19.20,600,0.00,0.00,0.00
2015-08-11,18.88,18.95,18.88,18.95,500,0.00,0.00,0.00
2015-08-12,18.54,18.77,18.54,18.77,1600,0.00,0.00,0.00
2015-08-13,18.94,18.94,18.94,18.94,200,0.00,0.00,0.00
2015-08-14,18.91,18.91,18.91,18.91,200,0.00,0.00,0.00
2015-08-17,19.06,19.06,19.06,19.06,200,0.00,0.00,0.00
2015-08-18,18.93,18.93,18.93,18.93,200,0.00,0.00,0.00
2015-08-19,18.77,18.77,18.73,18.73,900,0.00,0.00,0.00
2015-08-20,18.08,18.08,17.95,17.95,1400,0.00,0.00,0.00
2015-08-21,17.67,17.78,17.62,17.62,3800,0.00,0.00,0.00
2015-08-24,16.02,17.11,15.80,17.11,10100,0.00,0.00,0.00
2015-08-25,17.42,17.49,17.42,17.49,300,0.00,0.00,0.00
2015-08-26,17.25,17.55,17.15,17.55,500,0.00,0.00,0.00
2015-08-27,17.83,18.18,17.83,18.09,2600,0.00,0.00,0.00
2015-08-28,18.23,18.36,18.23,18.27,2700,0.00,0.00,0.00
2015-08-31,18.11,18.17,18.08,18.14,4700,0.00,0.00,0.00
2015-09-01,17.60,17.60,17.48,17.48,500,0.00,0.00,0.00
2015-09-02,17.48,17.67,17.48,17.67,600,0.00,0.00,0.00
2015-09-03,17.88,17.88,17.88,17.88,100,0.00,0.00,0.00
2015-09-04,17.53,17.53,17.53,17.53,200,0.00,0.00,0.00
2015-09-08,18.07,18.07,18.07,18.07,100,0.00,0.00,0.00
2015-09-09,18.43,18.43,18.13,18.13,1800,0.00,0.00,0.00
2015-09-10,18.06,18.06,18.06,18.06,100,0.00,0.00,0.00
2015-09-11,18.15,18.15,18.15,18.15,200,0.00,0.00,0.00
2015-09-14,18.02,18.15,18.02,18.11,900,0.00,0.00,0.00
2015-09-15,18.35,18.35,18.35,18.35,1100,0.00,0.00,0.00
2015-09-16,18.56,18.56,18.56,18.56,200,0.00,0.00,0.00
2015-09-17,18.73,18.73,18.73,18.73,100,0.00,0.00,0.00
2015-09-18,18.50,18.55,18.44,18.44,10700,0.00,0.00,0.00
2015-09-21,18.32,18.32,18.32,18.32,2400,0.00,0.00,0.00
2015-09-22,17.94,17.94,17.94,17.94,200,0.00,0.00,0.00
2015-09-23,18.11,18.11,17.90,17.90,400,0.00,0.00,0.00
2015-09-24,17.89,17.89,17.70,17.70,400,0.00,0.00,0.00
2015-09-25,17.80,17.80,17.51,17.51,1500,0.00,0.00,0.00
2015-09-28,17.15,17.15,17.15,17.15,600,0.00,0.00,0.00
2015-09-29,16.87,16.87,16.87,16.87,100,0.00,0.00,0.00
2015-09-30,16.96,16.96,16.96,16.96,100,0.00,0.00,0.00
2015-10-01,16.72,16.72,16.72,16.72,1300,0.00,0.00,0.00
2015-10-02,16.91,17.22,16.91,17.22,600,0.00,0.00,0.00
2015-10-05,17.62,17.62,17.62,17.62,100,0.00,0.00,0.00
2015-10-06,17.35,17.35,17.35,17.35,100,0.00,0.00,0.00
2015-10-07,17.61,17.61,17.61,17.61,100,0.00,0.00,0.00
2015-10-08,17.50,17.50,17.50,17.50,200,0.00,0.00,0.00
2015-10-09,17.86,17.89,17.86,17.89,300,0.00,0.00,0.00
2015-10-12,17.75,17.75,17.75,17.75,100,0.00,0.00,0.00
2015-10-13,17.69,17.69,17.69,17.69,100,0.00,0.00,0.00
2015-10-14,17.60,17.60,17.60,17.60,100,0.00,0.00,0.00
2015-10-15,17.62,17.62,17.62,17.62,100,0.00,0.00,0.00
2015-10-16,17.86,17.96,17.86,17.88,500,0.00,0.00,0.00
2015-10-19,17.87,17.88,17.81,17.88,600,0.00,0.00,0.00
2015-10-20,17.59,17.59,17.59,17.59,100,0.00,0.00,0.00
2015-10-21,17.74,17.74,17.74,17.74,100,0.00,0.00,0.00
2015-10-22,17.48,17.55,17.43,17.55,1100,0.00,0.00,0.00
2015-10-23,17.88,17.88,17.88,17.88,100,0.00,0.00,0.00
2015-10-26,17.85,17.85,17.85,17.85,100,0.00,0.00,0.00
2015-10-27,17.72,17.72,17.70,17.70,200,0.00,0.00,0.00
2015-10-28,17.89,17.89,17.89,17.89,200,0.00,0.00,0.00
2015-10-29,17.89,18.03,17.80,17.80,6300,0.00,0.00,0.00
2015-10-30,18.01,18.07,17.96,17.96,700,0.00,0.00,0.00
2015-11-02,17.99,18.47,17.99,18.46,3500,0.00,0.00,0.00
2015-11-03,18.46,18.46,18.46,18.46,500,0.00,0.00,0.00
2015-11-04,18.50,18.92,18.50,18.80,2100,0.00,0.00,0.00
2015-11-05,18.64,18.64,18.64,18.64,100,0.00,0.00,0.00
2015-11-06,18.81,18.85,18.80,18.81,500,0.00,0.00,0.00
2015-11-09,18.58,18.67,18.57,18.67,500,0.00,0.00,0.00
2015-11-10,18.45,18.45,18.44,18.44,200,0.00,0.00,0.00
2015-11-11,18.35,18.40,18.33,18.40,700,0.00,0.00,0.00
2015-11-12,18.25,18.25,18.08,18.08,2100,0.00,0.00,0.00
2015-11-13,17.99,17.99,17.89,17.89,1000,0.00,0.00,0.00
2015-11-16,17.98,17.98,17.98,17.98,200,0.00,0.00,0.00
2015-11-17,18.15,18.15,18.00,18.00,200,0.00,0.00,0.00
2015-11-18,18.22,18.22,18.22,18.22,1000,0.00,0.00,0.00
2015-11-19,18.27,18.52,18.27,18.51,1300,0.00,0.00,0.00
2015-11-20,18.64,18.64,18.64,18.64,300,0.00,0.00,0.00
2015-11-23,18.66,18.66,18.66,18.66,100,0.00,0.00,0.00
2015-11-24,18.63,18.63,18.62,18.62,1000,0.00,0.00,0.00
2015-11-25,18.78,18.86,18.78,18.86,200,0.00,0.00,0.00
2015-11-27,19.19,19.19,19.19,19.19,200,0.00,0.00,0.00
2015-11-30,19.13,19.13,19.13,19.13,600,0.00,0.00,0.00
2015-12-01,19.19,19.23,19.18,19.23,600,0.00,0.00,0.00
2015-12-02,19.31,19.31,19.27,19.28,2300,0.00,0.00,0.00
2015-12-03,18.84,18.87,18.82,18.82,500,0.00,0.00,0.00
2015-12-04,19.01,19.01,19.00,19.00,400,0.00,0.00,0.00
2015-12-07,19.08,19.08,18.74,18.76,1400,0.00,0.00,0.00
2015-12-08,18.70,18.94,18.70,18.94,1000,0.00,0.00,0.00
2015-12-09,18.91,19.49,18.69,18.69,2000,0.00,0.00,0.00
2015-12-10,19.01,19.01,19.01,19.01,100,0.00,0.00,0.00
2015-12-11,19.01,19.01,18.88,18.88,400,0.00,0.00,0.00
2015-12-14,18.29,18.42,18.04,18.24,900,0.00,0.00,0.00
2015-12-15,18.73,18.73,18.49,18.55,1200,0.00,0.00,0.00
2015-12-16,18.77,18.77,18.75,18.75,1100,0.00,0.00,0.00
2015-12-17,18.81,19.05,18.81,18.94,600,0.00,0.00,0.00
2015-12-18,18.95,18.95,18.82,18.89,1500,0.00,0.00,0.00
2015-12-21,18.89,18.89,18.83,18.83,500,0.00,0.00,0.00
2015-12-22,18.91,18.91,18.91,18.91,100,0.00,0.00,0.00
2015-12-23,19.14,19.19,19.14,19.19,200,0.00,0.00,0.00
2015-12-24,19.26,19.26,19.26,19.26,100,0.47,0.00,0.00
2015-12-28,19.29,19.29,19.29,19.29,200,0.00,0.00,0.00
2015-12-29,19.17,19.17,19.17,19.17,300,0.00,0.00,0.00
2015-12-30,19.29,19.29,19.22,19.23,3000,0.00,0.00,0.00
2015-12-31,19.01,19.01,18.88,18.88,700,0.00,0.00,0.00
2016-01-04,18.43,18.47,18.32,18.46,1600,0.00,0.00,0.00
2016-01-05,18.67,18.67,18.61,18.61,300,0.00,0.00,0.00
2016-01-06,18.30,18.30,18.30,18.30,200,0.00,0.00,0.00
2016-01-07,17.97,17.97,17.53,17.58,900,0.00,0.00,0.00
2016-01-08,17.37,17.37,17.37,17.37,600,0.00,0.00,0.00
2016-01-11,16.91,16.91,16.76,16.76,2200,0.00,0.00,0.00
2016-01-12,16.91,17.22,16.87,17.01,1700,0.00,0.00,0.00
2016-01-13,17.00,17.19,16.43,16.49,2100,0.00,0.00,0.00
2016-01-14,16.38,16.63,16.22,16.63,1200,0.00,0.00,0.00
2016-01-15,16.00,16.11,15.68,15.98,3600,0.00,0.00,0.00
2016-01-19,16.10,16.15,16.10,16.15,800,0.00,0.00,0.00
2016-01-20,15.43,15.76,15.14,15.73,4200,0.00,0.00,0.00
2016-01-21,16.07,16.07,15.87,15.87,400,0.00,0.00,0.00
2016-01-22,16.23,16.23,16.17,16.17,400,0.00,0.00,0.00
2016-01-25,15.98,15.98,15.98,15.98,200,0.00,0.00,0.00
2016-01-26,15.73,15.73,15.73,15.73,100,0.00,0.00,0.00
2016-01-27,16.15,16.15,15.53,15.57,2700,0.00,0.00,0.00
2016-01-28,15.20,15.20,15.20,15.20,200,0.00,0.00,0.00
2016-01-29,15.40,15.44,15.38,15.44,1000,0.00,0.00,0.00
2016-02-01,15.57,15.57,15.57,15.57,100,0.00,0.00,0.00
2016-02-02,15.19,15.19,15.19,15.19,100,0.00,0.00,0.00
2016-02-03,15.05,15.10,15.05,15.10,300,0.00,0.00,0.00
2016-02-04,15.27,15.33,15.23,15.24,2300,0.00,0.00,0.00
2016-02-05,14.53,14.54,14.30,14.30,3000,0.00,0.00,0.00
2016-02-08,13.82,13.89,13.54,13.65,3200,0.00,0.00,0.00
2016-02-09,13.67,13.82,13.67,13.71,800,0.00,0.00,0.00
2016-02-10,13.89,13.89,13.89,13.89,100,0.00,0.00,0.00
2016-02-11,13.54,13.64,13.54,13.64,2200,0.00,0.00,0.00
2016-02-12,13.65,13.83,13.65,13.79,4200,0.00,0.00,0.00
2016-02-16,14.35,14.35,14.35,14.35,200,0.00,0.00,0.00
2016-02-17,14.76,14.88,14.76,14.88,500,0.00,0.00,0.00
2016-02-18,14.83,14.83,14.83,14.83,2300,0.00,0.00,0.00
2016-02-19,14.85,14.85,14.85,14.85,200,0.00,0.00,0.00
2016-02-22,15.20,15.20,15.20,15.20,2400,0.00,0.00,0.00
2016-02-23,15.04,15.04,15.04,15.04,200,0.00,0.00,0.00
2016-02-24,15.12,15.17,15.10,15.17,900,0.00,0.00,0.00
2016-02-25,15.25,15.25,15.25,15.25,200,0.00,0.00,0.00
2016-02-26,15.70,15.70,15.70,15.70,100,0.00,0.00,0.00
2016-02-29,15.78,15.78,15.78,15.78,100,0.00,0.00,0.00
2016-03-01,16.13,16.13,16.13,16.13,500,0.00,0.00,0.00
2016-03-02,16.36,16.36,16.36,16.36,100,0.00,0.00,0.00
2016-03-03,16.33,16.74,16.33,16.74,2300,0.00,0.00,0.00
2016-03-04,16.87,17.20,16.87,17.11,1300,0.00,0.00,0.00
2016-03-07,16.82,17.08,16.82,17.08,1400,0.00,0.00,0.00
2016-03-08,16.80,16.80,16.80,16.80,200,0.00,0.00,0.00
2016-03-09,16.64,16.64,16.59,16.59,1100,0.00,0.00,0.00
2016-03-10,16.92,16.92,16.43,16.43,400,0.00,0.00,0.00
2016-03-11,16.54,16.54,16.54,16.54,1000,0.00,0.00,0.00
2016-03-14,17.00,17.00,16.98,16.98,200,0.00,0.00,0.00
2016-03-15,16.61,16.61,16.46,16.46,400,0.00,0.00,0.00
2016-03-16,16.46,16.60,16.46,16.60,2200,0.00,0.00,0.00
2016-03-17,16.70,16.70,16.70,16.70,100,0.00,0.00,0.00
2016-03-18,17.05,17.11,17.05,17.08,3900,0.00,0.00,0.00
2016-03-21,17.24,17.24,17.24,17.24,100,0.00,0.00,0.00
2016-03-22,17.38,17.41,17.38,17.41,500,0.00,0.00,0.00
2016-03-23,17.41,17.41,17.41,17.41,0,0.00,0.00,0.00
2016-03-24,16.79,16.86,16.79,16.86,1400,0.00,0.00,0.00
2016-03-28,16.86,16.86,16.86,16.86,0,0.00,0.00,0.00
2016-03-29,17.38,17.38,17.38,17.38,300,0.00,0.00,0.00
2016-03-30,17.62,17.62,17.44,17.44,1400,0.00,0.00,0.00
2016-03-31,17.66,17.74,17.65,17.65,3000,0.00,0.00,0.00
2016-04-01,17.65,17.65,17.65,17.65,0,0.00,0.00,0.00
2016-04-04,18.02,18.02,18.02,18.02,1000,0.00,0.00,0.00
2016-04-05,17.90,17.90,17.90,17.90,600,0.00,0.00,0.00
2016-04-06,17.95,17.98,17.95,17.98,400,0.00,0.00,0.00
2016-04-07,18.22,18.22,17.99,17.99,1900,0.00,0.00,0.00
2016-04-08,17.89,17.89,17.89,17.89,200,0.00,0.00,0.00
2016-04-11,17.89,17.89,17.89,17.89,0,0.00,0.00,0.00
2016-04-12,17.98,17.98,17.98,17.98,3100,0.00,0.00,0.00
2016-04-13,18.28,18.28,18.28,18.28,100,0.00,0.00,0.00
2016-04-14,18.47,18.47,18.47,18.47,300,0.00,0.00,0.00
2016-04-15,18.24,18.24,18.24,18.24,3000,0.00,0.00,0.00
2016-04-18,18.30,18.30,18.28,18.28,5000,0.00,0.00,0.00
2016-04-19,18.11,18.11,17.89,17.89,1100,0.00,0.00,0.00
2016-04-20,17.78,18.05,17.78,18.05,700,0.00,0.00,0.00
2016-04-21,18.14,18.23,18.14,18.23,500,0.00,0.00,0.00
2016-04-22,18.20,18.20,18.18,18.18,1100,0.00,0.00,0.00
2016-04-25,18.20,18.20,18.07,18.10,700,0.00,0.00,0.00
2016-04-26,18.05,18.06,18.05,18.06,3300,0.00,0.00,0.00
2016-04-27,18.00,18.00,17.96,17.96,300,0.00,0.00,0.00
2016-04-28,18.08,18.08,18.08,18.08,200,0.00,0.00,0.00
2016-04-29,17.46,17.46,17.42,17.42,7200,0.00,0.00,0.00
2016-05-02,17.51,17.53,17.51,17.53,300,0.00,0.00,0.00
2016-05-03,17.27,17.27,17.27,17.27,200,0.00,0.00,0.00
2016-05-04,16.79,16.80,16.79,16.80,500,0.00,0.00,0.00
2016-05-05,16.75,16.75,16.75,16.75,100,0.00,0.00,0.00
2016-05-06,16.67,16.87,16.55,16.55,3000,0.00,0.00,0.00
2016-05-09,16.89,16.89,16.84,16.88,800,0.00,0.00,0.00
2016-05-10,17.01,17.01,17.01,17.01,100,0.00,0.00,0.00
2016-05-11,16.89,16.89,16.89,16.89,100,0.00,0.00,0.00
2016-05-12,16.87,16.87,16.56,16.56,1800,0.00,0.00,0.00
2016-05-13,16.72,16.72,16.71,16.71,700,0.00,0.00,0.00
2016-05-16,16.87,16.87,16.87,16.87,100,0.00,0.00,0.00
2016-05-17,16.75,16.75,16.75,16.75,100,0.00,0.00,0.00
2016-05-18,16.87,16.87,16.87,16.87,100,0.00,0.00,0.00
2016-05-19,16.61,16.61,16.54,16.58,700,0.00,0.00,0.00
2016-05-20,16.80,16.80,16.79,16.79,3000,0.00,0.00,0.00
2016-05-23,16.95,16.95,16.95,16.95,100,0.00,0.00,0.00
2016-05-24,17.47,17.47,17.46,17.46,200,0.00,0.00,0.00
2016-05-25,17.50,17.62,17.47,17.61,5000,0.00,0.00,0.00
2016-05-26,17.66,17.73,17.66,17.73,1100,0.00,0.00,0.00
2016-05-27,17.88,17.88,17.80,17.80,6100,0.00,0.00,0.00
2016-05-31,17.95,18.03,17.90,17.98,3100,0.00,0.00,0.00
2016-06-01,18.01,18.01,18.01,18.01,200,0.00,0.00,0.00
2016-06-02,18.13,18.23,18.13,18.21,2000,0.00,0.00,0.00
2016-06-03,18.07,18.10,18.01,18.06,3400,0.00,0.00,0.00
2016-06-06,18.18,18.38,18.18,18.38,2900,0.00,0.00,0.00
2016-06-07,18.44,18.46,18.31,18.39,7000,0.00,0.00,0.00
2016-06-08,18.35,18.38,18.35,18.38,300,0.00,0.00,0.00
2016-06-09,18.13,18.18,18.11,18.11,5300,0.00,0.00,0.00
2016-06-10,18.08,18.08,18.08,18.08,200,0.00,0.00,0.00
2016-06-13,18.07,18.07,17.81,17.82,7100,0.00,0.00,0.00
2016-06-14,17.93,17.93,17.66,17.75,6700,0.00,0.00,0.00
2016-06-15,17.92,17.92,17.90,17.90,300,0.00,0.00,0.00
2016-06-16,17.92,17.92,17.92,17.92,100,0.00,0.00,0.00
2016-06-17,17.99,18.06,17.99,18.06,1500,0.00,0.00,0.00
2016-06-20,18.16,18.37,18.15,18.15,9800,0.00,0.00,0.00
2016-06-21,17.98,18.09,17.98,18.06,2800,0.00,0.00,0.00
2016-06-22,17.93,17.93,17.93,17.93,100,0.00,0.00,0.00
2016-06-23,17.96,18.16,17.96,18.10,6800,0.00,0.00,0.00
2016-06-24,17.72,17.72,17.48,17.49,13700,0.00,0.00,0.00
2016-06-27,16.92,16.97,16.84,16.85,10400,0.00,0.00,0.00
2016-06-28,17.22,17.25,17.22,17.25,600,0.00,0.00,0.00
2016-06-29,17.68,17.68,17.68,17.68,100,0.00,0.00,0.00
2016-06-30,17.69,17.80,17.69,17.80,500,0.00,0.00,0.00
2016-07-01,17.95,17.95,17.95,17.95,100,0.00,0.00,0.00
2016-07-05,17.72,17.81,17.72,17.76,700,0.00,0.00,0.00
2016-07-06,17.92,17.92,17.70,17.70,1400,0.00,0.00,0.00
2016-07-07,18.10,18.10,18.10,18.10,100,0.00,0.00,0.00
2016-07-08,18.48,18.48,18.48,18.48,200,0.00,0.00,0.00
2016-07-11,18.62,18.64,18.55,18.55,2200,0.00,0.00,0.00
2016-07-12,18.82,18.88,18.82,18.88,700,0.00,0.00,0.00
2016-07-13,19.02,19.02,18.89,18.89,500,0.00,0.00,0.00
2016-07-14,18.71,18.71,18.71,18.71,100,0.00,0.00,0.00
2016-07-15,18.71,18.72,18.66,18.72,1000,0.00,0.00,0.00
2016-07-18,18.89,18.89,18.89,18.89,300,0.00,0.00,0.00
2016-07-19,18.54,18.54,18.54,18.54,100,0.00,0.00,0.00
2016-07-20,18.73,18.84,18.73,18.84,200,0.00,0.00,0.00
2016-07-21,18.77,18.80,18.77,18.80,600,0.00,0.00,0.00
2016-07-22,18.58,18.58,18.58,18.58,100,0.00,0.00,0.00
2016-07-25,18.54,18.57,18.54,18.57,800,0.00,0.00,0.00
2016-07-26,18.77,18.77,18.77,18.77,100,0.00,0.00,0.00
2016-07-27,18.86,18.93,18.86,18.93,500,0.00,0.00,0.00
2016-07-28,19.10,19.10,19.10,19.10,200,0.00,0.00,0.00
2016-07-29,18.99,19.00,18.99,19.00,500,0.00,0.00,0.00
2016-08-01,19.11,19.11,19.03,19.03,1200,0.00,0.00,0.00
2016-08-02,18.59,18.65,18.59,18.65,700,0.00,0.00,0.00
2016-08-03,18.85,18.85,18.85,18.85,100,0.00,0.00,0.00
2016-08-04,19.14,19.14,19.08,19.08,200,0.00,0.00,0.00
2016-08-05,19.22,19.22,19.22,19.22,100,0.00,0.00,0.00
2016-08-08,19.29,19.29,19.28,19.28,700,0.00,0.00,0.00
2016-08-09,19.28,19.28,19.28,19.28,100,0.00,0.00,0.00
2016-08-10,19.32,19.33,19.31,19.31,15300,0.00,0.00,0.00
2016-08-11,19.47,19.47,19.47,19.47,100,0.00,0.00,0.00
2016-08-12,19.54,19.54,19.54,19.54,400,0.00,0.00,0.00
2016-08-15,19.54,19.54,19.54,19.54,0,0.00,0.00,0.00
2016-08-16,19.76,19.76,19.65,19.68,2400,0.00,0.00,0.00
2016-08-17,19.53,19.53,19.53,19.53,100,0.00,0.00,0.00
2016-08-18,19.58,19.58,19.58,19.58,400,0.00,0.00,0.00
2016-08-19,19.45,19.45,19.45,19.45,100,0.00,0.00,0.00
2016-08-22,19.49,19.53,19.49,19.53,1200,0.00,0.00,0.00
2016-08-23,19.70,19.70,19.62,19.62,2300,0.00,0.00,0.00
2016-08-24,19.72,19.72,19.60,19.60,600,0.00,0.00,0.00
2016-08-25,19.35,19.35,19.30,19.30,800,0.00,0.00,0.00
2016-08-26,19.27,19.27,19.27,19.27,100,0.00,0.00,0.00
2016-08-29,19.43,19.43,19.41,19.41,400,0.00,0.00,0.00
2016-08-30,19.22,19.22,19.22,19.22,200,0.00,0.00,0.00
2016-08-31,19.25,19.25,19.02,19.02,200,0.00,0.00,0.00
2016-09-01,18.89,18.89,18.89,18.89,100,0.00,0.00,0.00
2016-09-02,19.03,19.09,19.02,19.09,1300,0.00,0.00,0.00
2016-09-06,19.53,19.53,19.53,19.53,200,0.00,0.00,0.00
2016-09-07,19.61,19.63,19.61,19.63,200,0.00,0.00,0.00
2016-09-08,19.63,19.63,19.62,19.63,2700,0.00,0.00,0.00
2016-09-09,19.35,19.36,19.35,19.36,1200,0.00,0.00,0.00
2016-09-12,19.36,19.36,19.36,19.36,0,0.00,0.00,0.00
2016-09-13,18.99,19.01,18.99,19.01,700,0.00,0.00,0.00
2016-09-14,19.12,19.12,19.12,19.12,200,0.00,0.00,0.00
2016-09-15,19.34,19.56,19.34,19.56,300,0.00,0.00,0.00
2016-09-16,19.56,19.56,19.56,19.56,0,0.00,0.00,0.00
2016-09-19,19.73,19.73,19.73,19.73,100,0.00,0.00,0.00
2016-09-20,19.79,19.79,19.79,19.79,1100,0.00,0.00,0.00
2016-09-21,19.71,19.71,19.61,19.61,2200,0.00,0.00,0.00
2016-09-22,20.07,20.16,20.07,20.16,1200,0.00,0.00,0.00
2016-09-23,20.21,20.21,20.17,20.17,300,0.00,0.00,0.00
2016-09-26,20.03,20.03,20.01,20.01,500,0.00,0.00,0.00
2016-09-27,20.30,20.39,20.29,20.39,1800,0.00,0.00,0.00
2016-09-28,20.38,20.44,20.32,20.44,19000,0.00,0.00,0.00
2016-09-29,20.37,20.39,20.23,20.26,3600,0.00,0.00,0.00
2016-09-30,20.31,20.47,20.31,20.46,800,0.00,0.00,0.00
2016-10-03,20.49,20.49,20.49,20.49,300,0.00,0.00,0.00
2016-10-04,20.59,20.59,20.37,20.37,5400,0.00,0.00,0.00
2016-10-05,20.60,20.68,20.59,20.66,7900,0.00,0.00,0.00
2016-10-06,20.52,20.52,20.13,20.13,600,0.00,0.00,0.00
2016-10-07,20.02,20.02,20.02,20.02,200,0.00,0.00,0.00
2016-10-10,20.20,20.20,20.20,20.20,100,0.00,0.00,0.00
2016-10-11,19.50,19.50,19.37,19.37,1200,0.00,0.00,0.00
2016-10-12,19.37,19.37,19.24,19.24,1900,0.00,0.00,0.00
2016-10-13,19.00,19.00,19.00,19.00,100,0.00,0.00,0.00
2016-10-14,18.95,18.95,18.80,18.80,1000,0.00,0.00,0.00
2016-10-17,18.82,18.84,18.57,18.67,179900,0.00,0.00,0.00
2016-10-18,18.95,18.98,18.95,18.98,900,0.00,0.00,0.00
2016-10-19,19.06,19.06,19.05,19.05,700,0.00,0.00,0.00
2016-10-20,19.07,19.07,18.98,18.98,400,0.00,0.00,0.00
2016-10-21,18.84,18.94,18.84,18.94,1000,0.00,0.00,0.00
2016-10-24,19.07,19.07,19.07,19.07,400,0.00,0.00,0.00
2016-10-25,19.20,19.20,18.81,18.85,4000,0.00,0.00,0.00
2016-10-26,18.76,18.76,18.76,18.76,100,0.00,0.00,0.00
2016-10-27,18.74,18.74,18.61,18.61,300,0.00,0.00,0.00
2016-10-28,18.54,18.56,18.43,18.43,1000,0.00,0.00,0.00
2016-10-31,18.43,18.46,18.35,18.38,1600,0.00,0.00,0.00
2016-11-01,18.51,18.51,18.17,18.19,2600,0.00,0.00,0.00
2016-11-02,18.04,18.04,17.82,17.82,1000,0.00,0.00,0.00
2016-11-03,17.74,17.74,17.71,17.71,2000,0.00,0.00,0.00
2016-11-04,17.70,17.76,17.70,17.76,1700,0.00,0.00,0.00
2016-11-07,17.98,18.29,17.98,18.29,1000,0.00,0.00,0.00
2016-11-08,18.28,18.52,18.28,18.44,500,0.00,0.00,0.00
2016-11-09,18.22,18.49,18.22,18.49,1900,0.00,0.00,0.00
2016-11-10,18.96,19.05,18.61,18.86,4600,0.00,0.00,0.00
2016-11-11,18.79,18.79,18.79,18.79,600,0.00,0.00,0.00
2016-11-14,19.08,19.08,19.06,19.08,1400,0.00,0.00,0.00
2016-11-15,19.00,19.00,19.00,19.00,500,0.00,0.00,0.00
2016-11-16,19.00,19.00,19.00,19.00,0,0.00,0.00,0.00
2016-11-17,18.91,19.13,18.91,19.12,3300,0.00,0.00,0.00
2016-11-18,19.01,19.05,19.01,19.05,10100,0.00,0.00,0.00
2016-11-21,19.21,19.26,19.21,19.26,6900,0.00,0.00,0.00
2016-11-22,19.44,19.44,19.31,19.31,1100,0.00,0.00,0.00
2016-11-23,19.22,19.22,19.22,19.22,200,0.00,0.00,0.00
2016-11-25,19.24,19.34,19.23,19.33,2000,0.00,0.00,0.00
2016-11-28,19.25,19.25,19.25,19.25,600,0.00,0.00,0.00
2016-11-29,19.04,19.04,18.78,18.78,3800,0.00,0.00,0.00
2016-11-30,18.73,18.77,18.55,18.55,2000,0.00,0.00,0.00
2016-12-01,18.12,18.12,18.12,18.12,200,0.00,0.00,0.00
2016-12-02,18.26,18.26,18.26,18.26,100,0.00,0.00,0.00
2016-12-05,18.60,18.65,18.60,18.63,4300,0.00,0.00,0.00
2016-12-06,18.53,18.65,18.53,18.61,4900,0.00,0.00,0.00
2016-12-07,18.48,18.53,18.40,18.53,1100,0.00,0.00,0.00
2016-12-08,18.65,18.75,18.65,18.75,1000,0.00,0.00,0.00
2016-12-09,18.85,18.85,18.82,18.82,7200,0.00,0.00,0.00
2016-12-12,18.85,18.85,18.82,18.82,1400,0.00,0.00,0.00
2016-12-13,18.97,18.97,18.94,18.96,3200,0.00,0.00,0.00
2016-12-14,18.87,18.87,18.83,18.83,1700,0.00,0.00,0.00
2016-12-15,19.14,19.17,19.14,19.17,600,0.00,0.00,0.00
2016-12-16,19.28,19.37,19.17,19.22,2800,0.00,0.00,0.00
2016-12-19,19.22,19.28,19.22,19.27,900,0.00,0.00,0.00
2016-12-20,19.20,19.22,19.20,19.22,1000,0.00,0.00,0.00
2016-12-21,19.06,19.06,18.91,18.91,800,0.00,0.00,0.00
2016-12-22,18.82,18.82,18.66,18.66,1700,0.00,0.00,0.00
2016-12-23,18.75,18.75,18.74,18.74,200,0.00,0.00,0.00
2016-12-27,18.78,19.11,18.77,19.11,700,0.00,0.00,0.00
2016-12-28,18.89,18.89,18.72,18.72,3400,0.00,0.00,0.00
2016-12-29,18.63,18.63,18.63,18.63,400,0.00,0.00,0.00
2016-12-30,18.51,18.52,18.49,18.50,1000,0.00,0.00,0.00
2017-01-03,18.87,18.87,18.85,18.86,600,0.00,0.00,0.00
2017-01-04,19.15,19.71,19.15,19.71,900,0.00,0.00,0.00
2017-01-05,19.47,19.51,19.42,19.51,37400,0.00,0.00,0.00
2017-01-06,19.72,19.75,19.67,19.71,4400,0.00,0.00,0.00
2017-01-09,19.84,20.00,19.84,19.97,25000,0.00,0.00,0.00
2017-01-10,20.18,20.25,20.14,20.25,6600,0.00,0.00,0.00
2017-01-11,20.20,20.25,19.97,20.09,16900,0.00,0.00,0.00
2017-01-12,19.88,20.14,19.80,20.14,1700,0.00,0.00,0.00
2017-01-13,20.31,20.37,20.28,20.35,2100,0.00,0.00,0.00
2017-01-17,20.06,20.11,20.04,20.04,6000,0.00,0.00,0.00
2017-01-18,20.18,20.18,20.01,20.11,8400,0.00,0.00,0.00
2017-01-19,20.25,20.26,20.08,20.14,4700,0.00,0.00,0.00
2017-01-20,20.33,20.33,20.12,20.16,13600,0.00,0.00,0.00
2017-01-23,20.25,20.29,20.08,20.20,6600,0.00,0.00,0.00
2017-01-24,20.19,20.35,20.17,20.35,4000,0.00,0.00,0.00
2017-01-25,20.50,20.57,20.49,20.52,4400,0.00,0.00,0.00
2017-01-26,20.60,20.61,20.39,20.40,5800,0.00,0.00,0.00
2017-01-27,20.44,20.46,20.38,20.46,4900,0.00,0.00,0.00
2017-01-30,20.55,20.55,20.14,20.30,2200,0.00,0.00,0.00
2017-01-31,20.34,20.42,20.34,20.38,2200,0.00,0.00,0.00
2017-02-01,20.68,20.68,20.49,20.55,2700,0.00,0.00,0.00
2017-02-02,20.52,20.71,20.48,20.68,4900,0.00,0.00,0.00
2017-02-03,20.56,20.65,20.56,20.65,8000,0.00,0.00,0.00
2017-02-06,20.67,20.67,20.60,20.66,5500,0.00,0.00,0.00
2017-02-07,20.73,20.81,20.56,20.56,1400,0.00,0.00,0.00
2017-02-08,20.71,20.75,20.71,20.75,400,0.00,0.00,0.00
2017-02-09,21.05,21.15,21.05,21.15,700,0.00,0.00,0.00
2017-02-10,21.21,21.24,21.16,21.19,4000,0.00,0.00,0.00
2017-02-13,21.32,21.34,21.22,21.27,7000,0.00,0.00,0.00
2017-02-14,21.34,21.42,21.32,21.42,11600,0.00,0.00,0.00
2017-02-15,21.36,21.38,21.30,21.37,9400,0.00,0.00,0.00
2017-02-16,21.30,21.30,21.15,21.20,2700,0.00,0.00,0.00
2017-02-17,21.19,21.36,21.19,21.35,2800,0.00,0.00,0.00
2017-02-21,21.47,21.53,21.40,21.40,2200,0.00,0.00,0.00
2017-02-22,21.42,21.55,21.38,21.38,2400,0.00,0.00,0.00
2017-02-23,21.51,21.62,21.11,21.19,5300,0.00,0.00,0.00
2017-02-24,20.94,21.09,20.94,21.09,5700,0.00,0.00,0.00
2017-02-27,21.16,21.47,21.09,21.47,2700,0.00,0.00,0.00
2017-02-28,21.59,21.59,21.27,21.34,9700,0.00,0.00,0.00
2017-03-01,21.49,21.69,21.49,21.68,2300,0.00,0.00,0.00
2017-03-02,21.64,21.64,21.45,21.45,2200,0.00,0.00,0.00
2017-03-03,21.45,21.45,21.35,21.40,3000,0.00,0.00,0.00
2017-03-06,21.40,21.47,21.26,21.47,2300,0.00,0.00,0.00
2017-03-07,21.36,21.48,21.36,21.45,1200,0.00,0.00,0.00
2017-03-08,21.51,21.52,21.41,21.44,4300,0.00,0.00,0.00
2017-03-09,21.42,21.42,21.22,21.22,1300,0.00,0.00,0.00
2017-03-10,21.40,21.41,21.38,21.41,800,0.00,0.00,0.00
2017-03-13,21.52,21.62,21.51,21.62,3500,0.00,0.00,0.00
2017-03-14,21.52,21.57,21.41,21.57,5100,0.00,0.00,0.00
2017-03-15,21.57,21.77,21.57,21.77,2200,0.00,0.00,0.00
2017-03-16,21.91,21.94,21.85,21.88,1700,0.00,0.00,0.00
2017-03-17,21.87,21.97,21.87,21.88,2200,0.00,0.00,0.00
2017-03-20,21.80,21.87,21.80,21.87,4200,0.00,0.00,0.00
2017-03-21,21.95,21.95,21.26,21.26,10600,0.00,0.00,0.00
2017-03-22,21.22,21.24,21.10,21.24,5200,0.00,0.00,0.00
2017-03-23,21.16,21.38,21.16,21.24,1800,0.00,0.00,0.00
2017-03-24,21.40,21.40,21.37,21.37,1000,0.00,0.00,0.00
2017-03-27,21.32,21.62,21.32,21.62,5400,0.00,0.00,0.00
2017-03-28,21.74,21.77,21.74,21.77,1200,0.00,0.00,0.00
2017-03-29,21.85,21.99,21.76,21.95,9600,0.00,0.00,0.00
2017-03-30,22.09,22.09,21.93,22.00,2600,0.00,0.00,0.00
2017-03-31,22.06,22.13,21.99,22.11,3500,0.00,0.00,0.00
2017-04-03,22.24,22.26,22.10,22.17,6500,0.00,0.00,0.00
2017-04-04,22.08,22.08,22.08,22.08,900,0.00,0.00,0.00
2017-04-05,22.11,22.16,21.82,21.82,5500,0.00,0.00,0.00
2017-04-06,21.97,21.99,21.80,21.93,6400,0.00,0.00,0.00
2017-04-07,21.92,22.10,21.92,22.09,6400,0.00,0.00,0.00
2017-04-10,22.34,22.35,22.22,22.22,4500,0.00,0.00,0.00
2017-04-11,22.17,22.19,21.97,22.17,8800,0.00,0.00,0.00
2017-04-12,22.21,22.21,21.97,21.97,2500,0.00,0.00,0.00
2017-04-13,22.00,22.03,21.91,22.00,5400,0.00,0.00,0.00
2017-04-17,22.02,22.15,21.93,22.13,6000,0.00,0.00,0.00
2017-04-18,22.27,22.29,22.22,22.29,12300,0.00,0.00,0.00
2017-04-19,22.50,22.51,22.39,22.42,15900,0.00,0.00,0.00
2017-04-20,22.54,22.68,22.48,22.65,11700,0.00,0.00,0.00
2017-04-21,22.69,22.69,22.44,22.46,5400,0.00,0.00,0.00
2017-04-24,23.07,23.07,22.63,22.77,10000,0.00,0.00,0.00
2017-04-25,22.98,23.12,22.92,23.08,17500,0.00,0.00,0.00
2017-04-26,23.17,23.42,23.11,23.37,14300,0.00,0.00,0.00
2017-04-27,23.47,23.66,23.47,23.60,33400,0.00,0.00,0.00
2017-04-28,23.66,23.66,23.16,23.22,13900,0.00,0.00,0.00
2017-05-01,23.51,23.72,23.39,23.72,36800,0.00,0.00,0.00
2017-05-02,23.76,23.76,23.59,23.69,21700,0.00,0.00,0.00
2017-05-03,23.65,23.65,23.48,23.61,8200,0.00,0.00,0.00
2017-05-04,23.75,23.75,23.44,23.53,13300,0.00,0.00,0.00
2017-05-05,23.64,23.77,23.53,23.77,13200,0.00,0.00,0.00
2017-05-08,23.90,23.90,23.63,23.70,18600,0.00,0.00,0.00
2017-05-09,23.87,24.24,23.87,24.24,34900,0.00,0.00,0.00
2017-05-10,24.30,24.50,24.28,24.47,21700,0.00,0.00,0.00
2017-05-11,24.45,24.61,24.26,24.51,36700,0.00,0.00,0.00
2017-05-12,24.51,24.72,24.36,24.64,30000,0.00,0.00,0.00
2017-05-15,24.80,24.91,24.58,24.86,48600,0.00,0.00,0.00
2017-05-16,24.90,24.98,24.69,24.98,27200,0.00,0.00,0.00
2017-05-17,24.89,24.89,24.06,24.10,48500,0.00,0.00,0.00
2017-05-18,24.18,24.84,24.18,24.80,37900,0.00,0.00,0.00
2017-05-19,24.95,25.11,24.82,24.85,54300,0.00,0.00,0.00
2017-05-22,25.03,25.24,25.00,25.23,88200,0.00,0.00,0.00
2017-05-23,25.40,25.40,25.08,25.32,36900,0.00,0.00,0.00
2017-05-24,25.42,26.07,25.42,26.07,99000,0.00,0.00,0.00
2017-05-25,26.50,26.83,25.95,26.40,117300,0.00,0.00,0.00
2017-05-26,26.45,26.45,25.88,26.06,105500,0.00,0.00,0.00
2017-05-30,26.14,26.14,25.86,25.96,80500,0.00,0.00,0.00
2017-05-31,26.10,26.17,25.69,26.16,127900,0.00,0.00,0.00
2017-06-01,26.28,26.73,26.28,26.72,105100,0.00,0.00,0.00
2017-06-02,26.95,26.95,26.57,26.90,68300,0.00,0.00,0.00
2017-06-05,27.09,27.09,26.85,26.95,52100,0.00,0.00,0.00
2017-06-06,26.88,27.24,26.81,27.13,127000,0.00,0.00,0.00
2017-06-07,27.29,27.29,27.02,27.17,40700,0.00,0.00,0.00
2017-06-08,27.30,27.49,27.15,27.45,63700,0.00,0.00,0.00
2017-06-09,27.60,27.62,26.18,26.59,126700,0.00,0.00,0.00
2017-06-12,26.36,26.36,25.73,26.08,74400,0.00,0.00,0.00
2017-06-13,26.17,26.53,26.17,26.49,59200,0.00,0.00,0.00
2017-06-14,26.75,26.75,26.03,26.26,46500,0.00,0.00,0.00
2017-06-15,25.87,26.20,25.56,26.16,51800,0.00,0.00,0.00
2017-06-16,26.11,26.43,26.11,26.32,23600,0.00,0.00,0.00
2017-06-19,26.60,27.07,26.60,27.05,56000,0.00,0.00,0.00
2017-06-20,27.16,27.36,27.02,27.08,85600,0.00,0.00,0.00
2017-06-21,27.13,27.48,27.13,27.47,66000,0.00,0.00,0.00
2017-06-22,27.49,27.94,27.49,27.72,163900,0.00,0.00,0.00
2017-06-23,27.72,27.97,27.56,27.95,92800,0.00,0.00,0.00
2017-06-26,28.20,28.60,27.35,27.54,108500,0.00,0.00,0.00
2017-06-27,27.50,27.53,26.90,26.95,94700,0.00,0.00,0.00
2017-06-28,27.07,27.50,26.96,27.48,89300,0.00,0.00,0.00
2017-06-29,27.45,27.45,26.61,26.96,68800,0.00,0.00,0.00
2017-06-30,27.00,27.00,26.67,26.71,123100,0.00,0.00,0.00
2017-07-03,26.90,26.92,26.50,26.57,32700,0.00,0.00,0.00
2017-07-05,26.61,26.80,26.46,26.75,46300,0.00,0.00,0.00
2017-07-06,26.57,26.57,26.15,26.20,52600,0.00,0.00,0.00
2017-07-07,26.29,26.52,26.26,26.37,105100,0.00,0.00,0.00
2017-07-10,26.49,26.72,26.14,26.33,57500,0.00,0.00,0.00
2017-07-11,26.39,26.66,26.36,26.66,34100,0.00,0.00,0.00
2017-07-12,26.90,27.14,26.86,27.12,49900,0.00,0.00,0.00
2017-07-13,27.16,27.22,26.81,27.00,58300,0.00,0.00,0.00
2017-07-14,27.19,27.19,26.95,27.05,30500,0.00,0.00,0.00
2017-07-17,27.11,27.11,26.78,26.86,44700,0.00,0.00,0.00
2017-07-18,26.80,27.15,26.80,27.15,46800,0.00,0.00,0.00
2017-07-19,27.21,27.37,27.13,27.19,189800,0.00,0.00,0.00
2017-07-20,27.17,27.46,27.17,27.43,47300,0.00,0.00,0.00
2017-07-21,27.41,27.70,27.41,27.63,77100,0.00,0.00,0.00
2017-07-24,27.55,28.03,27.55,28.03,83900,0.00,0.00,0.00
2017-07-25,28.14,28.15,27.79,27.95,98000,0.00,0.00,0.00
2017-07-26,28.10,28.10,27.85,27.95,105800,0.00,0.00,0.00
2017-07-27,28.07,28.07,27.16,27.52,86500,0.00,0.00,0.00
2017-07-28,27.29,27.75,27.29,27.65,40800,0.00,0.00,0.00
2017-07-31,27.83,27.83,27.25,27.33,31100,0.00,0.00,0.00
2017-08-01,27.52,27.52,27.23,27.40,28600,0.00,0.00,0.00
2017-08-02,27.40,27.57,27.01,27.50,27100,0.00,0.00,0.00
2017-08-03,27.67,27.79,27.49,27.71,32000,0.00,0.00,0.00
2017-08-04,27.84,28.07,27.84,28.05,68600,0.00,0.00,0.00
2017-08-07,28.05,28.58,28.05,28.57,96300,0.00,0.00,0.00
2017-08-08,28.60,28.81,28.41,28.53,80600,0.00,0.00,0.00
2017-08-09,28.28,28.35,28.08,28.27,90100,0.00,0.00,0.00
2017-08-10,28.27,28.32,27.76,27.76,45300,0.00,0.00,0.00
2017-08-11,27.72,28.39,27.68,28.37,52000,0.00,0.00,0.00
2017-08-14,28.84,29.44,28.84,29.29,278000,0.00,0.00,0.00
2017-08-15,29.58,29.60,28.67,28.86,72800,0.00,0.00,0.00
2017-08-16,28.85,29.33,28.85,29.09,56200,0.00,0.00,0.00
2017-08-17,29.06,29.26,28.55,28.57,66300,0.00,0.00,0.00
2017-08-18,28.67,28.67,28.32,28.37,34600,0.00,0.00,0.00
2017-08-21,28.55,28.55,28.11,28.37,66800,0.00,0.00,0.00
2017-08-22,28.48,28.91,28.48,28.90,58200,0.00,0.00,0.00
2017-08-23,28.88,29.11,28.74,29.05,74200,0.00,0.00,0.00
2017-08-24,29.22,29.35,29.01,29.28,68300,0.00,0.00,0.00
2017-08-25,29.61,29.61,29.19,29.21,46700,0.00,0.00,0.00
2017-08-28,29.67,29.83,29.53,29.81,72700,0.00,0.00,0.00
2017-08-29,29.61,30.36,29.57,30.26,147400,0.00,0.00,0.00
2017-08-30,30.41,30.90,30.34,30.83,141200,0.00,0.00,0.00
2017-08-31,31.28,31.66,31.26,31.50,248400,0.00,0.00,0.00
2017-09-01,31.71,31.71,30.76,31.04,216400,0.00,0.00,0.00
2017-09-05,30.92,30.96,30.40,30.84,113500,0.00,0.00,0.00
2017-09-06,31.03,31.12,30.71,31.04,85200,0.00,0.00,0.00
2017-09-07,31.26,31.38,31.05,31.14,79200,0.00,0.00,0.00
2017-09-08,31.18,31.18,30.59,30.69,64000,0.00,0.00,0.00
2017-09-11,30.81,31.17,30.72,31.11,110800,0.00,0.00,0.00
2017-09-12,31.32,31.41,31.01,31.25,109200,0.00,0.00,0.00
2017-09-13,31.20,31.24,30.92,31.11,121300,0.00,0.00,0.00
2017-09-14,30.98,31.19,30.72,30.95,70200,0.00,0.00,0.00
2017-09-15,30.94,31.39,30.86,31.32,126200,0.00,0.00,0.00
2017-09-18,31.50,31.89,31.50,31.70,220600,0.00,0.00,0.00
2017-09-19,31.81,31.81,31.43,31.56,113500,0.00,0.00,0.00
2017-09-20,31.65,31.69,31.38,31.65,106700,0.00,0.00,0.00
2017-09-21,31.60,31.65,31.28,31.34,80600,0.00,0.00,0.00
2017-09-22,31.35,31.40,31.23,31.28,89300,0.00,0.00,0.00
2017-09-25,31.33,31.44,30.77,30.80,95000,0.00,0.00,0.00
2017-09-26,30.99,31.20,30.67,30.68,49900,0.00,0.00,0.00
2017-09-27,30.90,31.32,30.85,31.21,106700,0.00,0.00,0.00
2017-09-28,31.24,31.63,31.14,31.48,117200,0.00,0.00,0.00
2017-09-29,31.50,31.68,31.46,31.63,100900,0.00,0.00,0.00
2017-10-02,31.77,31.85,31.58,31.80,100500,0.00,0.00,0.00
2017-10-03,31.92,32.20,31.65,32.11,112100,0.00,0.00,0.00
2017-10-04,32.21,32.29,31.96,31.98,98300,0.00,0.00,0.00
2017-10-05,32.24,32.41,32.00,32.40,113000,0.00,0.00,0.00
2017-10-06,32.40,32.47,32.19,32.31,114000,0.00,0.00,0.00
2017-10-09,32.56,32.56,32.20,32.24,80000,0.00,0.00,0.00
2017-10-10,32.51,32.51,31.87,32.10,103900,0.00,0.00,0.00
2017-10-11,32.16,32.20,32.01,32.12,93100,0.00,0.00,0.00
2017-10-12,32.21,32.34,32.10,32.22,167100,0.00,0.00,0.00
2017-10-13,32.42,32.42,31.97,32.09,82700,0.00,0.00,0.00
2017-10-16,32.18,32.29,31.91,32.01,79800,0.00,0.00,0.00
2017-10-17,31.99,32.14,31.88,32.04,97400,0.00,0.00,0.00
2017-10-18,32.15,32.15,31.83,32.01,85200,0.00,0.00,0.00
2017-10-19,31.87,31.87,31.49,31.70,95400,0.00,0.00,0.00
2017-10-20,31.96,32.28,31.94,32.14,76100,0.00,0.00,0.00
2017-10-23,32.31,32.36,31.78,31.85,156300,0.00,0.00,0.00
2017-10-24,31.95,31.95,31.62,31.70,98900,0.00,0.00,0.00
2017-10-25,31.71,31.72,30.97,31.12,157200,0.00,0.00,0.00
2017-10-26,31.51,31.65,31.29,31.56,124800,0.00,0.00,0.00
2017-10-27,31.68,32.15,31.68,32.15,152200,0.00,0.00,0.00
2017-10-30,32.22,32.51,32.10,32.33,251600,0.00,0.00,0.00
2017-10-31,32.34,32.88,32.34,32.76,234800,0.00,0.00,0.00
2017-11-01,32.99,33.05,32.23,32.25,147200,0.00,0.00,0.00
2017-11-02,32.20,32.25,31.93,32.13,120500,0.00,0.00,0.00
2017-11-03,32.20,32.68,32.13,32.57,194200,0.00,0.00,0.00
2017-11-06,32.63,32.65,32.31,32.51,160900,0.00,0.00,0.00
2017-11-07,32.57,32.57,32.13,32.19,145300,0.00,0.00,0.00
2017-11-08,32.12,32.27,31.93,32.23,122000,0.00,0.00,0.00
2017-11-09,31.96,32.10,31.55,31.98,160800,0.00,0.00,0.00
2017-11-10,31.89,32.10,31.63,32.01,98400,0.00,0.00,0.00
2017-11-13,31.98,32.26,31.81,32.15,97600,0.00,0.00,0.00
2017-11-14,32.03,32.42,31.61,31.84,161000,0.00,0.00,0.00
2017-11-15,31.69,31.96,31.35,31.92,196300,0.00,0.00,0.00
2017-11-16,32.25,32.72,32.16,32.57,124900,0.00,0.00,0.00
2017-11-17,32.72,32.88,32.59,32.73,174700,0.00,0.00,0.00
2017-11-20,32.95,33.08,32.84,33.07,213500,0.00,0.00,0.00
2017-11-21,33.33,33.69,33.29,33.62,193500,0.00,0.00,0.00
2017-11-22,33.74,33.93,33.62,33.91,277400,0.00,0.00,0.00
2017-11-24,34.07,34.16,33.95,34.08,229100,0.00,0.00,0.00
2017-11-27,34.27,34.51,34.15,34.38,301400,0.00,0.00,0.00
2017-11-28,34.55,34.83,34.45,34.75,433800,0.00,0.00,0.00
2017-11-29,35.00,35.24,33.68,34.12,354600,0.00,0.00,0.00
2017-11-30,34.21,34.49,33.85,34.32,249800,0.00,0.00,0.00
2017-12-01,34.37,34.74,33.67,34.51,267200,0.00,0.00,0.00
2017-12-04,35.10,35.14,33.79,33.90,305400,0.00,0.00,0.00
2017-12-05,33.91,34.35,33.53,33.54,163100,0.00,0.00,0.00
2017-12-06,33.42,33.77,33.27,33.69,230800,0.00,0.00,0.00
2017-12-07,33.92,34.32,33.82,34.19,463900,0.00,0.00,0.00
2017-12-08,34.39,34.46,33.87,33.90,284400,0.00,0.00,0.00
2017-12-11,34.16,34.38,34.03,34.13,321900,0.00,0.00,0.00
2017-12-12,34.34,34.86,34.18,34.63,458000,0.00,0.00,0.00
2017-12-13,34.77,34.96,34.25,34.69,380100,0.00,0.00,0.00
2017-12-14,34.89,35.05,34.57,34.66,233800,0.00,0.00,0.00
2017-12-15,35.05,35.55,34.80,35.47,392700,0.00,0.00,0.00
2017-12-18,36.12,36.86,36.06,36.85,924600,0.00,0.00,0.00
2017-12-19,36.71,36.74,35.68,36.06,614200,0.00,0.00,0.00
2017-12-20,36.25,36.25,35.06,35.36,449000,0.00,0.00,0.00
2017-12-21,35.43,35.43,34.74,34.83,370800,0.00,0.00,0.00
2017-12-22,34.49,34.83,33.81,34.83,340100,0.00,0.00,0.00
2017-12-26,34.97,35.36,34.95,35.30,190300,0.00,0.00,0.00
2017-12-27,35.46,35.48,34.82,35.09,222500,0.49,0.00,0.00
2017-12-28,34.92,35.06,34.83,34.99,219400,0.00,0.00,0.00
2017-12-29,35.09,35.18,34.64,34.65,217200,0.00,0.00,0.00
2018-01-02,34.90,36.06,34.81,36.05,420000,0.00,0.00,0.00
2018-01-03,36.40,36.50,36.19,36.20,667300,0.00,0.00,0.00
2018-01-04,36.54,36.62,35.96,36.32,358600,0.00,0.00,0.00
2018-01-05,36.69,36.91,36.51,36.91,361200,0.00,0.00,0.00
2018-01-08,36.46,36.66,35.81,36.66,421100,0.00,0.00,0.00
2018-01-09,36.68,36.87,36.46,36.74,246800,0.00,0.00,0.00
2018-01-10,36.55,36.83,36.12,36.83,214500,0.00,0.00,0.00
2018-01-11,36.91,37.12,36.76,36.92,295400,0.00,0.00,0.00
2018-01-12,37.23,37.37,37.01,37.11,347500,0.00,0.00,0.00
2018-01-16,37.38,37.48,36.04,36.28,452700,0.00,0.00,0.00
2018-01-17,37.04,37.19,36.76,37.13,260900,0.00,0.00,0.00
2018-01-18,37.19,37.34,36.86,37.26,257200,0.00,0.00,0.00
2018-01-19,37.43,37.43,37.10,37.32,293500,0.00,0.00,0.00
2018-01-22,37.66,38.36,37.61,38.36,819100,0.00,0.00,0.00
2018-01-23,38.61,38.88,38.36,38.85,628200,0.00,0.00,0.00
2018-01-24,39.19,39.25,38.25,38.61,655600,0.00,0.00,0.00
2018-01-25,38.93,38.93,38.33,38.59,311800,0.00,0.00,0.00
2018-01-26,38.69,39.32,38.60,39.30,440100,0.00,0.00,0.00
2018-01-29,39.30,39.76,39.07,39.56,409900,0.00,0.00,0.00
2018-01-30,39.16,39.30,38.55,38.88,399500,0.00,0.00,0.00
2018-01-31,39.16,39.18,38.25,38.54,466900,0.00,0.00,0.00
2018-02-01,38.03,38.53,37.57,38.08,331200,0.00,0.00,0.00
2018-02-02,37.98,38.13,37.08,37.19,534800,0.00,0.00,0.00
2018-02-05,36.53,37.32,35.61,35.88,959900,0.00,0.00,0.00
2018-02-06,35.04,36.79,33.98,36.72,821300,0.00,0.00,0.00
2018-02-07,36.80,37.65,36.68,37.23,405300,0.00,0.00,0.00
2018-02-08,37.93,37.94,35.61,35.61,392300,0.00,0.00,0.00
2018-02-09,35.93,36.13,34.16,35.86,607800,0.00,0.00,0.00
2018-02-12,36.60,36.65,35.52,36.28,506300,0.00,0.00,0.00
2018-02-13,36.07,36.75,36.01,36.70,258700,0.00,0.00,0.00
2018-02-14,36.50,37.74,36.48,37.64,455000,0.00,0.00,0.00
2018-02-15,38.18,38.43,37.66,38.40,486400,0.00,0.00,0.00
2018-02-16,38.41,38.74,38.23,38.37,286900,0.00,0.00,0.00
2018-02-20,38.08,38.75,37.85,38.33,337000,0.00,0.00,0.00
2018-02-21,38.59,39.30,38.34,38.38,348400,0.00,0.00,0.00
2018-02-22,38.71,38.75,38.18,38.31,599700,0.00,0.00,0.00
2018-02-23,38.70,38.84,38.21,38.79,282500,0.00,0.00,0.00
2018-02-26,39.09,39.68,38.95,39.59,439700,0.00,0.00,0.00
2018-02-27,39.62,39.75,38.94,38.96,257500,0.00,0.00,0.00
2018-02-28,39.03,39.12,38.23,38.23,303700,0.00,0.00,0.00
2018-03-01,38.32,38.55,37.56,38.10,389000,0.00,0.00,0.00
2018-03-02,37.33,39.06,37.30,38.98,358200,0.00,0.00,0.00
2018-03-05,38.89,39.92,38.73,39.77,421000,0.00,0.00,0.00
2018-03-06,40.14,40.23,39.73,40.15,537300,0.00,0.00,0.00
2018-03-07,39.82,40.80,39.82,40.75,492500,0.00,0.00,0.00
2018-03-08,41.04,41.20,40.75,41.12,526400,0.00,0.00,0.00
2018-03-09,41.61,42.01,41.31,41.95,666000,0.00,0.00,0.00
2018-03-12,42.23,42.32,41.87,42.03,645700,0.00,0.00,0.00
2018-03-13,42.27,42.38,41.32,41.53,524000,0.00,0.00,0.00
2018-03-14,41.76,41.87,40.93,41.24,366000,0.00,0.00,0.00
2018-03-15,41.42,41.58,40.60,40.77,295300,0.00,0.00,0.00
2018-03-16,40.84,40.92,40.56,40.58,266600,0.00,0.00,0.00
2018-03-19,40.18,40.45,39.35,39.81,475200,0.00,0.00,0.00
2018-03-20,40.13,40.14,39.68,39.89,209500,0.00,0.00,0.00
2018-03-21,39.95,40.24,39.69,39.88,252400,0.00,0.00,0.00
2018-03-22,39.27,39.71,38.75,38.75,319700,0.00,0.00,0.00
2018-03-23,38.69,38.79,37.91,37.99,420100,0.00,0.00,0.00
2018-03-26,38.70,38.99,37.74,38.79,312000,0.00,0.00,0.00
2018-03-27,39.12,39.16,36.63,36.81,615400,0.00,0.00,0.00
2018-03-28,36.52,36.69,35.45,35.88,654300,0.00,0.00,0.00
2018-03-29,36.16,36.81,35.64,36.51,352200,0.00,0.00,0.00
2018-04-02,36.19,36.44,34.95,35.33,593600,0.00,0.00,0.00
2018-04-03,35.89,36.06,35.16,35.84,332100,0.00,0.00,0.00
2018-04-04,34.87,36.76,34.76,36.70,261700,0.00,0.00,0.00
2018-04-05,37.36,37.36,36.49,36.94,323900,0.00,0.00,0.00
2018-04-06,36.60,36.99,35.66,35.92,235300,0.00,0.00,0.00
2018-04-09,36.36,36.98,36.15,36.15,187300,0.00,0.00,0.00
2018-04-10,36.84,37.51,36.65,37.31,349900,0.00,0.00,0.00
2018-04-11,37.18,38.04,37.01,37.46,192000,0.00,0.00,0.00
2018-04-12,37.90,38.12,37.66,37.87,257200,0.00,0.00,0.00
2018-04-13,38.19,38.29,37.31,37.61,232900,0.00,0.00,0.00
2018-04-16,37.89,37.89,37.40,37.59,188200,0.00,0.00,0.00
2018-04-17,37.96,38.75,37.83,38.67,252300,0.00,0.00,0.00
2018-04-18,38.88,39.12,38.67,38.93,313900,0.00,0.00,0.00
2018-04-19,38.88,38.99,38.32,38.53,252400,0.00,0.00,0.00
2018-04-20,38.45,38.55,38.01,38.19,183500,0.00,0.00,0.00
2018-04-23,38.41,38.43,37.19,37.57,241400,0.00,0.00,0.00
2018-04-24,37.66,38.05,36.60,37.04,285900,0.00,0.00,0.00
2018-04-25,36.96,37.09,35.92,36.32,304100,0.00,0.00,0.00
2018-04-26,36.73,37.00,36.30,36.95,170800,0.00,0.00,0.00
2018-04-27,37.28,37.38,36.38,36.80,126100,0.00,0.00,0.00
2018-04-30,36.74,37.27,36.41,36.53,198700,0.00,0.00,0.00
2018-05-01,36.47,37.04,36.40,36.98,120800,0.00,0.00,0.00
2018-05-02,36.90,37.34,36.58,36.96,162900,0.00,0.00,0.00
2018-05-03,36.70,36.87,36.04,36.72,216300,0.00,0.00,0.00
2018-05-04,36.41,37.48,36.37,37.30,117200,0.00,0.00,0.00
2018-05-07,37.56,38.43,37.56,38.27,246200,0.00,0.00,0.00
2018-05-08,38.17,38.59,38.04,38.59,220700,0.00,0.00,0.00
2018-05-09,38.72,39.61,38.65,39.57,277900,0.00,0.00,0.00
2018-05-10,39.80,40.21,39.72,39.88,282900,0.00,0.00,0.00
2018-05-11,39.84,40.09,39.65,40.07,214900,0.00,0.00,0.00
2018-05-14,40.18,40.75,39.99,40.14,262600,0.00,0.00,0.00
2018-05-15,39.86,40.01,39.55,39.93,264800,0.00,0.00,0.00
2018-05-16,39.88,40.43,39.77,40.25,205400,0.00,0.00,0.00
2018-05-17,40.16,40.61,40.00,40.31,276500,0.00,0.00,0.00
2018-05-18,40.25,40.32,39.78,39.83,225200,0.00,0.00,0.00
2018-05-21,40.18,40.35,39.70,39.94,298200,0.00,0.00,0.00
2018-05-22,40.18,40.27,39.90,40.06,242100,0.00,0.00,0.00
2018-05-23,39.86,40.50,39.72,40.50,407900,0.00,0.00,0.00
2018-05-24,40.45,40.65,40.18,40.42,275400,0.00,0.00,0.00
2018-05-25,40.42,40.57,40.27,40.36,184000,0.00,0.00,0.00
2018-05-29,40.18,40.47,39.81,40.25,197700,0.00,0.00,0.00
2018-05-30,40.36,40.89,40.36,40.81,387600,0.00,0.00,0.00
2018-05-31,40.68,41.06,40.30,40.63,249600,0.00,0.00,0.00
2018-06-01,40.97,41.18,40.72,40.90,304800,0.00,0.00,0.00
2018-06-04,41.14,41.63,40.86,41.60,473500,0.00,0.00,0.00
2018-06-05,41.75,42.19,41.73,42.14,274700,0.00,0.00,0.00
2018-06-06,42.30,42.91,42.30,42.87,492700,0.00,0.00,0.00
2018-06-07,43.01,43.16,42.14,42.46,444800,0.00,0.00,0.00
2018-06-08,42.23,42.77,42.15,42.71,247800,0.00,0.00,0.00
2018-06-11,42.84,43.28,42.54,42.78,374400,0.00,0.00,0.00
2018-06-12,43.03,43.57,43.03,43.15,434600,0.00,0.00,0.00
2018-06-13,43.29,43.74,43.15,43.36,436500,0.00,0.00,0.00
2018-06-14,43.65,44.18,43.53,44.17,510600,0.00,0.00,0.00
2018-06-15,43.97,44.23,43.69,44.18,321600,0.00,0.00,0.00
2018-06-18,43.84,44.72,43.78,44.72,438700,0.00,0.00,0.00
2018-06-19,44.14,44.37,43.27,44.32,749600,0.00,0.00,0.00
2018-06-20,44.70,45.25,44.68,45.20,590400,0.00,0.00,0.00
2018-06-21,45.20,45.39,43.98,44.13,697400,0.00,0.00,0.00
2018-06-22,44.34,44.34,43.43,43.56,431000,0.00,0.00,0.00
2018-06-25,43.19,43.34,42.05,42.32,676700,0.00,0.00,0.00
2018-06-26,42.53,42.94,42.10,42.77,519600,0.00,0.00,0.00
2018-06-27,43.01,43.16,41.54,41.54,560700,0.00,0.00,0.00
2018-06-28,41.54,42.10,41.17,42.03,255100,0.00,0.00,0.00
2018-06-29,42.33,42.42,42.03,42.03,317200,0.00,0.00,0.00
2018-07-02,41.85,42.61,41.65,42.61,279200,0.00,0.00,0.00
2018-07-03,42.84,42.89,42.18,42.19,140000,0.00,0.00,0.00
2018-07-05,42.55,42.78,42.05,42.77,235000,0.00,0.00,0.00
2018-07-06,42.85,43.73,42.70,43.64,302300,0.00,0.00,0.00
2018-07-09,44.16,44.20,43.49,44.08,565800,0.00,0.00,0.00
2018-07-10,44.25,44.26,43.64,43.89,371500,0.00,0.00,0.00
2018-07-11,43.39,43.92,43.03,43.85,213100,0.00,0.00,0.00
2018-07-12,44.17,44.63,44.03,44.62,321500,0.00,0.00,0.00
2018-07-13,44.70,44.81,44.16,44.61,327100,0.00,0.00,0.00
2018-07-16,44.62,44.62,43.74,43.87,293200,0.00,0.00,0.00
2018-07-17,43.58,44.48,43.30,44.34,247500,0.00,0.00,0.00
2018-07-18,44.40,44.40,43.72,44.21,231400,0.00,0.00,0.00
2018-07-19,44.09,44.52,43.85,44.42,350900,0.00,0.00,0.00
2018-07-20,44.45,44.57,44.17,44.17,196300,0.00,0.00,0.00
2018-07-23,44.06,44.27,43.56,44.03,211000,0.00,0.00,0.00
2018-07-24,44.40,44.50,42.59,42.88,501900,0.00,0.00,0.00
2018-07-25,42.85,43.79,42.85,43.79,345700,0.00,0.00,0.00
2018-07-26,43.49,43.82,43.11,43.46,257900,0.00,0.00,0.00
2018-07-27,43.45,43.45,41.46,41.79,504900,0.00,0.00,0.00
2018-07-30,41.80,41.80,40.66,40.75,507300,0.00,0.00,0.00
2018-07-31,41.05,41.85,40.73,41.63,212400,0.00,0.00,0.00
2018-08-01,41.73,42.18,41.45,41.80,276200,0.00,0.00,0.00
2018-08-02,41.84,42.93,41.71,42.87,500700,0.00,0.00,0.00
2018-08-03,43.05,43.11,42.47,42.49,250500,0.00,0.00,0.00
2018-08-06,42.59,43.01,42.44,42.93,320900,0.00,0.00,0.00
2018-08-07,43.08,43.63,42.89,43.55,774600,0.00,0.00,0.00
2018-08-08,43.80,43.84,43.47,43.60,333200,0.00,0.00,0.00
2018-08-09,43.60,44.25,43.42,43.75,200900,0.00,0.00,0.00
2018-08-10,43.32,43.93,42.62,43.86,249300,0.00,0.00,0.00
2018-08-13,43.96,44.02,43.40,43.56,212100,0.00,0.00,0.00
2018-08-14,43.78,43.95,43.46,43.81,253300,0.00,0.00,0.00
2018-08-15,43.26,43.50,42.50,42.91,354400,0.00,0.00,0.00
2018-08-16,43.10,43.67,43.09,43.36,220200,0.00,0.00,0.00
2018-08-17,43.22,43.22,42.41,42.83,291400,0.00,0.00,0.00
2018-08-20,42.75,43.36,42.47,43.34,167500,0.00,0.00,0.00
2018-08-21,43.39,44.39,43.39,44.27,358700,0.00,0.00,0.00
2018-08-22,44.07,44.51,44.05,44.31,231800,0.00,0.00,0.00
2018-08-23,44.46,44.74,44.05,44.24,242200,0.00,0.00,0.00
2018-08-24,44.45,44.98,44.45,44.91,336400,0.00,0.00,0.00
2018-08-27,45.22,45.68,44.98,45.68,367500,0.00,0.00,0.00
2018-08-28,45.79,45.91,45.46,45.78,233600,0.00,0.00,0.00
2018-08-29,45.91,46.51,45.63,46.38,435800,0.00,0.00,0.00
2018-08-30,46.22,46.57,45.95,46.35,235900,0.00,0.00,0.00
2018-08-31,46.24,46.60,46.23,46.45,322800,0.00,0.00,0.00
2018-09-04,46.19,46.26,45.51,45.95,317600,0.00,0.00,0.00
2018-09-05,45.80,45.80,44.44,44.85,474200,0.00,0.00,0.00
2018-09-06,45.02,45.09,43.81,43.96,443100,0.00,0.00,0.00
2018-09-07,43.55,44.25,43.16,43.67,410400,0.00,0.00,0.00
2018-09-10,43.92,43.93,43.36,43.79,227800,0.00,0.00,0.00
2018-09-11,43.52,44.37,43.36,44.32,200600,0.00,0.00,0.00
2018-09-12,44.31,44.54,43.65,44.46,230100,0.00,0.00,0.00
2018-09-13,44.85,45.26,44.57,44.80,271000,0.00,0.00,0.00
2018-09-14,44.90,45.42,44.70,45.08,258900,0.00,0.00,0.00
2018-09-17,44.94,45.17,44.16,44.18,327500,0.00,0.00,0.00
2018-09-18,44.25,45.15,44.25,44.99,297400,0.00,0.00,0.00
2018-09-19,44.97,45.14,44.61,44.96,214100,0.00,0.00,0.00
2018-09-20,45.14,45.47,44.79,45.17,224600,0.00,0.00,0.00
2018-09-21,45.51,45.51,44.04,44.07,305300,0.00,0.00,0.00
2018-09-24,43.69,44.26,43.52,44.23,204700,0.00,0.00,0.00
2018-09-25,44.36,44.74,44.27,44.64,196200,0.00,0.00,0.00
2018-09-26,44.82,45.14,44.61,44.68,191000,0.00,0.00,0.00
2018-09-27,44.97,45.17,44.83,45.05,216200,0.00,0.00,0.00
2018-09-28,44.32,44.67,44.13,44.24,278300,0.00,0.00,0.00
2018-10-01,45.18,45.31,44.16,44.31,252600,0.00,0.00,0.00
2018-10-02,44.34,44.36,42.94,43.17,762900,0.00,0.00,0.00
2018-10-03,43.48,43.55,42.95,43.25,295900,0.00,0.00,0.00
2018-10-04,43.23,43.23,41.54,41.89,399700,0.00,0.00,0.00
2018-10-05,41.76,42.11,40.34,41.10,459800,0.00,0.00,0.00
2018-10-08,40.89,41.19,39.76,40.33,534200,0.00,0.00,0.00
2018-10-09,40.28,40.95,40.22,40.52,640800,0.00,0.00,0.00
2018-10-10,40.24,40.42,38.37,38.41,775300,0.00,0.00,0.00
2018-10-11,38.37,39.02,37.69,38.04,1026800,0.00,0.00,0.00
2018-10-12,39.38,39.50,38.42,39.27,391300,0.00,0.00,0.00
2018-10-15,39.04,39.27,38.36,38.91,194000,0.00,0.00,0.00
2018-10-16,39.39,40.88,39.20,40.77,372400,0.00,0.00,0.00
2018-10-17,41.02,41.12,39.90,40.53,296500,0.00,0.00,0.00
2018-10-18,40.31,40.32,39.06,39.34,254600,0.00,0.00,0.00
2018-10-19,39.54,40.02,38.52,38.61,251400,0.00,0.00,0.00
2018-10-22,38.89,39.10,38.16,38.73,216000,0.00,0.00,0.00
2018-10-23,37.83,39.35,37.56,39.03,406900,0.00,0.00,0.00
2018-10-24,39.15,39.25,36.81,36.81,304400,0.00,0.00,0.00
2018-10-25,37.88,38.94,37.71,38.53,484500,0.00,0.00,0.00
2018-10-26,37.36,39.03,37.25,38.22,327700,0.00,0.00,0.00
2018-10-29,39.22,39.43,37.15,37.84,254500,0.00,0.00,0.00
2018-10-30,37.56,38.90,37.47,38.80,507400,0.00,0.00,0.00
2018-10-31,39.51,40.33,39.51,39.79,327600,0.00,0.00,0.00
2018-11-01,40.35,41.87,40.31,41.79,450700,0.00,0.00,0.00
2018-11-02,42.42,42.91,41.96,42.50,528500,0.00,0.00,0.00
2018-11-05,42.54,42.54,41.23,41.89,246900,0.00,0.00,0.00
2018-11-06,41.89,42.25,41.59,41.89,310500,0.00,0.00,0.00
2018-11-07,42.37,43.05,42.05,42.95,472400,0.00,0.00,0.00
2018-11-08,42.89,43.19,41.99,42.28,322200,0.00,0.00,0.00
2018-11-09,41.75,41.97,41.03,41.47,373800,0.00,0.00,0.00
2018-11-12,41.24,41.29,39.55,39.96,365200,0.00,0.00,0.00
2018-11-13,40.20,41.00,39.88,40.29,181400,0.00,0.00,0.00
2018-11-14,40.77,41.11,39.61,39.80,180800,0.00,0.00,0.00
2018-11-15,39.60,41.03,39.52,40.97,278500,0.00,0.00,0.00
2018-11-16,40.33,40.96,40.09,40.81,123700,0.00,0.00,0.00
2018-11-19,40.62,40.65,38.74,38.86,380700,0.00,0.00,0.00
2018-11-20,37.54,38.81,37.28,38.15,506300,0.00,0.00,0.00
2018-11-21,38.74,39.16,38.51,39.01,135700,0.00,0.00,0.00
2018-11-23,38.55,39.44,38.55,38.98,42400,0.00,0.00,0.00
2018-11-26,39.58,40.25,39.51,40.14,269900,0.00,0.00,0.00
2018-11-27,39.89,40.13,39.56,39.75,143900,0.00,0.00,0.00
2018-11-28,40.25,41.30,39.70,41.29,308400,0.00,0.00,0.00
2018-11-29,41.11,41.57,40.55,41.17,157400,0.00,0.00,0.00
2018-11-30,41.18,41.56,40.76,41.54,118300,0.00,0.00,0.00
2018-12-03,42.99,42.99,42.09,42.55,381100,0.00,0.00,0.00
2018-12-04,42.33,42.56,40.38,40.44,263000,0.00,0.00,0.00
2018-12-06,39.37,40.74,39.28,40.69,406700,0.00,0.00,0.00
2018-12-07,40.74,40.98,39.18,39.34,188800,0.00,0.00,0.00
2018-12-10,39.20,39.90,38.75,39.75,230400,0.00,0.00,0.00
2018-12-11,40.46,40.46,39.33,39.68,309600,0.00,0.00,0.00
2018-12-12,40.30,41.17,40.16,40.47,471300,0.00,0.00,0.00
2018-12-13,40.74,40.74,39.68,39.85,275800,0.00,0.00,0.00
2018-12-14,39.23,39.87,38.83,39.03,222000,0.00,0.00,0.00
2018-12-17,38.74,38.92,37.08,37.31,503400,0.00,0.00,0.00
2018-12-18,37.70,37.99,36.91,37.28,299500,0.00,0.00,0.00
2018-12-19,37.38,38.08,36.18,36.71,399000,0.00,0.00,0.00
2018-12-20,36.37,36.73,34.74,35.34,842200,0.00,0.00,0.00
2018-12-21,35.53,35.53,33.33,33.50,737600,0.00,0.00,0.00
2018-12-24,33.11,33.72,32.61,33.03,425800,0.00,0.00,0.00
2018-12-26,33.29,35.13,32.99,35.06,959700,0.00,0.00,0.00
2018-12-27,34.81,35.11,33.52,35.11,525200,1.17,0.00,0.00
2018-12-28,35.33,36.08,34.76,35.47,939300,0.00,0.00,0.00
2018-12-31,35.69,35.99,35.34,35.87,645300,0.00,0.00,0.00
2019-01-02,34.98,36.24,34.95,36.09,232200,0.00,0.00,0.00
2019-01-03,35.69,35.82,34.64,34.91,256100,0.00,0.00,0.00
2019-01-04,35.59,37.19,35.55,37.07,317400,0.00,0.00,0.00
2019-01-07,37.30,38.90,37.03,38.68,524500,0.00,0.00,0.00
2019-01-08,39.27,39.38,37.91,38.79,461700,0.00,0.00,0.00
2019-01-09,38.97,40.27,38.88,40.01,797800,0.00,0.00,0.00
2019-01-10,39.74,40.22,39.07,40.21,335100,0.00,0.00,0.00
2019-01-11,39.82,40.40,39.70,40.30,312500,0.00,0.00,0.00
2019-01-14,39.74,40.02,39.45,39.58,257100,0.00,0.00,0.00
2019-01-15,39.95,40.82,39.95,40.78,591500,0.00,0.00,0.00
2019-01-16,40.83,41.49,40.73,40.81,344600,0.00,0.00,0.00
2019-01-17,40.71,41.49,40.58,41.13,301500,0.00,0.00,0.00
2019-01-18,41.33,41.61,40.90,41.28,490700,0.00,0.00,0.00
2019-01-22,40.63,40.63,39.44,39.65,417000,0.00,0.00,0.00
2019-01-23,39.84,40.05,38.90,39.26,288700,0.00,0.00,0.00
2019-01-24,39.32,40.12,39.32,40.11,287200,0.00,0.00,0.00
2019-01-25,40.47,41.13,40.23,41.06,242300,0.00,0.00,0.00
2019-01-28,40.28,40.40,39.70,40.20,282700,0.00,0.00,0.00
2019-01-29,40.28,40.36,39.67,39.79,231000,0.00,0.00,0.00
2019-01-30,40.27,40.95,39.81,40.77,327400,0.00,0.00,0.00
2019-01-31,40.75,41.71,40.61,41.52,401100,0.00,0.00,0.00
2019-02-01,41.49,41.97,41.22,41.58,247800,0.00,0.00,0.00
2019-02-04,41.52,42.25,41.34,42.25,276400,0.00,0.00,0.00
2019-02-05,42.36,42.78,42.10,42.36,292600,0.00,0.00,0.00
2019-02-06,42.31,42.63,42.01,42.40,306600,0.00,0.00,0.00
2019-02-07,41.83,41.90,40.63,40.98,373700,0.00,0.00,0.00
2019-02-08,40.66,41.51,40.64,41.47,292800,0.00,0.00,0.00
2019-02-11,41.63,42.18,41.61,41.88,185800,0.00,0.00,0.00
2019-02-12,42.22,42.72,42.04,42.68,314400,0.00,0.00,0.00
2019-02-13,42.87,43.20,42.74,42.96,432800,0.00,0.00,0.00
2019-02-14,42.84,43.14,42.61,43.08,331800,0.00,0.00,0.00
2019-02-15,43.52,43.59,43.31,43.59,208600,0.00,0.00,0.00
2019-02-19,43.41,43.89,43.40,43.62,299400,0.00,0.00,0.00
2019-02-20,43.70,44.25,43.68,43.97,328800,0.00,0.00,0.00
2019-02-21,43.90,43.96,42.91,43.12,701900,0.00,0.00,0.00
2019-02-22,43.51,44.16,43.42,44.15,245500,0.00,0.00,0.00
2019-02-25,44.81,45.18,44.51,44.75,357800,0.00,0.00,0.00
2019-02-26,44.64,44.74,44.34,44.41,185600,0.00,0.00,0.00
2019-02-27,44.29,45.17,44.17,45.06,317200,0.00,0.00,0.00
2019-02-28,44.93,45.10,44.42,44.91,248000,0.00,0.00,0.00
2019-03-01,45.19,45.23,44.75,45.14,283600,0.00,0.00,0.00
2019-03-04,45.52,45.57,43.89,44.59,326800,0.00,0.00,0.00
2019-03-05,44.54,45.03,44.03,44.72,395400,0.00,0.00,0.00
2019-03-06,44.72,44.72,43.66,43.75,482800,0.00,0.00,0.00
2019-03-07,43.49,43.64,42.70,42.99,356800,0.00,0.00,0.00
2019-03-08,42.27,43.32,41.84,43.27,304900,0.00,0.00,0.00
2019-03-11,43.54,44.77,43.40,44.77,461600,0.00,0.00,0.00
2019-03-12,44.85,45.11,44.40,44.90,461900,0.00,0.00,0.00
2019-03-13,45.08,45.47,44.90,45.28,498200,0.00,0.00,0.00
2019-03-14,45.30,45.40,44.88,44.99,227600,0.00,0.00,0.00
2019-03-15,45.11,45.58,44.95,45.32,388400,0.00,0.00,0.00
2019-03-18,45.33,45.74,44.75,45.19,289900,0.00,0.00,0.00
2019-03-19,45.35,45.58,45.00,45.31,349300,0.00,0.00,0.00
2019-03-20,45.27,45.80,44.85,45.43,283300,0.00,0.00,0.00
2019-03-21,45.15,46.44,45.10,46.37,354000,0.00,0.00,0.00
2019-03-22,46.12,46.25,44.41,44.42,555800,0.00,0.00,0.00
2019-03-25,44.20,44.59,43.61,44.32,611800,0.00,0.00,0.00
2019-03-26,44.85,44.99,44.18,44.51,329200,0.00,0.00,0.00
2019-03-27,44.50,44.74,43.33,44.03,653400,0.00,0.00,0.00
2019-03-28,44.15,44.62,43.87,44.50,205700,0.00,0.00,0.00
2019-03-29,44.93,45.17,44.57,45.07,242400,0.00,0.00,0.00
2019-04-01,45.64,45.84,45.41,45.75,326700,0.00,0.00,0.00
2019-04-02,45.80,46.16,45.55,46.12,283100,0.00,0.00,0.00
2019-04-03,46.48,47.34,46.39,47.05,449800,0.00,0.00,0.00
2019-04-04,46.66,46.74,45.83,46.42,366100,0.00,0.00,0.00
2019-04-05,46.59,47.20,46.48,47.18,255600,0.00,0.00,0.00
2019-04-08,47.05,47.24,46.75,47.08,266400,0.00,0.00,0.00
2019-04-09,46.93,47.12,46.51,46.59,314700,0.00,0.00,0.00
2019-04-10,46.70,47.24,46.54,47.24,300500,0.00,0.00,0.00
2019-04-11,47.20,47.20,46.50,46.64,339000,0.00,0.00,0.00
2019-04-12,47.05,47.12,46.64,46.74,329900,0.00,0.00,0.00
2019-04-15,46.78,46.84,45.78,46.25,443800,0.00,0.00,0.00
2019-04-16,46.53,46.82,46.39,46.57,352800,0.00,0.00,0.00
2019-04-17,46.94,46.98,45.20,45.38,433800,0.00,0.00,0.00
2019-04-18,45.44,45.63,44.77,45.42,330800,0.00,0.00,0.00
2019-04-22,45.30,45.64,45.18,45.57,246700,0.00,0.00,0.00
2019-04-23,45.77,46.87,45.73,46.71,337500,0.00,0.00,0.00
2019-04-24,46.78,46.78,46.28,46.31,338800,0.00,0.00,0.00
2019-04-25,46.12,46.30,45.55,45.89,422300,0.00,0.00,0.00
2019-04-26,45.90,46.00,45.41,46.00,227500,0.00,0.00,0.00
2019-04-29,46.03,46.53,46.01,46.10,221300,0.00,0.00,0.00
2019-04-30,46.11,46.31,45.30,45.55,380700,0.00,0.00,0.00
2019-05-01,45.82,46.02,45.12,45.12,504100,0.00,0.00,0.00
2019-05-02,45.26,45.43,44.50,45.34,417400,0.00,0.00,0.00
2019-05-03,45.76,46.67,45.55,46.67,311600,0.00,0.00,0.00
2019-05-06,45.39,47.12,45.21,47.09,388500,0.00,0.00,0.00
2019-05-07,46.57,46.77,45.24,45.62,457700,0.00,0.00,0.00
2019-05-08,44.92,45.27,44.43,44.78,330400,0.00,0.00,0.00
2019-05-09,44.19,44.60,43.32,44.40,413400,0.00,0.00,0.00
2019-05-10,44.17,44.79,43.46,44.60,276000,0.00,0.00,0.00
2019-05-13,43.24,43.50,42.08,42.14,694300,0.00,0.00,0.00
2019-05-14,42.49,43.27,42.36,42.95,288500,0.00,0.00,0.00
2019-05-15,42.61,43.48,42.44,43.47,312100,0.00,0.00,0.00
2019-05-16,43.55,43.90,43.50,43.67,432400,0.00,0.00,0.00
2019-05-17,42.90,43.19,42.31,42.40,294900,0.00,0.00,0.00
2019-05-20,41.65,41.98,41.34,41.41,485700,0.00,0.00,0.00
2019-05-21,41.74,42.39,41.70,42.34,311900,0.00,0.00,0.00
2019-05-22,42.01,42.36,41.67,41.70,509500,0.00,0.00,0.00
2019-05-23,41.08,41.28,40.19,40.55,511800,0.00,0.00,0.00
2019-05-24,40.95,41.04,40.43,40.65,295700,0.00,0.00,0.00
2019-05-28,40.79,41.07,40.36,40.40,273100,0.00,0.00,0.00
2019-05-29,40.10,40.33,39.72,40.05,505200,0.00,0.00,0.00
2019-05-30,40.25,40.63,40.00,40.33,200400,0.00,0.00,0.00
2019-05-31,39.65,39.77,39.23,39.29,340800,0.00,0.00,0.00
2019-06-03,39.29,39.54,38.47,38.72,482800,0.00,0.00,0.00
2019-06-04,39.39,40.36,39.08,40.32,320400,0.00,0.00,0.00
2019-06-05,40.83,40.86,40.16,40.62,551700,0.00,0.00,0.00
2019-06-06,40.82,40.87,40.34,40.64,725600,0.00,0.00,0.00
2019-06-07,40.97,41.77,40.97,41.68,236800,0.00,0.00,0.00
2019-06-10,42.00,42.74,42.00,42.07,278900,0.00,0.00,0.00
2019-06-11,42.67,42.75,41.35,41.76,281500,0.00,0.00,0.00
2019-06-12,41.73,41.91,41.28,41.62,188900,0.00,0.00,0.00
2019-06-13,41.77,42.13,41.61,42.13,197600,0.00,0.00,0.00
2019-06-14,41.91,42.05,41.45,41.54,257900,0.00,0.00,0.00
2019-06-17,41.64,43.05,41.62,42.84,208400,0.00,0.00,0.00
2019-06-18,43.39,43.93,43.26,43.51,467700,0.00,0.00,0.00
2019-06-19,43.67,43.75,43.23,43.67,191200,0.00,0.00,0.00
2019-06-20,44.26,44.39,43.43,43.72,208700,0.00,0.00,0.00
2019-06-21,43.59,43.86,42.95,43.83,282500,0.00,0.00,0.00
2019-06-24,43.94,44.03,43.17,43.20,227400,0.00,0.00,0.00
2019-06-25,43.25,43.50,42.73,42.88,227700,0.00,0.00,0.00
2019-06-26,43.29,43.46,42.96,43.11,235500,0.00,0.00,0.00
2019-06-27,43.24,44.21,43.24,44.20,277500,0.00,0.00,0.00
2019-06-28,44.31,46.35,44.20,46.28,480600,0.00,0.00,0.00
2019-07-01,47.03,47.11,46.12,46.22,412100,0.00,0.00,0.00
2019-07-02,46.27,46.30,45.44,45.76,228300,0.00,0.00,0.00
2019-07-03,46.35,46.36,45.95,46.36,149200,0.00,0.00,0.00
2019-07-05,46.05,46.24,45.61,46.11,147100,0.00,0.00,0.00
2019-07-08,45.89,45.91,45.43,45.67,296300,0.00,0.00,0.00
2019-07-09,45.41,46.54,45.41,46.54,235900,0.00,0.00,0.00
2019-07-10,46.86,47.21,46.60,46.86,173800,0.00,0.00,0.00
2019-07-11,46.92,47.11,46.45,46.89,153600,0.00,0.00,0.00
2019-07-12,46.69,46.86,46.39,46.74,196700,0.00,0.00,0.00
2019-07-15,46.88,46.97,46.47,46.94,129300,0.00,0.00,0.00
2019-07-16,46.87,46.87,46.35,46.66,114900,0.00,0.00,0.00
2019-07-17,46.66,47.18,46.47,46.88,131700,0.00,0.00,0.00
2019-07-18,46.68,47.10,46.64,47.10,132400,0.00,0.00,0.00
2019-07-19,47.25,47.30,46.57,46.58,188300,0.00,0.00,0.00
2019-07-22,46.79,47.11,46.68,47.01,202000,0.00,0.00,0.00
2019-07-23,47.22,47.22,46.77,47.17,134100,0.00,0.00,0.00
2019-07-24,47.19,48.15,47.00,48.15,263900,0.00,0.00,0.00
2019-07-25,47.36,47.36,46.51,46.55,286300,0.00,0.00,0.00
2019-07-26,46.76,47.64,46.68,47.60,154500,0.00,0.00,0.00
2019-07-29,47.50,47.60,46.53,47.39,215800,0.00,0.00,0.00
2019-07-30,46.89,47.85,46.77,47.85,239800,0.00,0.00,0.00
2019-07-31,47.47,47.74,46.12,46.74,256100,0.00,0.00,0.00
2019-08-01,46.74,47.02,45.30,46.03,322200,0.00,0.00,0.00
2019-08-02,45.33,45.54,44.09,44.48,354300,0.00,0.00,0.00
2019-08-05,43.38,43.47,42.03,42.59,862300,0.00,0.00,0.00
2019-08-06,43.04,43.39,42.22,42.98,471300,0.00,0.00,0.00
2019-08-07,42.64,43.54,42.44,43.53,436900,0.00,0.00,0.00
2019-08-08,43.69,44.32,43.40,44.26,394500,0.00,0.00,0.00
2019-08-09,44.16,44.29,43.28,43.67,182500,0.00,0.00,0.00
2019-08-12,43.36,43.42,42.64,42.76,264200,0.00,0.00,0.00
2019-08-13,42.66,43.84,42.44,43.63,294300,0.00,0.00,0.00
2019-08-14,42.75,42.95,41.79,42.09,366100,0.00,0.00,0.00
2019-08-15,42.33,42.33,41.60,42.02,344900,0.00,0.00,0.00
2019-08-16,42.51,43.17,42.51,43.11,270700,0.00,0.00,0.00
2019-08-19,43.84,43.97,43.50,43.94,281100,0.00,0.00,0.00
2019-08-20,43.93,43.93,43.50,43.66,177600,0.00,0.00,0.00
2019-08-21,44.05,44.25,43.72,44.04,249200,0.00,0.00,0.00
2019-08-22,44.05,44.12,43.10,43.40,127500,0.00,0.00,0.00
2019-08-23,43.11,43.55,41.82,41.97,243600,0.00,0.00,0.00
2019-08-26,42.50,42.50,41.80,42.24,426400,0.00,0.00,0.00
2019-08-27,42.48,42.54,41.28,41.59,227900,0.00,0.00,0.00
2019-08-28,41.42,42.00,41.14,41.84,344300,0.00,0.00,0.00
2019-08-29,42.45,42.68,42.24,42.61,203300,0.00,0.00,0.00
2019-08-30,43.07,43.25,42.37,42.75,202000,0.00,0.00,0.00
2019-09-03,42.39,42.88,41.55,41.74,308800,0.00,0.00,0.00
2019-09-04,42.17,42.23,41.59,41.80,187500,0.00,0.00,0.00
2019-09-05,42.33,42.70,41.92,42.48,207900,0.00,0.00,0.00
2019-09-06,42.52,42.76,42.23,42.38,115500,0.00,0.00,0.00
2019-09-09,42.54,42.63,41.98,42.26,201100,0.00,0.00,0.00
2019-09-10,41.99,42.89,41.79,42.78,231200,0.00,0.00,0.00
2019-09-11,42.94,43.95,42.88,43.93,393600,0.00,0.00,0.00
2019-09-12,44.09,44.26,43.66,43.89,269400,0.00,0.00,0.00
2019-09-13,43.99,44.09,43.60,43.65,254000,0.00,0.00,0.00
2019-09-16,43.22,43.88,43.21,43.79,176600,0.00,0.00,0.00
2019-09-17,43.74,43.89,43.55,43.89,194100,0.00,0.00,0.00
2019-09-18,43.89,43.94,42.89,43.44,176200,0.00,0.00,0.00
2019-09-19,43.51,43.86,43.19,43.26,170400,0.00,0.00,0.00
2019-09-20,43.36,43.40,42.68,43.15,237300,0.00,0.00,0.00
2019-09-23,43.05,43.25,42.87,42.96,141400,0.00,0.00,0.00
2019-09-24,43.16,43.31,41.13,41.51,367900,0.00,0.00,0.00
2019-09-25,41.42,41.72,40.82,41.61,268900,0.00,0.00,0.00
2019-09-26,41.68,41.75,41.04,41.54,154700,0.00,0.00,0.00
2019-09-27,41.63,42.01,40.78,41.13,308800,0.00,0.00,0.00
2019-09-30,41.22,41.54,40.90,41.37,284800,0.00,0.00,0.00
2019-10-01,41.61,41.81,40.38,40.41,280700,0.00,0.00,0.00
2019-10-02,40.12,40.12,39.37,39.81,699400,0.00,0.00,0.00
2019-10-03,39.60,40.14,38.70,40.06,337700,0.00,0.00,0.00
2019-10-04,40.16,40.51,39.83,40.48,231700,0.00,0.00,0.00
2019-10-07,40.32,40.89,40.21,40.54,171100,0.00,0.00,0.00
2019-10-08,40.16,40.16,39.17,39.18,287400,0.00,0.00,0.00
2019-10-09,39.60,39.91,39.38,39.73,133100,0.00,0.00,0.00
2019-10-10,39.80,40.17,39.56,39.82,246000,0.00,0.00,0.00
2019-10-11,40.45,41.01,40.41,40.44,242600,0.00,0.00,0.00
2019-10-14,40.38,40.95,40.25,40.76,164200,0.00,0.00,0.00
2019-10-15,40.99,41.76,40.94,41.62,175500,0.00,0.00,0.00
2019-10-16,41.47,41.55,41.18,41.28,188400,0.00,0.00,0.00
2019-10-17,41.36,41.56,41.25,41.36,154200,0.00,0.00,0.00
2019-10-18,41.31,41.34,40.04,40.44,161500,0.00,0.00,0.00
2019-10-21,40.73,41.07,40.45,40.91,151100,0.00,0.00,0.00
2019-10-22,41.12,41.22,40.40,40.44,186700,0.00,0.00,0.00
2019-10-23,40.41,40.70,40.18,40.28,142200,0.00,0.00,0.00
2019-10-24,41.04,41.22,40.69,41.14,239600,0.00,0.00,0.00
2019-10-25,40.95,42.04,40.70,41.98,176500,0.00,0.00,0.00
2019-10-28,42.19,43.17,42.19,43.06,239400,0.00,0.00,0.00
2019-10-29,42.90,43.07,42.61,42.75,401500,0.00,0.00,0.00
2019-10-30,42.75,42.81,42.39,42.80,178200,0.00,0.00,0.00
2019-10-31,42.71,43.08,42.29,42.66,157000,0.00,0.00,0.00
2019-11-01,43.02,43.64,42.83,43.63,354000,0.00,0.00,0.00
2019-11-04,44.01,44.21,43.61,43.87,125100,0.00,0.00,0.00
2019-11-05,44.00,44.29,43.75,43.78,222500,0.00,0.00,0.00
2019-11-06,43.79,43.79,43.46,43.62,260600,0.00,0.00,0.00
2019-11-07,43.94,44.27,43.53,43.61,236500,0.00,0.00,0.00
2019-11-08,43.57,44.22,43.46,44.22,132700,0.00,0.00,0.00
2019-11-11,43.94,44.74,43.89,44.68,136100,0.00,0.00,0.00
2019-11-12,44.82,45.24,44.66,45.00,140500,0.00,0.00,0.00
2019-11-13,44.80,44.99,44.52,44.73,159300,0.00,0.00,0.00
2019-11-14,44.67,45.07,44.67,44.91,132000,0.00,0.00,0.00
2019-11-15,45.32,45.80,45.20,45.72,270400,0.00,0.00,0.00
2019-11-18,45.73,45.82,45.34,45.72,242000,0.00,0.00,0.00
2019-11-19,46.02,46.98,46.02,46.73,232900,0.00,0.00,0.00
2019-11-20,46.44,47.06,46.06,46.71,213200,0.00,0.00,0.00
2019-11-21,46.69,46.83,46.30,46.44,145800,0.00,0.00,0.00
2019-11-22,46.55,46.70,46.30,46.70,196700,0.00,0.00,0.00
2019-11-25,47.16,47.99,47.02,47.91,205000,0.00,0.00,0.00
2019-11-26,48.21,48.35,47.94,48.23,168700,0.00,0.00,0.00
2019-11-27,48.52,48.68,48.19,48.45,130700,0.00,0.00,0.00
2019-11-29,48.24,48.66,48.24,48.64,75400,0.00,0.00,0.00
2019-12-02,48.54,48.64,46.99,47.22,207100,0.00,0.00,0.00
2019-12-03,46.61,47.35,46.42,47.35,187400,0.00,0.00,0.00
2019-12-04,47.69,47.70,47.35,47.45,131900,0.00,0.00,0.00
2019-12-05,47.51,47.51,46.92,47.22,222700,0.00,0.00,0.00
2019-12-06,47.79,47.83,47.57,47.71,126200,0.00,0.00,0.00
2019-12-09,47.74,47.96,47.27,47.31,173200,0.00,0.00,0.00
2019-12-10,47.51,47.60,47.22,47.51,182600,0.00,0.00,0.00
2019-12-11,47.70,47.70,47.16,47.23,140100,0.00,0.00,0.00
2019-12-12,47.31,47.79,47.10,47.65,147900,0.00,0.00,0.00
2019-12-13,47.65,47.98,47.23,47.36,173500,0.00,0.00,0.00
2019-12-16,48.00,48.64,47.79,48.45,250700,0.00,0.00,0.00
2019-12-17,48.45,48.61,47.94,48.40,193300,0.00,0.00,0.00
2019-12-18,48.54,49.00,48.52,48.75,241900,0.00,0.00,0.00
2019-12-19,48.88,49.19,48.77,49.07,174400,0.00,0.00,0.00
2019-12-20,49.38,49.48,49.06,49.15,345300,0.00,0.00,0.00
2019-12-23,49.44,49.91,49.11,49.76,303700,0.00,0.00,0.00
2019-12-24,49.81,49.98,49.58,49.98,84200,0.00,0.00,0.00
2019-12-26,50.03,50.17,49.84,49.93,184100,0.00,0.00,0.00
2019-12-27,50.19,50.26,49.37,49.51,175800,0.19,0.00,0.00
2019-12-30,49.43,49.53,48.00,48.15,307100,0.00,0.00,0.00
2019-12-31,47.91,48.63,47.78,48.45,192700,0.00,0.00,0.00
2020-01-02,49.03,49.03,48.31,48.89,248400,0.00,0.00,0.00
2020-01-03,48.15,48.84,48.15,48.53,264100,0.00,0.00,0.00
2020-01-06,47.94,48.95,47.85,48.91,297000,0.00,0.00,0.00
2020-01-07,49.04,49.67,48.92,49.51,230000,0.00,0.00,0.00
2020-01-08,49.48,50.84,49.48,50.62,378800,0.00,0.00,0.00
2020-01-09,51.05,51.16,50.36,50.68,290200,0.00,0.00,0.00
2020-01-10,50.86,50.86,50.21,50.31,227700,0.00,0.00,0.00
2020-01-13,50.86,51.42,50.63,51.35,345500,0.00,0.00,0.00
2020-01-14,51.48,51.99,50.88,51.56,351700,0.00,0.00,0.00
2020-01-15,51.50,52.31,51.46,51.73,335300,0.00,0.00,0.00
2020-01-16,51.94,52.29,51.62,52.29,264900,0.00,0.00,0.00
2020-01-17,52.44,52.44,51.80,51.96,337400,0.00,0.00,0.00
2020-01-21,52.08,52.31,51.73,51.88,360200,0.00,0.00,0.00
2020-01-22,52.37,52.67,52.04,52.12,357700,0.00,0.00,0.00
2020-01-23,52.06,52.27,51.38,52.08,266200,0.00,0.00,0.00
2020-01-24,52.24,52.43,50.74,51.12,358700,0.00,0.00,0.00
2020-01-27,49.57,50.53,49.37,50.20,476800,0.00,0.00,0.00
2020-01-28,50.63,51.20,50.48,51.14,278300,0.00,0.00,0.00
2020-01-29,51.35,51.56,51.00,51.17,210000,0.00,0.00,0.00
2020-01-30,51.00,51.63,50.73,51.26,282200,0.00,0.00,0.00
2020-01-31,50.97,51.04,49.78,50.15,358900,0.00,0.00,0.00
2020-02-03,50.64,52.27,50.49,52.24,526400,0.00,0.00,0.00
2020-02-04,53.94,55.22,53.42,54.52,664200,0.00,0.00,0.00
2020-02-05,54.96,54.96,53.39,53.75,459600,0.00,0.00,0.00
2020-02-06,53.95,54.82,53.47,54.38,406800,0.00,0.00,0.00
2020-02-07,54.35,54.65,53.98,54.06,308900,0.00,0.00,0.00
2020-02-10,54.50,55.20,54.43,55.08,531600,0.00,0.00,0.00
2020-02-11,55.80,56.29,55.25,55.95,557100,0.00,0.00,0.00
2020-02-12,56.54,56.61,55.96,56.47,514800,0.00,0.00,0.00
2020-02-13,56.21,57.35,55.96,56.89,485400,0.00,0.00,0.00
2020-02-14,57.02,57.25,56.70,56.82,338800,0.00,0.00,0.00
2020-02-18,57.11,57.27,56.64,57.27,554700,0.00,0.00,0.00
2020-02-19,58.09,58.79,57.78,58.45,650500,0.00,0.00,0.00
2020-02-20,58.24,58.68,56.95,57.98,569200,0.00,0.00,0.00
2020-02-21,57.64,57.70,56.35,56.74,540700,0.00,0.00,0.00
2020-02-24,53.67,54.78,53.25,54.23,1184200,0.00,0.00,0.00
2020-02-25,54.84,55.06,52.05,52.38,819000,0.00,0.00,0.00
2020-02-26,52.67,53.40,51.38,51.83,665000,0.00,0.00,0.00
2020-02-27,50.58,52.39,49.11,50.06,995000,0.00,0.00,0.00
2020-02-28,48.10,51.16,48.02,51.16,1031900,0.00,0.00,0.00
2020-03-02,51.84,52.38,50.48,52.36,851700,0.00,0.00,0.00
2020-03-03,52.95,53.78,50.23,51.30,903800,0.00,0.00,0.00
2020-03-04,52.44,53.08,51.20,53.04,559400,0.00,0.00,0.00
2020-03-05,51.50,52.72,51.27,51.80,505700,0.00,0.00,0.00
2020-03-06,49.94,51.21,49.46,50.45,703800,0.00,0.00,0.00
2020-03-09,46.47,48.22,45.41,46.26,870600,0.00,0.00,0.00
2020-03-10,48.31,48.45,45.99,48.45,747200,0.00,0.00,0.00
2020-03-11,47.11,47.72,44.91,45.44,682400,0.00,0.00,0.00
2020-03-12,42.06,42.46,39.72,39.72,1298300,0.00,0.00,0.00
2020-03-13,42.25,42.77,37.85,41.53,1176300,0.00,0.00,0.00
2020-03-16,36.35,38.22,35.07,35.07,1298000,0.00,0.00,0.00
2020-03-17,36.17,38.40,33.63,37.01,905700,0.00,0.00,0.00
2020-03-18,34.37,36.24,31.95,33.58,1072800,0.00,0.00,0.00
2020-03-19,33.69,37.45,32.98,36.60,901200,0.00,0.00,0.00
2020-03-20,37.85,39.28,36.60,36.64,956000,0.00,0.00,0.00
2020-03-23,36.35,38.00,35.46,37.13,966300,0.00,0.00,0.00
2020-03-24,39.82,40.89,39.12,40.81,1024900,0.00,0.00,0.00
2020-03-25,41.88,44.02,40.70,42.39,1292800,0.00,0.00,0.00
2020-03-26,42.85,45.06,42.85,44.50,1417900,0.00,0.00,0.00
2020-03-27,43.04,43.52,41.82,42.36,796200,0.00,0.00,0.00
2020-03-30,42.78,43.29,41.49,43.18,979800,0.00,0.00,0.00
2020-03-31,42.96,43.93,41.85,42.60,605800,0.00,0.00,0.00
2020-04-01,41.07,41.28,38.56,38.96,776100,0.00,0.00,0.00
2020-04-02,38.37,40.37,38.15,39.20,516800,0.00,0.00,0.00
2020-04-03,39.64,40.18,38.53,38.92,493700,0.00,0.00,0.00
2020-04-06,41.03,42.90,40.68,42.77,578600,0.00,0.00,0.00
2020-04-07,44.70,45.02,42.65,42.81,608100,0.00,0.00,0.00
2020-04-08,43.73,44.74,43.06,44.54,546500,0.00,0.00,0.00
2020-04-09,45.54,46.42,45.03,45.78,2232800,0.00,0.00,0.00
2020-04-13,45.67,46.40,44.64,46.32,573100,0.00,0.00,0.00
2020-04-14,48.13,49.21,47.80,48.77,900600,0.00,0.00,0.00
2020-04-15,47.90,48.44,47.05,47.98,810000,0.00,0.00,0.00
2020-04-16,48.33,49.26,47.73,48.99,684600,0.00,0.00,0.00
2020-04-17,50.45,50.68,49.66,50.59,981500,0.00,0.00,0.00
2020-04-20,49.99,52.15,49.38,51.12,840100,0.00,0.00,0.00
2020-04-21,50.33,50.59,48.16,49.00,710900,0.00,0.00,0.00
2020-04-22,50.50,51.00,49.66,50.75,518500,0.00,0.00,0.00
2020-04-23,50.76,51.76,50.27,50.35,654000,0.00,0.00,0.00
2020-04-24,50.71,51.66,50.08,51.37,496500,0.00,0.00,0.00
2020-04-27,52.35,54.63,52.04,53.87,1905900,0.00,0.00,0.00
2020-04-28,54.92,54.92,51.68,52.33,893000,0.00,0.00,0.00
2020-04-29,53.91,55.06,52.86,54.82,1011600,0.00,0.00,0.00
2020-04-30,54.91,55.18,53.34,53.57,781300,0.00,0.00,0.00
2020-05-01,52.10,52.50,50.02,50.71,870900,0.00,0.00,0.00
2020-05-04,50.06,52.58,49.89,52.58,459800,0.00,0.00,0.00
2020-05-05,53.76,54.23,53.01,53.30,637400,0.00,0.00,0.00
2020-05-06,53.57,54.07,53.00,53.57,614200,0.00,0.00,0.00
2020-05-07,54.30,55.09,53.87,54.80,638800,0.00,0.00,0.00
2020-05-08,55.34,56.59,54.70,56.44,620600,0.00,0.00,0.00
2020-05-11,55.72,58.27,55.56,57.78,767500,0.00,0.00,0.00
2020-05-12,58.57,58.57,56.31,56.31,952200,0.00,0.00,0.00
2020-05-13,56.18,56.84,53.02,54.53,926900,0.00,0.00,0.00
2020-05-14,53.66,54.65,52.58,54.46,1023600,0.00,0.00,0.00
2020-05-15,54.05,56.36,53.75,56.24,493700,0.00,0.00,0.00
2020-05-18,58.15,58.71,57.72,57.97,825900,0.00,0.00,0.00
2020-05-19,58.10,59.20,57.78,57.91,867400,0.00,0.00,0.00
2020-05-20,59.06,59.92,58.05,59.85,1101300,0.00,0.00,0.00
2020-05-21,59.85,60.35,58.58,60.00,839000,0.00,0.00,0.00
2020-05-22,59.98,60.80,59.54,60.76,683900,0.00,0.00,0.00
2020-05-26,62.83,62.83,60.78,60.89,1448800,0.00,0.00,0.00
2020-05-27,61.49,61.49,57.75,60.52,1074500,0.00,0.00,0.00
2020-05-28,60.73,61.24,59.53,59.78,832500,0.00,0.00,0.00
2020-05-29,59.97,60.99,59.33,60.82,599600,0.00,0.00,0.00
2020-06-01,61.34,63.09,60.92,62.73,1557600,0.00,0.00,0.00
2020-06-02,63.12,63.55,61.97,63.51,1370400,0.00,0.00,0.00
2020-06-03,64.30,64.59,63.57,63.77,1529700,0.00,0.00,0.00
2020-06-04,63.70,64.17,61.44,61.91,1243000,0.00,0.00,0.00
2020-06-05,63.27,63.56,61.97,62.20,846200,0.00,0.00,0.00
2020-06-08,62.92,63.29,62.46,63.29,968100,0.00,0.00,0.00
2020-06-09,62.54,64.48,62.37,63.52,1750400,0.00,0.00,0.00
2020-06-10,64.52,64.90,63.55,64.39,1272000,0.00,0.00,0.00
2020-06-11,61.89,62.41,59.54,59.61,1822100,0.00,0.00,0.00
2020-06-12,61.69,61.80,58.68,60.43,1185900,0.00,0.00,0.00
2020-06-15,58.80,62.71,58.80,62.58,1619300,0.00,0.00,0.00
2020-06-16,64.62,64.89,62.39,64.56,2166800,0.00,0.00,0.00
2020-06-17,65.07,65.44,64.11,64.38,862700,0.00,0.00,0.00
2020-06-18,64.31,65.73,64.09,65.47,769500,0.00,0.00,0.00
2020-06-19,66.56,67.04,65.44,65.86,996800,0.00,0.00,0.00
2020-06-22,66.47,69.15,66.40,69.02,1644100,0.00,0.00,0.00
2020-06-23,70.22,71.11,69.27,70.09,1904500,0.00,0.00,0.00
2020-06-24,69.35,70.15,66.43,67.09,1804100,0.00,0.00,0.00
2020-06-25,66.94,68.50,66.23,68.33,1132400,0.00,0.00,0.00
2020-06-26,68.10,68.79,66.73,66.77,1179300,0.00,0.00,0.00
2020-06-29,67.14,67.35,65.57,67.15,1473700,0.00,0.00,0.00
2020-06-30,67.04,69.15,66.97,69.04,1330800,0.00,0.00,0.00
2020-07-01,69.19,71.64,69.06,71.16,1650700,0.00,0.00,0.00
2020-07-02,73.49,73.50,72.21,72.55,2168700,0.00,0.00,0.00
2020-07-06,74.81,76.52,74.06,75.27,1972800,0.00,0.00,0.00
2020-07-07,75.61,78.02,75.08,76.33,2251700,0.00,0.00,0.00
2020-07-08,77.47,78.65,77.10,78.15,2230100,0.00,0.00,0.00
2020-07-09,79.13,79.32,76.50,78.50,2033500,0.00,0.00,0.00
2020-07-10,78.37,78.77,77.61,78.31,1575900,0.00,0.00,0.00
2020-07-13,80.35,81.85,75.51,75.65,3642600,0.00,0.00,0.00
2020-07-14,75.61,76.97,72.62,76.31,2042200,0.00,0.00,0.00
2020-07-15,77.80,78.53,76.04,78.35,2728700,0.00,0.00,0.00
2020-07-16,77.06,77.90,76.40,77.22,1431900,0.00,0.00,0.00
2020-07-17,77.74,78.28,77.10,78.10,1265100,0.00,0.00,0.00
2020-07-20,78.65,81.56,78.53,81.35,1750400,0.00,0.00,0.00
2020-07-21,82.24,82.24,79.65,79.89,1796000,0.00,0.00,0.00
2020-07-22,80.36,80.92,79.24,79.90,1181600,0.00,0.00,0.00
2020-07-23,80.26,80.93,77.04,77.90,1794500,0.00,0.00,0.00
2020-07-24,76.38,77.27,74.93,76.32,1953000,0.00,0.00,0.00
2020-07-27,77.26,79.51,76.79,79.36,2314000,0.00,0.00,0.00
2020-07-28,79.02,79.04,76.75,76.82,1182700,0.00,0.00,0.00
2020-07-29,77.45,78.03,77.32,77.52,1098900,0.00,0.00,0.00
2020-07-30,76.89,78.23,76.29,77.84,1015700,0.00,0.00,0.00
2020-07-31,79.09,79.22,76.83,77.81,1035600,0.00,0.00,0.00
2020-08-03,78.72,81.31,78.61,81.01,2924800,0.00,0.00,0.00
2020-08-04,81.23,81.57,80.48,81.52,2081000,0.00,0.00,0.00
2020-08-05,82.22,83.09,81.78,82.88,2024600,0.00,0.00,0.00
2020-08-06,82.89,83.36,81.69,82.16,1552200,0.00,0.00,0.00
2020-08-07,81.89,82.12,78.65,79.86,1983100,0.00,0.00,0.00
2020-08-10,81.96,82.18,80.13,80.81,1680900,0.00,0.00,0.00
2020-08-11,80.66,81.03,78.79,78.98,1588600,0.00,0.00,0.00
2020-08-12,80.29,81.60,79.83,81.27,1467300,0.00,0.00,0.00
2020-08-13,81.82,83.64,81.82,83.03,1619000,0.00,0.00,0.00
2020-08-14,83.34,83.55,81.67,82.02,1060400,0.00,0.00,0.00
2020-08-17,82.67,84.95,82.60,84.84,1712200,0.00,0.00,0.00
2020-08-18,85.99,86.12,84.52,85.76,1900500,0.00,0.00,0.00
2020-08-19,85.80,87.50,85.37,86.03,1990600,0.00,0.00,0.00
2020-08-20,85.49,87.12,85.24,86.63,1458900,0.00,0.00,0.00
2020-08-21,87.13,87.54,86.80,86.97,1887800,0.00,0.00,0.00
2020-08-24,88.97,88.97,85.08,85.64,2622800,0.00,0.00,0.00
2020-08-25,85.64,86.73,84.61,86.65,1377400,0.00,0.00,0.00
2020-08-26,86.85,89.18,86.85,88.49,1881000,0.00,0.00,0.00
2020-08-27,89.08,89.08,86.65,87.88,1596900,0.00,0.00,0.00
2020-08-28,88.60,90.02,88.39,89.42,1503800,0.00,0.00,0.00
2020-08-31,89.90,92.63,89.55,92.29,3546200,0.00,0.00,0.00
2020-09-01,93.38,94.19,92.38,94.11,3755400,0.00,0.00,0.00
2020-09-02,95.75,95.75,90.93,93.88,4156100,0.00,0.00,0.00
2020-09-03,91.15,91.20,86.03,86.95,4679700,0.00,0.00,0.00
2020-09-04,86.35,87.31,78.74,84.27,5475800,0.00,0.00,0.00
2020-09-08,80.15,83.35,79.49,80.45,3332700,0.00,0.00,0.00
2020-09-09,82.73,84.13,81.48,83.82,3779300,0.00,0.00,0.00
2020-09-10,85.19,86.55,82.29,83.10,3581600,0.00,0.00,0.00
2020-09-11,84.02,84.53,81.23,82.63,2958300,0.00,0.00,0.00
2020-09-14,83.90,86.43,83.83,86.25,2642200,0.00,0.00,0.00
2020-09-15,88.10,89.74,87.52,88.90,2553800,0.00,0.00,0.00
2020-09-16,89.16,90.34,88.46,88.72,1948300,0.00,0.00,0.00
2020-09-17,85.55,87.48,85.24,86.45,1758100,0.00,0.00,0.00
2020-09-18,87.61,87.97,84.91,87.01,1601200,0.00,0.00,0.00
2020-09-21,85.57,87.81,84.08,87.69,2325600,0.00,0.00,0.00
2020-09-22,87.91,88.86,86.10,88.79,1592000,0.00,0.00,0.00
2020-09-23,88.21,88.56,84.57,85.15,1764300,0.00,0.00,0.00
2020-09-24,83.46,86.41,82.55,85.10,3232600,0.00,0.00,0.00
2020-09-25,85.28,87.91,85.21,87.86,1590900,0.00,0.00,0.00
2020-09-28,89.96,90.08,88.06,88.80,1892800,0.00,0.00,0.00
2020-09-29,88.83,90.40,88.82,89.81,1525700,0.00,0.00,0.00
2020-09-30,89.89,90.57,88.41,89.07,2843500,0.00,0.00,0.00
2020-10-01,90.41,91.53,89.96,91.53,2391400,0.00,0.00,0.00
2020-10-02,88.64,91.06,88.63,89.38,2792100,0.00,0.00,0.00
2020-10-05,90.58,92.90,90.58,92.83,1830400,0.00,0.00,0.00
2020-10-06,92.88,94.79,91.86,92.62,2497300,0.00,0.00,0.00
2020-10-07,94.00,96.83,94.00,96.05,3147300,0.00,0.00,0.00
2020-10-08,98.61,98.61,97.00,97.36,2437400,0.00,0.00,0.00
2020-10-09,98.42,99.75,98.09,99.48,2728200,0.00,0.00,0.00
2020-10-12,101.43,101.65,99.00,99.07,3083200,0.00,0.00,0.00
2020-10-13,99.51,101.85,98.90,101.49,3364100,0.00,0.00,0.00
2020-10-14,102.28,102.77,100.20,100.46,3538300,0.00,0.00,0.00
2020-10-15,98.17,99.79,97.90,99.55,2407700,0.00,0.00,0.00
2020-10-16,100.76,101.17,99.43,99.48,2082400,0.00,0.00,0.00
2020-10-19,100.79,101.22,98.61,98.99,2480800,0.00,0.00,0.00
2020-10-20,99.56,99.99,97.54,97.62,2197900,0.00,0.00,0.00
2020-10-21,96.96,97.56,94.59,94.83,2869800,0.00,0.00,0.00
2020-10-22,96.00,96.66,93.77,95.44,2444800,0.00,0.00,0.00
2020-10-23,95.96,96.02,94.30,96.02,1875300,0.00,0.00,0.00
2020-10-26,95.03,96.66,92.80,94.10,2342200,0.00,0.00,0.00
2020-10-27,94.72,95.84,94.52,95.49,1410200,0.00,0.00,0.00
2020-10-28,93.24,93.30,91.34,91.73,2518900,0.00,0.00,0.00
2020-10-29,92.55,93.38,91.90,92.93,2078500,0.00,0.00,0.00
2020-10-30,91.97,92.12,87.08,87.90,4213700,0.00,0.00,0.00
2020-11-02,89.04,89.57,86.54,87.91,3886200,0.00,0.00,0.00
2020-11-03,89.28,90.79,88.05,90.19,2810300,0.00,0.00,0.00
2020-11-04,92.87,95.19,92.18,94.40,4374700,0.00,0.00,0.00
2020-11-05,97.52,97.76,96.05,97.61,4254400,0.00,0.00,0.00
2020-11-06,97.93,99.36,96.43,98.83,3238600,0.00,0.00,0.00
2020-11-09,101.65,102.14,94.28,94.32,4654000,0.00,0.00,0.00
2020-11-10,94.16,94.51,88.87,91.74,4419800,0.00,0.00,0.00
2020-11-11,93.70,95.63,92.95,95.58,4150700,0.00,0.00,0.00
2020-11-12,96.42,97.20,95.19,95.74,2490600,0.00,0.00,0.00
2020-11-13,96.76,97.47,95.55,96.23,1828100,0.00,0.00,0.00
2020-11-16,96.47,96.80,95.07,96.37,2056900,0.00,0.00,0.00
2020-11-17,97.44,98.02,96.46,98.00,2460800,0.00,0.00,0.00
2020-11-18,98.26,99.15,97.36,97.80,2449500,0.00,0.00,0.00
2020-11-19,98.01,100.56,98.01,99.97,2270200,0.00,0.00,0.00
2020-11-20,100.48,102.14,99.88,101.56,2010900,0.00,0.00,0.00
2020-11-23,102.88,104.83,102.23,104.00,3730200,0.00,0.00,0.00
2020-11-24,105.60,105.90,102.53,102.76,3089400,0.00,0.00,0.00
2020-11-25,103.02,105.08,102.54,105.02,2135900,0.00,0.00,0.00
2020-11-27,106.35,108.26,105.62,108.22,1909500,0.00,0.00,0.00
2020-11-30,110.04,110.13,105.33,108.79,3235700,0.00,0.00,0.00
2020-12-01,110.37,110.56,108.56,109.17,3065300,0.00,0.00,0.00
2020-12-02,107.91,108.88,106.11,108.76,2473300,0.00,0.00,0.00
2020-12-03,109.90,111.87,109.35,110.64,2962400,0.00,0.00,0.00
2020-12-04,112.15,113.62,111.10,113.45,3384400,0.00,0.00,0.00
2020-12-07,115.22,118.13,114.51,116.83,4445100,0.00,0.00,0.00
2020-12-08,117.40,118.99,116.32,118.28,4349600,0.00,0.00,0.00
2020-12-09,119.93,121.53,114.97,116.16,7841700,0.00,0.00,0.00
2020-12-10,114.00,121.32,113.97,121.21,5094500,0.00,0.00,0.00
2020-12-11,120.96,121.83,117.80,119.92,5271100,0.00,0.00,0.00
2020-12-14,122.07,123.58,120.24,120.29,4670500,0.00,0.00,0.00
2020-12-15,122.42,122.42,119.31,120.34,4390600,0.00,0.00,0.00
2020-12-16,120.72,121.14,118.62,120.00,3231600,0.00,0.00,0.00
2020-12-17,121.34,122.51,120.81,122.05,3860700,0.00,0.00,0.00
2020-12-18,123.50,124.11,121.93,123.24,4205100,0.00,0.00,0.00
2020-12-21,122.92,128.77,122.23,127.15,6958900,0.00,0.00,0.00
2020-12-22,130.12,131.40,128.44,130.74,7425100,0.00,0.00,0.00
2020-12-23,132.65,132.71,128.58,130.66,7202900,0.00,0.00,0.00
2020-12-24,131.32,131.74,128.20,128.79,4038300,0.00,0.00,0.00
2020-12-28,131.23,131.52,125.58,125.66,9479800,0.00,0.00,0.00
2020-12-29,126.42,126.58,118.83,122.28,10938400,2.04,0.00,0.00
2020-12-30,123.72,125.46,123.50,125.02,5106300,0.00,0.00,0.00
2020-12-31,125.63,125.65,121.93,122.45,5444800,0.00,0.00,0.00
2021-01-04,124.15,125.11,120.43,122.65,8314400,0.00,0.00,0.00
2021-01-05,122.34,125.74,122.05,125.67,5362200,0.00,0.00,0.00
2021-01-06,124.61,129.00,123.79,126.13,6847500,0.00,0.00,0.00
2021-01-07,129.01,136.35,128.98,136.11,8145100,0.00,0.00,0.00
2021-01-08,139.70,143.25,137.01,140.14,12830300,0.00,0.00,0.00
2021-01-11,137.95,138.32,134.56,135.95,8217800,0.00,0.00,0.00
2021-01-12,137.88,139.34,136.76,138.68,6032000,0.00,0.00,0.00
2021-01-13,139.60,141.15,138.20,139.40,5182100,0.00,0.00,0.00
2021-01-14,141.01,145.03,140.44,142.90,7691100,0.00,0.00,0.00
2021-01-15,144.46,145.58,139.36,139.58,9489400,0.00,0.00,0.00
2021-01-19,142.98,143.82,141.75,143.73,7212000,0.00,0.00,0.00
2021-01-20,146.51,147.34,144.31,144.70,7964400,0.00,0.00,0.00
2021-01-21,145.99,145.99,142.17,142.44,7291700,0.00,0.00,0.00
2021-01-22,141.74,143.77,141.53,143.69,5714800,0.00,0.00,0.00
2021-01-25,146.13,147.39,140.59,144.27,8570800,0.00,0.00,0.00
2021-01-26,144.84,144.92,139.40,139.51,8106400,0.00,0.00,0.00
2021-01-27,136.78,140.16,132.95,136.08,10003900,0.00,0.00,0.00
2021-01-28,136.30,139.52,135.88,138.07,5865400,0.00,0.00,0.00
2021-01-29,137.57,138.87,132.84,135.19,7195500,0.00,0.00,0.00
2021-02-01,137.69,140.46,136.14,140.28,7828500,0.00,0.00,0.00
2021-02-02,142.92,145.52,142.55,144.48,7960800,0.00,0.00,0.00
2021-02-03,146.19,146.26,143.04,143.72,6504200,0.00,0.00,0.00
2021-02-04,145.51,146.07,144.51,145.92,5259900,0.00,0.00,0.00
2021-02-05,146.36,147.30,145.00,147.01,5591900,0.00,0.00,0.00
2021-02-08,149.56,151.37,148.97,150.80,8583400,0.00,0.00,0.00
2021-02-09,151.39,154.08,150.32,152.39,8122900,0.00,0.00,0.00
2021-02-10,154.62,155.32,147.99,150.59,14325800,0.00,0.00,0.00
2021-02-11,152.46,153.82,149.88,152.04,8839300,0.00,0.00,0.00
2021-02-12,151.36,154.03,149.52,154.01,6685600,0.00,0.00,0.00
2021-02-16,156.44,157.08,152.19,152.58,11148800,0.00,0.00,0.00
2021-02-17,150.97,150.99,145.04,149.68,13602000,0.00,0.00,0.00
2021-02-18,146.61,147.76,143.70,146.74,10989900,0.00,0.00,0.00
2021-02-19,149.02,151.48,148.52,150.11,7901900,0.00,0.00,0.00
2021-02-22,147.27,148.46,140.90,141.42,16368700,0.00,0.00,0.00
2021-02-23,133.95,137.70,124.74,136.76,37539000,0.00,0.00,0.00
2021-02-24,136.17,137.92,132.30,136.05,15840200,0.00,0.00,0.00
2021-02-25,133.95,136.42,126.31,127.39,16444800,0.00,0.00,0.00
2021-02-26,128.56,130.79,124.00,128.22,16969200,0.00,0.00,0.00
2021-03-01,132.33,134.75,131.32,134.46,11580300,0.00,0.00,0.00
2021-03-02,135.98,136.10,130.98,131.32,9279100,0.00,0.00,0.00
2021-03-03,130.73,131.25,122.40,123.06,16503000,0.00,0.00,0.00
2021-03-04,122.16,123.87,112.75,116.49,27279300,0.00,0.00,0.00
2021-03-05,117.27,117.48,104.51,115.15,38985500,0.00,0.00,0.00
2021-03-08,115.08,116.93,107.45,108.45,23537500,0.00,0.00,0.00
2021-03-09,115.08,120.85,114.39,119.75,25294500,0.00,0.00,0.00
2021-03-10,124.10,124.67,118.52,119.20,19524800,0.00,0.00,0.00
2021-03-11,123.90,127.00,122.48,126.57,18698900,0.00,0.00,0.00
2021-03-12,122.95,124.61,120.56,124.60,15390000,0.00,0.00,0.00
2021-03-15,124.97,126.81,123.46,126.77,10047500,0.00,0.00,0.00
2021-03-16,128.37,128.66,121.95,123.95,13908000,0.00,0.00,0.00
2021-03-17,120.74,126.89,118.96,125.37,14592400,0.00,0.00,0.00
2021-03-18,122.32,123.10,117.55,118.10,14738800,0.00,0.00,0.00
2021-03-19,118.02,120.72,116.26,120.35,12515300,0.00,0.00,0.00
2021-03-22,121.97,124.31,120.52,122.68,8948100,0.00,0.00,0.00
2021-03-23,122.75,122.75,119.16,119.71,7454400,0.00,0.00,0.00
2021-03-24,120.49,120.67,112.67,112.90,18523900,0.00,0.00,0.00
2021-03-25,109.53,113.00,108.58,112.54,21016000,0.00,0.00,0.00
2021-03-26,112.55,114.04,107.75,112.10,17712300,0.00,0.00,0.00
2021-03-29,111.74,111.79,107.93,109.35,14228200,0.00,0.00,0.00
2021-03-30,108.20,112.92,107.03,112.54,14589400,0.00,0.00,0.00
2021-03-31,114.04,118.53,113.96,117.98,17368500,0.00,0.00,0.00
2021-04-01,120.94,122.58,118.59,118.87,12606100,0.00,0.00,0.00
2021-04-05,122.32,122.32,118.69,119.65,9480800,0.00,0.00,0.00
2021-04-06,119.68,122.98,119.49,121.80,8739800,0.00,0.00,0.00
2021-04-07,121.29,121.82,118.63,118.84,6131200,0.00,0.00,0.00
2021-04-08,120.79,122.37,120.62,122.11,6610900,0.00,0.00,0.00
2021-04-09,120.99,121.40,119.94,121.24,5564100,0.00,0.00,0.00
2021-04-12,120.68,120.89,118.26,120.46,5261300,0.00,0.00,0.00
2021-04-13,121.26,125.62,121.26,125.47,12014900,0.00,0.00,0.00
2021-04-14,126.20,128.14,122.47,122.82,9959200,0.00,0.00,0.00
2021-04-15,124.76,125.33,123.27,124.54,7953900,0.00,0.00,0.00
2021-04-16,124.44,124.54,121.38,122.34,6911000,0.00,0.00,0.00
2021-04-19,120.56,121.67,116.99,118.47,11418300,0.00,0.00,0.00
2021-04-20,118.16,119.89,115.31,117.05,9825700,0.00,0.00,0.00
2021-04-21,115.85,119.82,114.63,119.82,6537500,0.00,0.00,0.00
2021-04-22,120.53,122.38,118.40,119.42,7751500,0.00,0.00,0.00
2021-04-23,119.93,121.89,119.54,121.67,4761400,0.00,0.00,0.00
2021-04-26,122.59,125.72,121.50,125.64,6403900,0.00,0.00,0.00
2021-04-27,125.53,126.04,123.15,124.17,4985300,0.00,0.00,0.00
2021-04-28,123.25,124.39,121.85,123.32,5190200,0.00,0.00,0.00
2021-04-29,124.08,124.23,118.60,119.76,9313500,0.00,0.00,0.00
2021-04-30,118.12,120.60,117.89,118.79,6921900,0.00,0.00,0.00
2021-05-03,119.22,119.42,114.80,114.99,10956200,0.00,0.00,0.00
2021-05-04,113.59,113.61,109.34,111.43,14621000,0.00,0.00,0.00
2021-05-05,112.78,112.96,108.90,109.72,9106800,0.00,0.00,0.00
2021-05-06,108.81,108.81,103.95,106.56,17515400,0.00,0.00,0.00
2021-05-07,109.20,111.28,107.34,107.92,14769400,0.00,0.00,0.00
2021-05-10,106.60,106.61,102.20,102.28,17802500,0.00,0.00,0.00
2021-05-11,98.22,105.37,97.27,104.38,30440500,0.00,0.00,0.00
2021-05-12,101.65,104.11,99.87,100.49,17478900,0.00,0.00,0.00
2021-05-13,101.60,102.96,95.63,97.85,29699500,0.00,0.00,0.00
2021-05-14,100.18,102.92,98.92,102.60,20572500,0.00,0.00,0.00
2021-05-17,101.07,103.16,99.29,101.62,16239700,0.00,0.00,0.00
2021-05-18,101.62,105.43,100.60,103.07,17658600,0.00,0.00,0.00
2021-05-19,98.40,101.55,98.39,101.28,18364800,0.00,0.00,0.00
2021-05-20,102.79,105.35,102.34,104.84,11797600,0.00,0.00,0.00
2021-05-21,105.89,106.37,103.98,104.11,11478700,0.00,0.00,0.00
2021-05-24,105.08,107.70,104.16,106.95,9325300,0.00,0.00,0.00
2021-05-25,107.71,108.95,106.55,107.59,8821300,0.00,0.00,0.00
2021-05-26,108.17,109.92,107.96,109.60,8340000,0.00,0.00,0.00
2021-05-27,109.47,110.46,107.48,110.44,7496500,0.00,0.00,0.00
2021-05-28,110.61,113.25,110.02,110.26,9217700,0.00,0.00,0.00
2021-06-01,111.00,111.88,108.25,109.43,7496100,0.00,0.00,0.00
2021-06-02,109.51,110.39,108.46,109.48,7250400,0.00,0.00,0.00
2021-06-03,108.01,108.87,105.63,105.67,10095800,0.00,0.00,0.00
2021-06-04,107.02,108.49,106.66,107.72,6581600,0.00,0.00,0.00
2021-06-07,107.48,111.20,107.14,110.84,7392200,0.00,0.00,0.00
2021-06-08,111.89,112.89,108.91,111.28,6810700,0.00,0.00,0.00
2021-06-09,111.89,112.84,110.80,111.00,7349200,0.00,0.00,0.00
2021-06-10,110.61,113.24,110.30,113.09,7184400,0.00,0.00,0.00
2021-06-11,113.58,114.26,112.94,114.22,6661200,0.00,0.00,0.00
2021-06-14,114.68,116.96,114.50,116.39,8467000,0.00,0.00,0.00
2021-06-15,115.92,116.12,112.76,113.20,8590500,0.00,0.00,0.00
2021-06-16,113.02,113.87,110.05,112.65,12257800,0.00,0.00,0.00
2021-06-17,111.93,117.21,111.76,116.56,12696600,0.00,0.00,0.00
2021-06-18,115.84,117.89,115.46,116.95,8495700,0.00,0.00,0.00
2021-06-21,116.53,118.21,114.61,117.55,5448600,0.00,0.00,0.00
2021-06-22,117.09,119.07,116.90,119.04,6356700,0.00,0.00,0.00
2021-06-23,119.51,121.85,119.23,121.51,7841300,0.00,0.00,0.00
2021-06-24,122.86,125.13,122.48,123.23,9897600,0.00,0.00,0.00
2021-06-25,123.88,124.26,122.00,123.43,7330200,0.00,0.00,0.00
2021-06-28,126.59,128.69,126.43,128.10,10325600,0.00,0.00,0.00
2021-06-29,127.94,129.34,126.90,128.73,7071300,0.00,0.00,0.00
2021-06-30,128.41,130.33,126.94,128.64,9309800,0.00,0.00,0.00
2021-07-01,128.61,129.39,125.19,127.04,7357100,0.00,0.00,0.00
2021-07-02,127.75,129.28,125.79,126.05,5891700,0.00,0.00,0.00
2021-07-06,126.00,126.86,124.34,125.15,7372600,0.00,0.00,0.00
2021-07-07,125.91,126.18,121.10,122.22,9314200,0.00,0.00,0.00
2021-07-08,118.41,122.30,117.43,121.29,9659900,0.00,0.00,0.00
2021-07-09,121.58,123.84,120.03,123.56,6307400,0.00,0.00,0.00
2021-07-12,124.17,125.31,121.98,122.70,4063600,0.00,0.00,0.00
2021-07-13,122.45,122.90,120.20,120.27,6477400,0.00,0.00,0.00
2021-07-14,121.29,121.29,116.13,116.23,10497000,0.00,0.00,0.00
2021-07-15,116.12,117.45,112.58,114.49,12755600,0.00,0.00,0.00
2021-07-16,115.88,116.01,113.56,114.62,7648200,0.00,0.00,0.00
2021-07-19,112.05,115.65,111.41,115.36,11861800,0.00,0.00,0.00
2021-07-20,115.58,119.19,114.54,118.78,6707700,0.00,0.00,0.00
2021-07-21,118.89,120.90,118.01,120.65,5738200,0.00,0.00,0.00
2021-07-22,120.49,121.40,119.26,119.72,4781500,0.00,0.00,0.00
2021-07-23,120.00,120.55,118.41,120.42,4388500,0.00,0.00,0.00
2021-07-26,120.49,121.09,118.97,119.61,5802400,0.00,0.00,0.00
2021-07-27,119.02,119.53,113.69,116.68,10982300,0.00,0.00,0.00
2021-07-28,116.62,119.78,116.03,119.36,5810700,0.00,0.00,0.00
2021-07-29,119.17,121.21,118.69,119.61,3759700,0.00,0.00,0.00
2021-07-30,118.03,120.40,117.66,118.03,5263200,0.00,0.00,0.00
2021-08-02,118.56,120.43,117.14,119.13,5211800,0.00,0.00,0.00
2021-08-03,119.32,119.50,116.58,118.25,6748900,0.00,0.00,0.00
2021-08-04,118.11,121.37,118.02,121.26,5300900,0.00,0.00,0.00
2021-08-05,120.51,124.18,119.74,123.51,5260000,0.00,0.00,0.00
2021-08-06,123.22,123.67,120.29,120.99,6044700,0.00,0.00,0.00
2021-08-09,121.60,123.42,120.96,122.66,4528100,0.00,0.00,0.00
2021-08-10,122.82,123.51,119.43,119.45,5387100,0.00,0.00,0.00
2021-08-11,120.55,120.87,117.40,119.31,6007900,0.00,0.00,0.00
2021-08-12,118.92,120.29,118.61,119.85,3320300,0.00,0.00,0.00
2021-08-13,119.96,120.10,117.94,118.13,3973500,0.00,0.00,0.00
2021-08-16,117.30,117.34,113.34,115.06,7762900,0.00,0.00,0.00
2021-08-17,113.49,114.90,112.36,113.99,8425700,0.00,0.00,0.00
2021-08-18,114.16,116.06,113.06,113.94,6016200,0.00,0.00,0.00
2021-08-19,112.39,114.24,111.68,111.98,5713700,0.00,0.00,0.00
2021-08-20,112.48,114.26,112.28,113.90,4591100,0.00,0.00,0.00
2021-08-23,115.07,117.65,114.94,117.52,6587100,0.00,0.00,0.00
2021-08-24,118.33,119.13,117.87,119.08,5165900,0.00,0.00,0.00
2021-08-25,118.96,119.51,118.22,119.05,3508700,0.00,0.00,0.00
2021-08-26,118.74,120.35,116.92,117.21,4715800,0.00,0.00,0.00
2021-08-27,117.86,120.38,117.39,120.03,3793500,0.00,0.00,0.00
2021-08-30,120.24,121.24,119.50,120.78,2992400,0.00,0.00,0.00
2021-08-31,119.66,120.40,118.74,120.03,3926200,0.00,0.00,0.00
2021-09-01,120.49,122.69,120.30,121.69,4673700,0.00,0.00,0.00
2021-09-02,122.47,123.30,122.02,122.78,3212200,0.00,0.00,0.00
2021-09-03,122.48,123.55,121.82,123.02,3916000,0.00,0.00,0.00
2021-09-07,123.16,124.25,122.14,122.67,4128800,0.00,0.00,0.00
2021-09-08,122.03,122.03,118.40,119.18,6390800,0.00,0.00,0.00
2021-09-09,119.19,121.45,118.94,119.72,3648700,0.00,0.00,0.00
2021-09-10,120.64,120.95,118.47,118.49,3342900,0.00,0.00,0.00
2021-09-13,118.74,118.83,114.24,116.23,6980000,0.00,0.00,0.00
2021-09-14,116.79,117.59,114.56,114.94,5234000,0.00,0.00,0.00
2021-09-15,115.04,116.04,113.71,115.89,4675000,0.00,0.00,0.00
2021-09-16,115.54,117.00,114.49,116.63,4739800,0.00,0.00,0.00
2021-09-17,116.88,119.51,115.93,119.51,7752100,0.00,0.00,0.00
2021-09-20,115.05,116.67,112.56,114.24,9990100,0.00,0.00,0.00
2021-09-21,115.34,116.20,114.32,115.22,5092300,0.00,0.00,0.00
2021-09-22,115.26,117.03,114.95,116.17,3659500,0.00,0.00,0.00
2021-09-23,117.35,117.56,116.19,117.38,4163000,0.00,0.00,0.00
2021-09-24,116.15,116.46,114.36,115.21,5075800,0.00,0.00,0.00
2021-09-27,114.60,115.35,112.72,115.11,8196800,0.00,0.00,0.00
2021-09-28,113.40,113.69,109.98,110.30,12146100,0.00,0.00,0.00
2021-09-29,111.07,111.48,107.80,107.92,8954900,0.00,0.00,0.00
2021-09-30,108.54,109.88,108.20,108.72,8549600,0.00,0.00,0.00
2021-10-01,109.20,109.62,107.35,109.35,5252200,0.00,0.00,0.00
2021-10-04,108.91,109.00,104.61,105.43,7650500,0.00,0.00,0.00
2021-10-05,105.81,108.42,105.81,107.25,5582400,0.00,0.00,0.00
2021-10-06,106.23,108.52,105.96,108.14,4677200,0.00,0.00,0.00
2021-10-07,109.38,111.52,109.12,110.75,5129800,0.00,0.00,0.00
2021-10-08,111.12,111.27,108.64,108.79,4477500,0.00,0.00,0.00
2021-10-11,108.38,110.22,107.96,108.43,4014100,0.00,0.00,0.00
2021-10-12,108.95,110.49,108.84,109.91,3844600,0.00,0.00,0.00
2021-10-13,110.17,111.66,110.11,111.57,4484800,0.00,0.00,0.00
2021-10-14,113.12,114.67,112.77,113.69,4861200,0.00,0.00,0.00
2021-10-15,114.52,114.58,113.42,113.90,3538200,0.00,0.00,0.00
2021-10-18,113.14,115.27,113.06,115.13,3927300,0.00,0.00,0.00
2021-10-19,115.77,118.20,115.60,117.64,5706700,0.00,0.00,0.00
2021-10-20,118.17,118.43,116.22,116.75,3666500,0.00,0.00,0.00
2021-10-21,116.50,118.78,116.43,117.70,4406800,0.00,0.00,0.00
2021-10-22,117.15,117.18,114.78,115.82,4944700,0.00,0.00,0.00
2021-10-25,116.65,120.28,115.87,119.81,7614600,0.00,0.00,0.00
2021-10-26,120.64,122.41,118.60,119.21,7907300,0.00,0.00,0.00
2021-10-27,119.28,119.87,116.73,116.73,4869300,0.00,0.00,0.00
2021-10-28,116.75,120.21,116.60,119.77,4681700,0.00,0.00,0.00
2021-10-29,118.94,120.06,118.73,119.29,3166400,0.00,0.00,0.00
2021-11-01,119.93,123.10,119.89,123.07,6516500,0.00,0.00,0.00
2021-11-02,122.52,122.52,119.87,121.07,5595900,0.00,0.00,0.00
2021-11-03,120.28,122.63,119.37,122.60,3928400,0.00,0.00,0.00
2021-11-04,122.69,123.80,121.27,122.35,7436100,0.00,0.00,0.00
2021-11-05,121.93,122.46,119.04,120.29,5807100,0.00,0.00,0.00
2021-11-08,119.70,122.26,119.62,121.38,3428800,0.00,0.00,0.00
2021-11-09,121.88,122.18,117.69,118.59,5724100,0.00,0.00,0.00
2021-11-10,116.48,118.81,113.31,114.63,7951900,0.00,0.00,0.00
2021-11-11,116.34,116.83,115.18,115.42,3978100,0.00,0.00,0.00
2021-11-12,115.84,116.58,114.80,116.55,3740700,0.00,0.00,0.00
2021-11-15,116.90,117.10,114.73,115.60,3690200,0.00,0.00,0.00
2021-11-16,114.83,116.97,114.22,116.97,3324500,0.00,0.00,0.00
2021-11-17,116.43,116.76,114.27,114.81,3902600,0.00,0.00,0.00
2021-11-18,115.21,115.80,111.36,111.95,6025900,0.00,0.00,0.00
2021-11-19,112.42,113.41,111.16,111.38,5796300,0.00,0.00,0.00
2021-11-22,111.54,111.65,105.83,106.71,9031900,0.00,0.00,0.00
2021-11-23,106.19,106.81,101.88,104.22,10296000,0.00,0.00,0.00
2021-11-24,103.31,106.25,101.94,106.00,7798000,0.00,0.00,0.00
2021-11-26,105.81,107.03,104.59,105.36,6119000,0.00,0.00,0.00
2021-11-29,106.77,106.99,103.19,105.17,5724200,0.00,0.00,0.00
2021-11-30,105.25,107.10,102.03,103.96,9609200,0.00,0.00,0.00
2021-12-01,105.00,105.23,96.91,96.98,11327800,0.00,0.00,0.00
2021-12-02,97.02,99.46,94.89,97.40,14404700,0.00,0.00,0.00
2021-12-03,97.04,97.38,90.16,92.00,20003900,0.00,0.00,0.00
2021-12-06,90.52,93.52,87.57,93.39,19380300,0.00,0.00,0.00
2021-12-07,96.28,99.67,96.25,98.47,13509000,0.00,0.00,0.00
2021-12-08,98.87,102.22,96.67,101.53,11292900,0.00,0.00,0.00
2021-12-09,101.00,101.84,95.84,96.13,14074200,0.00,0.00,0.00
2021-12-10,97.33,98.92,94.04,94.59,13081300,0.00,0.00,0.00
2021-12-13,94.22,95.30,90.94,92.95,17118500,0.00,0.00,0.00
2021-12-14,90.86,93.17,90.03,91.89,12551300,0.00,0.00,0.00
2021-12-15,91.52,94.22,88.58,93.87,24028000,0.00,0.00,0.00
2021-12-16,95.25,95.48,89.38,90.36,20432300,0.00,0.00,0.00
2021-12-17,89.33,95.91,88.13,95.61,26902800,0.00,0.00,0.00
2021-12-20,93.44,94.88,91.75,93.18,13357600,0.00,0.00,0.00
2021-12-21,94.56,96.88,93.15,96.76,11462800,0.00,0.00,0.00
2021-12-22,96.63,98.24,95.34,96.65,12428100,0.00,0.00,0.00
2021-12-23,96.50,98.08,94.46,97.45,8100700,0.00,0.00,0.00
2021-12-27,97.08,97.52,95.48,95.81,7408700,0.00,0.00,0.00
2021-12-28,95.65,97.41,93.91,94.06,9604400,0.00,0.00,0.00
2021-12-29,94.01,94.36,92.01,93.05,9883300,0.78,0.00,0.00
2021-12-30,92.56,97.62,92.56,95.90,9528400,0.00,0.00,0.00
2021-12-31,95.91,97.26,93.70,93.81,7090700,0.00,0.00,0.00
2022-01-03,95.21,96.37,92.67,96.19,10381100,0.00,0.00,0.00
2022-01-04,95.93,96.20,89.77,91.92,19120900,0.00,0.00,0.00
2022-01-05,90.69,92.18,84.92,85.41,20246500,0.00,0.00,0.00
2022-01-06,85.26,86.87,81.97,84.87,20026500,0.00,0.00,0.00
2022-01-07,85.14,87.86,83.21,83.72,15288600,0.00,0.00,0.00
2022-01-10,82.53,83.99,79.44,83.94,23683000,0.00,0.00,0.00
2022-01-11,83.72,86.83,82.61,86.26,13833900,0.00,0.00,0.00
2022-01-12,87.24,88.60,83.63,83.86,19750900,0.00,0.00,0.00
2022-01-13,84.31,84.47,79.18,79.32,25331700,0.00,0.00,0.00
2022-01-14,78.79,80.62,76.89,79.58,25199200,0.00,0.00,0.00
2022-01-18,78.09,79.99,76.27,76.27,23411700,0.00,0.00,0.00
2022-01-19,77.06,78.82,75.03,75.12,31652000,0.00,0.00,0.00
2022-01-20,76.41,80.17,74.98,75.24,24563200,0.00,0.00,0.00
2022-01-21,74.18,75.73,70.90,70.93,38022900,0.00,0.00,0.00
2022-01-24,68.02,72.96,64.44,72.93,66389100,0.00,0.00,0.00
2022-01-25,70.77,72.85,68.62,70.21,37188000,0.00,0.00,0.00
2022-01-26,72.83,74.29,67.97,68.46,34295800,0.00,0.00,0.00
2022-01-27,70.01,70.07,65.49,65.78,21663700,0.00,0.00,0.00
2022-01-28,65.67,68.94,63.82,68.34,38032800,0.00,0.00,0.00
2022-01-31,69.48,74.82,69.19,74.81,28613200,0.00,0.00,0.00
2022-02-01,76.06,76.74,72.68,76.44,23869900,0.00,0.00,0.00
2022-02-02,76.77,76.92,71.32,72.54,30933500,0.00,0.00,0.00
2022-02-03,69.56,71.42,68.29,68.47,31392300,0.00,0.00,0.00
2022-02-04,69.17,73.04,67.64,72.15,29067100,0.00,0.00,0.00
2022-02-07,72.07,75.08,71.22,71.88,20577100,0.00,0.00,0.00
2022-02-08,71.43,72.18,69.88,71.79,17707200,0.00,0.00,0.00
2022-02-09,73.02,75.85,72.91,75.48,22089100,0.00,0.00,0.00
2022-02-10,73.70,77.60,72.50,73.15,32600400,0.00,0.00,0.00
2022-02-11,73.64,75.61,70.33,71.31,30130300,0.00,0.00,0.00
2022-02-14,70.95,73.52,69.98,70.80,22902500,0.00,0.00,0.00
2022-02-15,72.39,74.77,71.68,74.66,19152400,0.00,0.00,0.00
2022-02-16,73.21,73.22,71.08,72.27,15095700,0.00,0.00,0.00
2022-02-17,71.07,71.32,67.17,67.62,19486100,0.00,0.00,0.00
2022-02-18,66.56,67.10,63.46,64.26,26833200,0.00,0.00,0.00
2022-02-22,62.93,65.74,62.23,62.87,26141600,0.00,0.00,0.00
2022-02-23,63.55,64.33,60.37,60.38,22715600,0.00,0.00,0.00
2022-02-24,57.07,65.40,57.02,65.08,37847500,0.00,0.00,0.00
2022-02-25,65.98,67.26,63.42,67.26,23424100,0.00,0.00,0.00
2022-02-28,67.51,70.79,66.89,69.89,24211300,0.00,0.00,0.00
2022-03-01,69.62,70.64,67.12,67.75,20733000,0.00,0.00,0.00
2022-03-02,67.90,68.06,64.61,67.00,18851100,0.00,0.00,0.00
2022-03-03,67.46,67.48,62.21,62.74,24278200,0.00,0.00,0.00
2022-03-04,62.74,63.88,59.21,59.73,22924800,0.00,0.00,0.00
2022-03-07,60.33,61.67,57.54,57.57,24605600,0.00,0.00,0.00
2022-03-08,57.21,60.70,55.76,58.14,31957200,0.00,0.00,0.00
2022-03-09,59.87,62.04,59.80,61.20,20602100,0.00,0.00,0.00
2022-03-10,60.02,60.06,57.67,59.05,18053700,0.00,0.00,0.00
2022-03-11,59.88,59.90,54.87,55.12,26358400,0.00,0.00,0.00
2022-03-14,54.63,55.52,51.63,51.86,28904200,0.00,0.00,0.00
2022-03-15,52.23,54.27,51.42,53.94,28910500,0.00,0.00,0.00
2022-03-16,55.34,59.54,55.25,59.54,42136400,0.00,0.00,0.00
2022-03-17,58.80,62.42,58.07,62.41,24872500,0.00,0.00,0.00
2022-03-18,61.76,65.42,61.73,65.23,31000300,0.00,0.00,0.00
2022-03-21,64.60,65.45,62.09,63.45,26482800,0.00,0.00,0.00
2022-03-22,63.38,67.02,63.30,66.42,23130000,0.00,0.00,0.00
2022-03-23,65.39,67.67,64.18,65.13,20568100,0.00,0.00,0.00
2022-03-24,65.72,65.90,62.84,65.85,20788100,0.00,0.00,0.00
2022-03-25,65.69,65.95,62.94,63.98,22178100,0.00,0.00,0.00
2022-03-28,64.88,66.81,63.99,66.51,19877600,0.00,0.00,0.00
2022-03-29,67.96,71.41,67.37,70.80,30754500,0.00,0.00,0.00
2022-03-30,69.90,71.31,67.59,68.11,27168200,0.00,0.00,0.00
2022-03-31,67.82,68.08,65.72,65.74,17418300,0.00,0.00,0.00
2022-04-01,66.21,68.05,65.76,66.98,15783300,0.00,0.00,0.00
2022-04-04,67.66,70.25,67.43,69.92,15964800,0.00,0.00,0.00
2022-04-05,69.59,70.10,65.66,65.93,20621400,0.00,0.00,0.00
2022-04-06,64.31,64.63,61.41,62.88,35520000,0.00,0.00,0.00
2022-04-07,62.64,64.23,60.11,62.14,24830500,0.00,0.00,0.00
2022-04-08,61.69,62.06,59.92,60.15,20603600,0.00,0.00,0.00
2022-04-11,58.82,60.32,57.68,59.35,20493100,0.00,0.00,0.00
2022-04-12,60.93,62.73,58.87,59.35,25354300,0.00,0.00,0.00
2022-04-13,59.09,61.61,58.53,61.22,20889900,0.00,0.00,0.00
2022-04-14,61.02,61.07,58.41,58.50,21319300,0.00,0.00,0.00
2022-04-18,58.09,58.41,55.85,56.88,16187400,0.00,0.00,0.00
2022-04-19,56.74,59.92,56.39,59.18,18305900,0.00,0.00,0.00
2022-04-20,58.78,58.94,55.67,55.67,22753100,0.00,0.00,0.00
2022-04-21,57.28,58.24,52.47,52.90,26814000,0.00,0.00,0.00
2022-04-22,53.09,54.52,51.69,52.03,21931000,0.00,0.00,0.00
2022-04-25,51.61,54.17,51.52,53.90,26061300,0.00,0.00,0.00
2022-04-26,53.37,53.74,50.09,50.26,23989500,0.00,0.00,0.00
2022-04-27,50.19,51.41,49.05,49.15,25873700,0.00,0.00,0.00
2022-04-28,48.28,49.20,45.51,48.47,38939100,0.00,0.00,0.00
2022-04-29,48.23,50.84,46.70,46.74,24789600,0.00,0.00,0.00
2022-05-02,46.61,49.72,45.97,49.72,33584000,0.00,0.00,0.00
2022-05-03,49.27,50.99,48.73,49.46,21910700,0.00,0.00,0.00
2022-05-04,49.33,52.27,47.07,52.00,51205400,0.00,0.00,0.00
2022-05-05,50.81,50.81,46.56,47.36,37096800,0.00,0.00,0.00
2022-05-06,47.25,47.25,43.63,45.25,44973100,0.00,0.00,0.00
2022-05-09,43.76,44.60,40.42,40.79,43539600,0.00,0.00,0.00
2022-05-10,42.30,43.75,38.40,40.74,59822500,0.00,0.00,0.00
2022-05-11,38.94,40.66,36.33,36.62,71471900,0.00,0.00,0.00
2022-05-12,35.62,40.20,34.81,38.67,79683500,0.00,0.00,0.00
2022-05-13,40.67,43.75,40.52,43.24,61854200,0.00,0.00,0.00
2022-05-16,42.85,43.56,40.59,40.68,45703200,0.00,0.00,0.00
2022-05-17,42.17,43.02,40.33,42.72,35939700,0.00,0.00,0.00
2022-05-18,41.71,43.38,40.62,40.83,35805600,0.00,0.00,0.00
2022-05-19,40.87,43.78,40.38,42.67,47657000,0.00,0.00,0.00
2022-05-20,43.49,44.08,39.65,42.06,39631200,0.00,0.00,0.00
2022-05-23,42.19,42.51,40.42,41.79,33045400,0.00,0.00,0.00
2022-05-24,40.76,40.94,38.30,38.89,37754000,0.00,0.00,0.00
2022-05-25,38.77,41.10,38.74,40.69,31671500,0.00,0.00,0.00
2022-05-26,40.36,42.64,40.11,42.28,26800300,0.00,0.00,0.00
2022-05-27,42.89,45.06,42.80,45.03,30032500,0.00,0.00,0.00
2022-05-31,45.21,45.67,42.86,43.73,31455200,0.00,0.00,0.00
2022-06-01,43.81,44.62,41.43,42.15,33850700,0.00,0.00,0.00
2022-06-02,42.33,45.70,41.86,45.25,32364000,0.00,0.00,0.00
2022-06-03,43.73,44.45,42.47,42.80,29389400,0.00,0.00,0.00
2022-06-06,44.07,44.48,42.34,43.13,26421700,0.00,0.00,0.00
2022-06-07,42.17,44.47,41.75,44.41,22570600,0.00,0.00,0.00
2022-06-08,44.50,46.55,44.39,45.61,29138500,0.00,0.00,0.00
2022-06-09,45.27,45.64,42.83,42.84,26094600,0.00,0.00,0.00
2022-06-10,41.27,41.99,39.49,39.78,35927300,0.00,0.00,0.00
2022-06-13,37.45,38.07,35.97,36.28,37771400,0.00,0.00,0.00
2022-06-14,36.79,37.21,35.36,36.68,29587200,0.00,0.00,0.00
2022-06-15,37.12,39.75,36.88,39.09,43043700,0.00,0.00,0.00
2022-06-16,37.31,37.72,36.16,36.67,32536000,0.00,0.00,0.00
2022-06-17,36.85,38.93,36.85,38.48,33022300,0.00,0.00,0.00
2022-06-21,39.60,41.58,39.48,40.17,31473100,0.00,0.00,0.00
2022-06-22,39.29,41.73,39.02,40.77,29914600,0.00,0.00,0.00
2022-06-23,41.29,43.87,40.45,43.67,33227400,0.00,0.00,0.00
2022-06-24,44.40,45.61,43.60,45.45,35391300,0.00,0.00,0.00
2022-06-27,45.45,45.89,43.22,44.43,27260900,0.00,0.00,0.00
2022-06-28,44.36,44.99,41.69,41.82,32045400,0.00,0.00,0.00
2022-06-29,41.54,41.89,40.36,41.17,19880400,0.00,0.00,0.00
2022-06-30,40.41,40.69,38.79,39.55,28027400,0.00,0.00,0.00
2022-07-01,40.04,41.46,39.69,40.88,24141800,0.00,0.00,0.00
2022-07-05,40.23,44.60,39.51,44.60,35158800,0.00,0.00,0.00
2022-07-06,44.41,45.58,43.20,43.60,32722600,0.00,0.00,0.00
2022-07-07,43.73,46.51,43.45,46.44,24738300,0.00,0.00,0.00
2022-07-08,45.32,47.72,44.97,46.47,31978100,0.00,0.00,0.00
2022-07-11,45.80,46.11,43.15,43.26,27702200,0.00,0.00,0.00
2022-07-12,43.99,44.91,42.29,43.95,27942100,0.00,0.00,0.00
2022-07-13,42.09,44.78,41.97,43.65,27190300,0.00,0.00,0.00
2022-07-14,43.25,43.55,41.92,42.74,20181500,0.00,0.00,0.00
2022-07-15,43.28,43.82,41.85,43.75,24023400,0.00,0.00,0.00
2022-07-18,44.88,45.79,43.32,43.61,20960600,0.00,0.00,0.00
2022-07-19,44.49,45.47,43.08,45.42,22726100,0.00,0.00,0.00
2022-07-20,45.76,48.61,45.63,47.72,33357600,0.00,0.00,0.00
2022-07-21,47.30,48.84,47.00,48.56,24568000,0.00,0.00,0.00
2022-07-22,48.59,48.93,45.36,45.87,26650900,0.00,0.00,0.00
2022-07-25,45.56,45.82,44.31,45.27,15385600,0.00,0.00,0.00
2022-07-26,44.40,44.41,43.05,43.11,19099300,0.00,0.00,0.00
2022-07-27,44.14,46.26,43.58,46.00,24411200,0.00,0.00,0.00
2022-07-28,45.56,46.51,43.77,45.80,23455200,0.00,0.00,0.00
2022-07-29,44.44,44.94,43.66,44.76,18632600,0.00,0.00,0.00
2022-08-01,44.12,46.24,43.65,45.31,17273800,0.00,0.00,0.00
2022-08-02,44.63,47.31,44.51,46.52,22796000,0.00,0.00,0.00
2022-08-03,47.58,49.63,46.93,49.35,25539000,0.00,0.00,0.00
2022-08-04,49.66,50.73,48.59,49.76,21185200,0.00,0.00,0.00
2022-08-05,48.28,50.36,47.56,49.66,24414800,0.00,0.00,0.00
2022-08-08,50.05,51.99,49.85,50.38,23057700,0.00,0.00,0.00
2022-08-09,49.45,49.60,46.99,47.63,23306800,0.00,0.00,0.00
2022-08-10,49.93,51.22,48.64,51.14,29012000,0.00,0.00,0.00
2022-08-11,51.81,53.41,49.28,49.51,35137300,0.00,0.00,0.00
2022-08-12,50.31,51.64,49.50,51.58,20859700,0.00,0.00,0.00
2022-08-15,51.12,52.23,50.73,51.76,14842400,0.00,0.00,0.00
2022-08-16,51.55,51.69,48.92,50.32,23830300,0.00,0.00,0.00
2022-08-17,49.09,49.63,47.48,47.63,26056300,0.00,0.00,0.00
2022-08-18,47.71,47.75,46.41,47.11,20655100,0.00,0.00,0.00
2022-08-19,45.86,46.03,44.12,44.32,26784400,0.00,0.00,0.00
2022-08-22,43.60,44.42,42.92,43.25,23561100,0.00,0.00,0.00
2022-08-23,43.14,44.23,42.38,43.01,20718800,0.00,0.00,0.00
2022-08-24,43.22,44.78,42.78,44.13,17333100,0.00,0.00,0.00
2022-08-25,44.67,45.40,44.01,45.40,14679700,0.00,0.00,0.00
2022-08-26,45.27,45.35,42.44,42.49,30049900,0.00,0.00,0.00
2022-08-29,41.55,43.04,41.51,41.78,21172000,0.00,0.00,0.00
2022-08-30,42.45,42.89,40.84,41.56,20542100,0.00,0.00,0.00
2022-08-31,42.44,42.91,41.15,41.53,21133800,0.00,0.00,0.00
2022-09-01,40.82,41.42,39.46,41.37,31291600,0.00,0.00,0.00
2022-09-02,42.10,42.24,40.05,40.25,25414800,0.00,0.00,0.00
2022-09-06,40.40,40.51,39.16,39.76,18361900,0.00,0.00,0.00
2022-09-07,39.43,41.21,39.38,41.13,19716700,0.00,0.00,0.00
2022-09-08,40.41,42.38,40.17,42.35,21837300,0.00,0.00,0.00
2022-09-09,43.07,44.44,43.05,44.23,18687200,0.00,0.00,0.00
2022-09-12,44.55,45.30,44.04,45.30,17823000,0.00,0.00,0.00
2022-09-13,42.68,43.22,42.06,42.23,30460100,0.00,0.00,0.00
2022-09-14,42.36,43.43,41.51,43.39,24922000,0.00,0.00,0.00
2022-09-15,42.86,45.14,42.77,44.34,23100600,0.00,0.00,0.00
2022-09-16,43.17,43.20,41.75,42.23,29729300,0.00,0.00,0.00
2022-09-19,41.66,42.19,40.85,42.14,18806700,0.00,0.00,0.00
2022-09-20,41.55,42.22,41.00,41.10,16091300,0.00,0.00,0.00
2022-09-21,41.28,42.43,40.01,40.01,26726800,0.00,0.00,0.00
2022-09-22,39.73,39.96,38.13,38.29,25651700,0.00,0.00,0.00
2022-09-23,37.66,38.34,36.78,37.52,29165900,0.00,0.00,0.00
2022-09-26,37.47,38.83,37.02,37.12,22723300,0.00,0.00,0.00
2022-09-27,38.30,38.93,37.17,37.89,24813600,0.00,0.00,0.00
2022-09-28,38.12,39.93,37.89,39.66,26898100,0.00,0.00,0.00
2022-09-29,38.78,38.97,37.05,37.49,21488600,0.00,0.00,0.00
2022-09-30,37.40,39.12,37.20,37.42,23654100,0.00,0.00,0.00
2022-10-03,37.69,38.07,36.52,37.59,26619800,0.00,0.00,0.00
2022-10-04,38.98,40.56,38.93,40.45,31321400,0.00,0.00,0.00
2022-10-05,39.41,39.96,38.34,39.71,20932500,0.00,0.00,0.00
2022-10-06,39.57,40.63,39.03,39.84,19942300,0.00,0.00,0.00
2022-10-07,38.75,38.87,37.01,37.22,25352600,0.00,0.00,0.00
2022-10-10,37.29,37.29,35.55,36.00,21146200,0.00,0.00,0.00
2022-10-11,35.74,36.55,34.34,35.36,29745400,0.00,0.00,0.00
2022-10-12,35.39,35.96,34.52,35.82,20427300,0.00,0.00,0.00
2022-10-13,33.89,36.18,33.46,35.74,31092800,0.00,0.00,0.00
2022-10-14,36.49,36.95,33.65,33.71,26041200,0.00,0.00,0.00
2022-10-17,35.13,36.39,34.99,36.08,24159200,0.00,0.00,0.00
2022-10-18,37.67,38.04,35.92,36.66,24733200,0.00,0.00,0.00
2022-10-19,36.22,36.30,34.81,35.09,23992200,0.00,0.00,0.00
2022-10-20,34.80,36.40,34.63,34.96,22763500,0.00,0.00,0.00
2022-10-21,34.82,35.62,34.01,35.58,28271200,0.00,0.00,0.00
2022-10-24,35.34,35.38,33.77,35.14,25299700,0.00,0.00,0.00
2022-10-25,35.53,37.59,35.49,37.50,26198100,0.00,0.00,0.00
2022-10-26,36.96,39.17,36.75,37.58,31251200,0.00,0.00,0.00
2022-10-27,38.35,38.66,37.27,37.56,20092000,0.00,0.00,0.00
2022-10-28,37.52,38.61,36.84,38.57,24616300,0.00,0.00,0.00
2022-10-31,38.23,38.83,37.48,37.96,19914500,0.00,0.00,0.00
2022-11-01,39.14,39.42,37.95,37.97,19113600,0.00,0.00,0.00
2022-11-02,37.85,38.86,36.13,36.14,28772700,0.00,0.00,0.00
2022-11-03,35.29,37.03,35.01,35.90,21939500,0.00,0.00,0.00
2022-11-04,36.75,36.93,34.04,34.93,29093100,0.00,0.00,0.00
2022-11-07,35.25,35.46,33.92,34.70,20041200,0.00,0.00,0.00
2022-11-08,34.72,35.83,33.82,34.56,30769300,0.00,0.00,0.00
2022-11-09,33.92,33.98,32.24,32.30,30134400,0.00,0.00,0.00
2022-11-10,35.26,37.02,34.56,36.99,48307100,0.00,0.00,0.00
2022-11-11,36.34,40.59,36.09,40.07,44346200,0.00,0.00,0.00
2022-11-14,39.47,39.93,38.43,38.59,31587800,0.00,0.00,0.00
2022-11-15,40.34,40.95,39.06,39.64,31873000,0.00,0.00,0.00
2022-11-16,38.92,38.99,37.39,37.60,23821200,0.00,0.00,0.00
2022-11-17,36.52,37.34,36.12,36.81,21338100,0.00,0.00,0.00
2022-11-18,37.68,37.71,35.91,36.26,20206000,0.00,0.00,0.00
2022-11-21,35.86,36.01,34.48,34.91,24082200,0.00,0.00,0.00
2022-11-22,34.88,35.04,33.99,35.02,19686400,0.00,0.00,0.00
2022-11-23,35.17,36.23,35.03,36.02,25525900,0.00,0.00,0.00
2022-11-25,35.73,35.86,35.31,35.70,8847400,0.00,0.00,0.00
2022-11-28,35.30,36.01,34.50,34.70,16952600,0.00,0.00,0.00
2022-11-29,34.83,35.52,34.40,34.51,17363000,0.00,0.00,0.00
2022-11-30,34.59,37.19,34.43,37.17,35243800,0.00,0.00,0.00
2022-12-01,37.39,37.98,36.56,37.59,24429200,0.00,0.00,0.00
2022-12-02,36.63,37.99,36.43,37.84,21188000,0.00,0.00,0.00
2022-12-05,37.32,37.86,35.53,35.77,25455800,0.00,0.00,0.00
2022-12-06,35.69,35.77,34.05,34.33,22781700,0.00,0.00,0.00
2022-12-07,34.02,34.71,33.68,34.07,22170100,0.00,0.00,0.00
2022-12-08,34.31,35.23,33.57,34.87,22192200,0.00,0.00,0.00
2022-12-09,34.62,35.41,34.35,34.36,19110900,0.00,0.00,0.00
2022-12-12,34.10,35.02,33.80,35.02,16596300,0.00,0.00,0.00
2022-12-13,37.24,38.06,34.38,35.00,40489300,0.00,0.00,0.00
2022-12-14,34.81,35.47,34.14,34.64,30821600,0.00,0.00,0.00
2022-12-15,33.63,34.06,32.89,32.95,24502900,0.00,0.00,0.00
2022-12-16,33.18,33.59,32.40,32.98,25057100,0.00,0.00,0.00
2022-12-19,32.84,32.98,31.76,31.95,19565600,0.00,0.00,0.00
2022-12-20,31.64,32.55,31.44,31.90,18487900,0.00,0.00,0.00
2022-12-21,32.18,32.92,31.73,32.44,19605000,0.00,0.00,0.00
2022-12-22,31.83,31.86,30.34,31.34,24439700,0.00,0.00,0.00
2022-12-23,31.15,31.39,30.43,30.71,21826000,0.00,0.00,0.00
2022-12-27,30.26,30.34,29.41,29.53,19944700,0.00,0.00,0.00
2022-12-28,29.51,30.03,29.19,29.39,20305300,0.00,0.00,0.00
2022-12-29,29.93,31.13,29.71,30.91,25286900,0.00,0.00,0.00
2022-12-30,30.23,31.02,29.99,30.98,19036500,0.00,0.00,0.00
2023-01-03,31.58,31.88,29.77,30.21,24764600,0.00,0.00,0.00
2023-01-04,30.63,31.68,30.32,31.52,24025500,0.00,0.00,0.00
2023-01-05,31.13,31.17,30.30,30.76,15689500,0.00,0.00,0.00
2023-01-06,30.67,31.42,29.80,31.11,24596200,0.00,0.00,0.00
2023-01-09,32.16,33.17,31.76,32.54,25848500,0.00,0.00,0.00
2023-01-10,32.37,33.36,32.32,33.34,18974600,0.00,0.00,0.00
2023-01-11,33.65,34.47,33.18,34.47,22832100,0.00,0.00,0.00
2023-01-12,34.61,35.21,33.10,35.20,26598200,0.00,0.00,0.00
2023-01-13,34.38,35.72,34.32,35.69,26437400,0.00,0.00,0.00
2023-01-17,35.92,36.81,35.18,36.73,19280800,0.00,0.00,0.00
2023-01-18,37.28,37.70,35.63,35.65,29263000,0.00,0.00,0.00
2023-01-19,35.01,35.32,34.15,34.50,24398300,0.00,0.00,0.00
2023-01-20,35.04,36.32,34.52,36.20,25075100,0.00,0.00,0.00
2023-01-23,36.38,37.78,36.02,37.77,24992400,0.00,0.00,0.00
2023-01-24,37.29,38.29,36.96,37.17,22097700,0.00,0.00,0.00
2023-01-25,36.12,37.27,35.38,37.20,24706600,0.00,0.00,0.00
2023-01-26,38.48,38.85,37.01,37.95,23479300,0.00,0.00,0.00
2023-01-27,37.71,40.35,37.61,40.06,37709700,0.00,0.00,0.00
2023-01-30,39.37,39.75,38.14,38.19,26755000,0.00,0.00,0.00
2023-01-31,38.37,39.76,38.37,39.60,21537900,0.00,0.00,0.00
2023-02-01,39.77,41.71,38.91,41.35,37584200,0.00,0.00,0.00
2023-02-02,42.98,45.08,42.74,44.04,56094200,0.00,0.00,0.00
2023-02-03,42.07,44.26,41.75,42.50,45729600,0.00,0.00,0.00
2023-02-06,41.85,42.51,41.49,41.89,27496300,0.00,0.00,0.00
2023-02-07,41.93,42.82,40.96,42.62,39347900,0.00,0.00,0.00
2023-02-08,42.38,43.19,41.37,41.39,24619800,0.00,0.00,0.00
2023-02-09,42.19,42.33,39.90,40.17,25579600,0.00,0.00,0.00
2023-02-10,39.39,39.91,38.41,38.83,32604500,0.00,0.00,0.00
2023-02-13,38.96,39.81,38.25,39.49,20508000,0.00,0.00,0.00
2023-02-14,39.03,40.65,38.52,40.48,33658600,0.00,0.00,0.00
2023-02-15,40.69,42.88,40.63,42.86,35079100,0.00,0.00,0.00
2023-02-16,41.90,43.40,41.37,41.67,41612400,0.00,0.00,0.00
2023-02-17,41.33,41.65,40.39,41.51,46103700,0.00,0.00,0.00
2023-02-21,40.23,40.91,38.97,38.98,37059600,0.00,0.00,0.00
2023-02-22,39.28,40.12,38.85,39.94,26524100,0.00,0.00,0.00
2023-02-23,40.49,40.50,38.14,39.33,35070500,0.00,0.00,0.00
2023-02-24,38.22,38.63,37.74,38.12,34295900,0.00,0.00,0.00
2023-02-27,38.82,38.82,38.04,38.50,19750200,0.00,0.00,0.00
2023-02-28,38.67,39.74,38.67,39.29,22610700,0.00,0.00,0.00
2023-03-01,39.13,39.35,38.16,38.38,23423300,0.00,0.00,0.00
2023-03-02,37.57,38.98,37.31,38.86,21909600,0.00,0.00,0.00
2023-03-03,39.01,40.37,38.91,40.13,19546300,0.00,0.00,0.00
2023-03-06,40.33,40.64,39.28,39.29,19469500,0.00,0.00,0.00
2023-03-07,39.28,39.80,38.63,38.64,26274200,0.00,0.00,0.00
2023-03-08,38.59,38.95,37.92,38.59,17547700,0.00,0.00,0.00
2023-03-09,38.74,39.27,36.88,36.98,26786400,0.00,0.00,0.00
2023-03-10,36.63,36.96,34.98,35.72,60854100,0.00,0.00,0.00
2023-03-13,35.31,37.32,34.52,36.67,58533200,0.00,0.00,0.00
2023-03-14,37.87,38.16,36.96,37.46,31615500,0.00,0.00,0.00
2023-03-15,36.75,37.77,36.70,37.76,38618400,0.00,0.00,0.00
2023-03-16,38.21,39.16,37.61,38.92,27952200,0.00,0.00,0.00
2023-03-17,38.73,39.04,37.77,38.36,28008200,0.00,0.00,0.00
2023-03-20,38.29,38.52,37.33,37.90,21337400,0.00,0.00,0.00
2023-03-21,38.51,40.17,38.34,40.01,28736400,0.00,0.00,0.00
2023-03-22,40.08,40.12,38.05,38.07,33984500,0.00,0.00,0.00
2023-03-23,37.62,38.99,36.88,37.49,33756800,0.00,0.00,0.00
2023-03-24,37.07,37.66,36.71,37.42,21510300,0.00,0.00,0.00
2023-03-27,38.01,38.43,37.05,37.45,18408700,0.00,0.00,0.00
2023-03-28,37.30,37.53,36.65,36.88,14259300,0.00,0.00,0.00
2023-03-29,37.55,38.37,37.31,38.27,19295200,0.00,0.00,0.00
2023-03-30,38.92,39.06,37.99,38.16,14707000,0.00,0.00,0.00
2023-03-31,38.55,40.11,38.27,40.01,26759800,0.00,0.00,0.00
2023-04-03,39.45,39.69,38.43,39.25,18304600,0.00,0.00,0.00
2023-04-04,39.53,39.66,38.62,39.04,15160000,0.00,0.00,0.00
2023-04-05,38.74,38.77,37.28,37.66,18952500,0.00,0.00,0.00
2023-04-06,37.38,38.35,36.87,38.25,17005200,0.00,0.00,0.00
2023-04-10,37.60,38.21,37.24,38.21,15013200,0.00,0.00,0.00
2023-04-11,38.40,38.73,38.03,38.45,14171000,0.00,0.00,0.00
2023-04-12,39.29,39.51,37.30,37.34,21343900,0.00,0.00,0.00
2023-04-13,37.83,39.19,37.76,38.84,19604700,0.00,0.00,0.00
2023-04-14,38.68,39.09,38.00,38.47,14184200,0.00,0.00,0.00
2023-04-17,38.10,38.76,37.90,38.65,11363800,0.00,0.00,0.00
2023-04-18,39.11,39.16,38.36,38.57,12372300,0.00,0.00,0.00
2023-04-19,37.94,38.85,37.62,38.54,13336400,0.00,0.00,0.00
2023-04-20,37.70,38.11,37.03,37.08,18316100,0.00,0.00,0.00
2023-04-21,37.17,37.44,36.86,37.32,14707800,0.00,0.00,0.00
2023-04-24,37.27,37.59,36.27,36.81,13721600,0.00,0.00,0.00
2023-04-25,36.60,36.68,35.61,35.61,15152500,0.00,0.00,0.00
2023-04-26,36.15,36.19,34.80,34.93,16821100,0.00,0.00,0.00
2023-04-27,35.22,35.74,34.95,35.40,13178100,0.00,0.00,0.00
2023-04-28,35.23,35.85,34.68,35.62,13054400,0.00,0.00,0.00
2023-05-01,35.46,35.78,35.11,35.44,13656900,0.00,0.00,0.00
2023-05-02,35.27,35.41,34.55,34.61,15783200,0.00,0.00,0.00
2023-05-03,34.68,35.49,34.43,34.47,22461400,0.00,0.00,0.00
2023-05-04,34.81,35.60,34.68,35.44,15979600,0.00,0.00,0.00
2023-05-05,36.23,37.19,36.10,37.08,18041400,0.00,0.00,0.00
2023-05-08,37.13,37.57,36.66,37.51,14507500,0.00,0.00,0.00
2023-05-09,37.04,37.96,36.94,37.93,8955100,0.00,0.00,0.00
2023-05-10,38.61,39.10,38.12,38.47,19015400,0.00,0.00,0.00
2023-05-11,38.52,38.75,38.09,38.54,11655600,0.00,0.00,0.00
2023-05-12,38.57,38.64,37.19,37.37,16636800,0.00,0.00,0.00
2023-05-15,37.30,38.56,37.16,38.25,11591400,0.00,0.00,0.00
2023-05-16,37.80,37.85,37.16,37.31,12230700,0.00,0.00,0.00
2023-05-17,37.49,38.38,37.11,38.26,13639000,0.00,0.00,0.00
2023-05-18,38.23,38.91,38.01,38.80,16548300,0.00,0.00,0.00
2023-05-19,38.80,38.97,38.11,38.38,15071900,0.00,0.00,0.00
2023-05-22,38.54,40.42,38.41,40.24,22861800,0.00,0.00,0.00
2023-05-23,39.92,40.94,39.37,39.37,23436000,0.00,0.00,0.00
2023-05-24,38.81,39.33,38.43,39.13,16276400,0.00,0.00,0.00
2023-05-25,39.32,39.34,37.84,38.06,17870500,0.00,0.00,0.00
2023-05-26,38.09,39.33,38.06,38.78,19082000,0.00,0.00,0.00
2023-05-30,39.74,40.50,39.09,39.48,20511900,0.00,0.00,0.00
2023-05-31,39.19,40.16,39.03,40.16,15147000,0.00,0.00,0.00
2023-06-01,39.82,41.26,39.48,40.77,14767400,0.00,0.00,0.00
2023-06-02,41.36,41.68,40.51,41.28,18025400,0.00,0.00,0.00
2023-06-05,41.24,41.88,40.96,41.71,14419900,0.00,0.00,0.00
2023-06-06,41.05,42.43,40.69,42.33,15320300,0.00,0.00,0.00
2023-06-07,42.94,43.47,41.74,41.90,21574800,0.00,0.00,0.00
2023-06-08,41.74,42.38,41.56,42.33,11506300,0.00,0.00,0.00
2023-06-09,43.14,43.48,42.09,42.16,16319700,0.00,0.00,0.00
2023-06-12,42.41,43.18,42.18,42.92,14792100,0.00,0.00,0.00
2023-06-13,43.53,44.04,43.22,43.92,18559100,0.00,0.00,0.00
2023-06-14,43.98,44.28,42.79,43.71,20211700,0.00,0.00,0.00
2023-06-15,43.17,44.33,42.97,44.17,16791500,0.00,0.00,0.00
2023-06-16,44.58,44.63,43.72,43.94,12975700,0.00,0.00,0.00
2023-06-20,43.65,44.34,43.05,43.89,10835300,0.00,0.00,0.00
2023-06-21,43.93,43.96,42.13,42.31,16387400,0.00,0.00,0.00
2023-06-22,41.94,42.45,41.60,42.32,10918900,0.00,0.00,0.00
2023-06-23,41.58,42.08,41.16,41.79,13766700,0.00,0.00,0.00
2023-06-26,41.51,42.54,41.41,41.55,9556700,0.00,0.00,0.00
2023-06-27,41.95,43.11,41.71,42.96,16946900,0.00,0.00,0.00
2023-06-28,42.90,44.13,42.70,43.81,12814200,0.00,0.00,0.00
2023-06-29,43.83,44.14,43.25,43.43,11056800,0.00,0.00,0.00
2023-06-30,44.17,44.32,43.63,43.77,12080200,0.00,0.00,0.00
2023-07-03,44.15,45.05,44.15,44.75,7755900,0.00,0.00,0.00
2023-07-05,44.37,44.80,43.98,44.59,8985500,0.00,0.00,0.00
2023-07-06,43.66,43.83,42.40,42.88,16128100,0.00,0.00,0.00
2023-07-07,43.10,43.95,43.04,43.37,9855900,0.00,0.00,0.00
2023-07-10,43.33,45.00,43.17,44.99,15846600,0.00,0.00,0.00
2023-07-11,45.26,46.91,45.13,46.66,24449000,0.00,0.00,0.00
2023-07-12,47.83,47.83,46.46,47.09,22574400,0.00,0.00,0.00
2023-07-13,47.62,49.38,47.30,49.22,25614600,0.00,0.00,0.00
2023-07-14,49.33,50.01,47.84,48.17,23522500,0.00,0.00,0.00
2023-07-17,48.17,49.48,47.80,49.27,13387300,0.00,0.00,0.00
2023-07-18,49.44,49.74,49.03,49.45,12629200,0.00,0.00,0.00
2023-07-19,50.04,50.91,49.55,50.23,18358500,0.00,0.00,0.00
2023-07-20,49.33,49.67,47.20,47.36,26694600,0.00,0.00,0.00
2023-07-21,47.99,48.22,47.00,47.53,15793700,0.00,0.00,0.00
2023-07-24,47.43,47.65,46.52,47.02,11815000,0.00,0.00,0.00
2023-07-25,47.21,47.73,46.85,46.88,9332300,0.00,0.00,0.00
2023-07-26,46.79,48.12,46.64,47.88,13412700,0.00,0.00,0.00
2023-07-27,48.96,49.01,46.28,46.48,19613700,0.00,0.00,0.00
2023-07-28,47.71,49.03,47.58,49.03,17747200,0.00,0.00,0.00
2023-07-31,49.37,50.07,49.28,50.03,13604800,0.00,0.00,0.00
2023-08-01,49.40,49.42,48.27,49.04,14679300,0.00,0.00,0.00
2023-08-02,47.77,47.78,45.95,46.30,24820400,0.00,0.00,0.00
2023-08-03,45.75,46.20,45.48,45.81,16316100,0.00,0.00,0.00
2023-08-04,46.07,46.26,44.92,45.00,18265300,0.00,0.00,0.00
2023-08-07,45.16,45.22,43.87,44.78,17416200,0.00,0.00,0.00
2023-08-08,44.11,44.64,43.78,44.54,14785200,0.00,0.00,0.00
2023-08-09,44.41,44.45,42.88,42.93,18186300,0.00,0.00,0.00
2023-08-10,43.42,43.91,42.28,42.62,19520400,0.00,0.00,0.00
2023-08-11,42.11,42.75,42.00,42.40,12415000,0.00,0.00,0.00
2023-08-14,41.89,42.58,41.53,42.57,9937500,0.00,0.00,0.00
2023-08-15,42.28,42.46,41.77,41.82,11844800,0.00,0.00,0.00
2023-08-16,41.65,41.78,40.89,40.90,13777100,0.00,0.00,0.00
2023-08-17,40.95,40.95,39.89,39.91,16288100,0.00,0.00,0.00
2023-08-18,39.02,40.43,38.99,40.05,21619700,0.00,0.00,0.00
2023-08-21,40.26,40.85,40.01,40.76,16309900,0.00,0.00,0.00
2023-08-22,41.25,41.38,40.23,40.67,11937500,0.00,0.00,0.00
2023-08-23,40.66,41.76,40.58,41.61,11937800,0.00,0.00,0.00
2023-08-24,41.90,41.95,40.09,40.14,16708100,0.00,0.00,0.00
2023-08-25,40.16,41.00,39.81,40.63,17067500,0.00,0.00,0.00
2023-08-28,41.02,41.25,40.54,40.74,9120800,0.00,0.00,0.00
2023-08-29,40.74,43.06,40.53,42.95,20413800,0.00,0.00,0.00
2023-08-30,42.70,43.40,42.36,43.25,9477500,0.00,0.00,0.00
2023-08-31,43.47,43.74,43.04,43.39,11163700,0.00,0.00,0.00
2023-09-01,43.75,43.96,43.13,43.26,13674300,0.00,0.00,0.00
2023-09-05,42.92,43.75,42.81,43.65,9165800,0.00,0.00,0.00
2023-09-06,43.88,44.32,43.33,43.80,12236500,0.00,0.00,0.00
2023-09-07,42.93,43.77,42.61,43.65,11734100,0.00,0.00,0.00
2023-09-08,44.00,44.40,43.42,43.68,11197900,0.36,0.00,0.00
2023-09-11,44.22,44.81,43.87,44.60,11086400,0.00,0.00,0.00
2023-09-12,44.24,45.16,44.01,44.01,11424700,0.00,0.00,0.00
2023-09-13,43.87,44.22,43.28,43.43,10480200,0.00,0.00,0.00
2023-09-14,43.67,44.00,43.22,43.61,9560600,0.00,0.00,0.00
2023-09-15,43.51,43.72,42.72,43.06,12787000,0.00,0.00,0.00
2023-09-18,42.93,42.93,42.01,42.01,10385300,0.00,0.00,0.00
2023-09-19,41.87,41.97,41.08,41.51,11379400,0.00,0.00,0.00
2023-09-20,41.73,42.07,40.76,40.78,13609900,0.00,0.00,0.00
2023-09-21,39.99,40.17,39.53,39.54,16408400,0.00,0.00,0.00
2023-09-22,39.99,40.09,38.79,38.82,13292800,0.00,0.00,0.00
2023-09-25,38.55,39.08,38.37,38.80,11853800,0.00,0.00,0.00
2023-09-26,38.56,39.25,38.36,38.43,16883100,0.00,0.00,0.00
2023-09-27,39.01,39.21,38.13,38.68,16236400,0.00,0.00,0.00
2023-09-28,38.70,39.55,38.20,39.12,15932100,0.00,0.00,0.00
2023-09-29,39.84,40.24,39.48,39.67,17449500,0.00,0.00,0.00
2023-10-02,39.69,39.91,38.78,39.04,17508400,0.00,0.00,0.00
2023-10-03,38.53,39.09,37.76,37.97,17963200,0.00,0.00,0.00
2023-10-04,38.12,38.67,37.55,38.53,15404500,0.00,0.00,0.00
2023-10-05,38.39,38.75,37.74,38.54,12411200,0.00,0.00,0.00
2023-10-06,37.84,39.34,37.78,39.21,16356700,0.00,0.00,0.00
2023-10-09,38.41,39.47,38.33,39.36,11205800,0.00,0.00,0.00
2023-10-10,39.44,40.81,39.44,40.19,14549800,0.00,0.00,0.00
2023-10-11,40.37,40.77,39.49,39.90,12459800,0.00,0.00,0.00
2023-10-12,39.97,39.97,38.28,38.48,14137700,0.00,0.00,0.00
2023-10-13,38.43,38.55,37.56,37.77,13079900,0.00,0.00,0.00
2023-10-16,38.03,38.68,37.59,38.53,13624400,0.00,0.00,0.00
2023-10-17,38.00,39.44,38.00,39.18,13700800,0.00,0.00,0.00
2023-10-18,38.78,38.87,37.38,37.43,16694700,0.00,0.00,0.00
2023-10-19,37.43,37.63,36.52,36.61,21633800,0.00,0.00,0.00
2023-10-20,36.52,36.76,35.88,36.03,18021800,0.00,0.00,0.00
2023-10-23,35.67,36.81,35.10,36.11,19262800,0.00,0.00,0.00
2023-10-24,36.77,37.96,36.77,37.17,17580700,0.00,0.00,0.00
2023-10-25,36.68,36.79,35.17,35.22,17377400,0.00,0.00,0.00
2023-10-26,35.27,35.71,34.43,34.76,20928900,0.00,0.00,0.00
2023-10-27,35.28,35.43,34.07,34.10,14793000,0.00,0.00,0.00
2023-10-30,34.53,34.80,33.76,34.29,13990300,0.00,0.00,0.00
2023-10-31,34.34,35.22,34.08,35.08,10991900,0.00,0.00,0.00
2023-11-01,35.25,35.36,34.54,35.31,17265800,0.00,0.00,0.00
2023-11-02,37.09,38.30,37.05,38.28,28629700,0.00,0.00,0.00
2023-11-03,39.19,40.74,39.10,40.44,28343100,0.00,0.00,0.00
2023-11-06,40.68,40.82,39.14,39.77,21315700,0.00,0.00,0.00
2023-11-07,39.99,41.01,39.69,40.91,18153800,0.00,0.00,0.00
2023-11-08,41.05,41.05,39.94,40.34,18400900,0.00,0.00,0.00
2023-11-09,40.68,40.89,38.94,39.09,25529800,0.00,0.00,0.00
2023-11-10,39.01,39.86,38.74,39.73,19122000,0.00,0.00,0.00
2023-11-13,39.37,39.93,38.71,39.91,13480200,0.00,0.00,0.00
2023-11-14,41.56,42.05,41.21,41.95,25966900,0.00,0.00,0.00
2023-11-15,42.12,43.75,42.12,43.01,25809100,0.00,0.00,0.00
2023-11-16,42.67,42.73,41.62,42.21,17763900,0.00,0.00,0.00
2023-11-17,42.54,43.73,42.34,43.70,16884700,0.00,0.00,0.00
2023-11-20,43.85,45.03,43.72,44.88,15765600,0.00,0.00,0.00
2023-11-21,44.25,44.41,43.61,43.87,13742800,0.00,0.00,0.00
2023-11-22,44.33,44.59,43.63,44.32,11580800,0.00,0.00,0.00
2023-11-24,44.19,45.12,44.17,44.88,7296100,0.00,0.00,0.00
2023-11-27,44.65,45.67,44.28,45.45,13262100,0.00,0.00,0.00
2023-11-28,45.39,46.77,44.99,46.70,17917700,0.00,0.00,0.00
2023-11-29,47.21,48.01,46.70,46.90,23347300,0.00,0.00,0.00
2023-11-30,47.17,47.28,45.85,46.11,21365300,0.00,0.00,0.00
2023-12-01,46.55,48.45,46.07,48.43,24737400,0.00,0.00,0.00
2023-12-04,48.35,48.99,47.71,48.69,24898400,0.00,0.00,0.00
2023-12-05,48.23,48.94,47.88,48.26,17314000,0.00,0.00,0.00
2023-12-06,48.76,49.35,47.99,48.04,20196000,0.00,0.00,0.00
2023-12-07,47.83,48.38,47.50,48.29,13434300,0.00,0.00,0.00
2023-12-08,48.06,49.69,47.78,49.18,19869100,0.00,0.00,0.00
2023-12-11,48.61,48.74,48.01,48.53,13698200,0.00,0.00,0.00
2023-12-12,48.55,48.64,47.82,48.38,11432500,0.00,0.00,0.00
2023-12-13,48.38,50.17,47.40,50.17,28900400,0.00,0.00,0.00
2023-12-14,51.28,52.50,51.14,52.02,41229700,0.00,0.00,0.00
2023-12-15,51.96,52.17,50.80,51.11,18894800,0.00,0.00,0.00
2023-12-18,50.69,51.64,50.56,51.07,12645000,0.00,0.00,0.00
2023-12-19,51.52,53.40,51.47,53.18,21980300,0.00,0.00,0.00
2023-12-20,53.08,53.58,50.99,51.01,24224300,0.00,0.00,0.00
2023-12-21,52.04,52.46,51.28,52.31,15321700,0.00,0.00,0.00
2023-12-22,52.57,53.34,52.34,53.01,15303400,0.00,0.00,0.00
2023-12-26,53.25,54.02,53.07,53.79,13212000,0.00,0.00,0.00
2023-12-27,54.30,54.52,53.80,54.26,13797900,0.00,0.00,0.00
2023-12-28,54.00,54.39,53.79,54.14,11828200,0.00,0.00,0.00
2023-12-29,54.00,54.21,52.24,52.37,18769100,0.00,0.00,0.00
2024-01-02,51.80,51.84,50.22,50.50,24389200,0.00,0.00,0.00
2024-01-03,49.24,49.46,48.37,48.52,27345600,0.00,0.00,0.00
2024-01-04,48.41,49.39,48.07,48.91,16950600,0.00,0.00,0.00
2024-01-05,48.35,49.35,48.17,48.90,17077900,0.00,0.00,0.00
2024-01-08,48.97,50.38,48.70,50.28,16536500,0.00,0.00,0.00
2024-01-09,49.70,50.16,49.37,49.50,13039100,0.00,0.00,0.00
2024-01-10,49.50,49.80,48.52,49.35,15628700,0.00,0.00,0.00
2024-01-11,49.41,49.54,47.38,48.18,21393200,0.00,0.00,0.00
2024-01-12,48.03,48.90,47.32,47.38,14080300,0.00,0.00,0.00
2024-01-16,46.71,47.18,46.04,46.76,17273000,0.00,0.00,0.00
2024-01-17,45.94,45.99,45.20,45.92,15512800,0.00,0.00,0.00
2024-01-18,46.45,46.56,45.08,45.66,18101400,0.00,0.00,0.00
2024-01-19,45.92,46.30,45.02,46.28,16684600,0.00,0.00,0.00
2024-01-22,46.89,48.53,46.80,47.33,23104100,0.00,0.00,0.00
2024-01-23,47.68,47.92,46.89,47.38,12640300,0.00,0.00,0.00
2024-01-24,48.22,48.23,46.25,46.28,16696200,0.00,0.00,0.00
2024-01-25,46.28,46.70,45.53,45.82,16519900,0.00,0.00,0.00
2024-01-26,46.21,46.88,45.78,45.92,13739400,0.00,0.00,0.00
2024-01-29,46.19,48.19,45.92,48.11,18104200,0.00,0.00,0.00
2024-01-30,48.10,48.10,46.85,46.86,15485300,0.00,0.00,0.00
2024-01-31,46.26,47.43,45.33,45.41,27028900,0.00,0.00,0.00
2024-02-01,45.80,46.39,44.99,46.03,17395500,0.00,0.00,0.00
2024-02-02,45.75,46.81,45.22,46.66,21927600,0.00,0.00,0.00
2024-02-05,46.20,46.30,44.62,45.20,19679300,0.00,0.00,0.00
2024-02-06,45.45,46.74,45.29,46.70,14335800,0.00,0.00,0.00
2024-02-07,47.05,47.59,46.33,47.17,11384500,0.00,0.00,0.00
2024-02-08,47.47,48.60,47.12,48.44,14530300,0.00,0.00,0.00
2024-02-09,49.17,49.91,48.85,49.59,17091700,0.00,0.00,0.00
2024-02-12,49.60,51.10,49.56,50.72,13661700,0.00,0.00,0.00
2024-02-13,48.07,48.88,47.39,47.88,25947600,0.00,0.00,0.00
2024-02-14,49.12,50.56,48.77,50.50,17210500,0.00,0.00,0.00
2024-02-15,51.00,52.06,50.81,51.64,15272600,0.00,0.00,0.00
2024-02-16,50.96,51.74,50.29,50.33,16510800,0.00,0.00,0.00
2024-02-20,49.52,49.88,47.87,48.69,15225400,0.00,0.00,0.00
2024-02-21,47.64,47.91,46.91,47.31,12634700,0.00,0.00,0.00
2024-02-22,48.12,48.75,47.62,48.48,10923300,0.00,0.00,0.00
2024-02-23,48.89,49.29,48.10,48.41,10598600,0.00,0.00,0.00
2024-02-26,48.44,50.14,48.38,50.08,12132700,0.00,0.00,0.00
2024-02-27,50.82,51.54,50.60,51.54,14213500,0.00,0.00,0.00
2024-02-28,51.30,52.08,50.91,51.16,12116300,0.00,0.00,0.00
2024-02-29,52.06,52.33,50.71,51.25,12412400,0.00,0.00,0.00
2024-03-01,51.07,51.59,50.36,51.14,10880600,0.00,0.00,0.00
2024-03-04,51.37,51.48,50.19,50.68,9194800,0.00,0.00,0.00
2024-03-05,50.00,50.47,48.58,48.90,14098000,0.00,0.00,0.00
2024-03-06,49.91,50.17,48.97,49.68,12097400,0.00,0.00,0.00
2024-03-07,50.07,50.59,49.49,50.25,8873600,0.00,0.00,0.00
2024-03-08,50.81,52.43,50.24,50.75,16412400,0.00,0.00,0.00
2024-03-11,50.94,51.80,50.49,50.65,11376900,0.00,0.00,0.00
2024-03-12,50.83,50.89,49.53,50.25,10073700,0.00,0.00,0.00
2024-03-13,49.94,51.31,49.78,50.36,9033700,0.00,0.00,0.00
2024-03-14,50.38,50.61,48.19,48.74,17854600,0.00,0.00,0.00
2024-03-15,48.22,49.15,48.15,48.66,11891700,0.00,0.00,0.00
2024-03-18,48.90,49.12,48.03,48.79,8728900,0.00,0.00,0.00
2024-03-19,48.05,48.78,47.45,48.51,11645300,0.00,0.00,0.00
2024-03-20,48.44,50.47,48.29,50.21,15661800,0.00,0.00,0.00
2024-03-21,50.76,51.36,50.50,50.53,13537000,0.00,0.00,0.00
2024-03-22,50.07,50.33,49.25,49.41,8941700,0.00,0.00,0.00
2024-03-25,49.42,50.45,49.38,50.25,8755900,0.00,0.00,0.00
2024-03-26,50.81,50.96,50.00,50.03,6904800,0.00,0.00,0.00
2024-03-27,50.79,50.88,49.45,50.11,11450100,0.00,0.00,0.00
2024-03-28,50.22,50.61,49.97,50.08,8248900,0.00,0.00,0.00
2024-04-01,50.07,50.11,48.81,49.24,10411200,0.00,0.00,0.00
2024-04-02,47.69,47.91,47.04,47.78,12988100,0.00,0.00,0.00
2024-04-03,47.46,48.21,47.15,47.92,9935200,0.00,0.00,0.00
2024-04-04,48.46,48.83,47.21,47.27,13315200,0.00,0.00,0.00
2024-04-05,46.73,47.60,46.60,47.12,14138200,0.00,0.00,0.00
2024-04-08,47.69,48.24,47.54,48.10,8719600,0.00,0.00,0.00
2024-04-09,48.11,48.85,48.01,48.62,10160400,0.00,0.00,0.00
2024-04-10,47.13,47.88,46.97,47.49,14640400,0.00,0.00,0.00
2024-04-11,47.78,48.24,47.00,48.20,9271000,0.00,0.00,0.00
2024-04-12,47.70,47.73,46.31,46.51,12187200,0.00,0.00,0.00
2024-04-15,46.73,46.73,44.24,44.38,16070000,0.00,0.00,0.00
2024-04-16,43.84,44.10,43.15,43.65,16870200,0.00,0.00,0.00
2024-04-17,43.99,44.14,42.80,43.02,11875200,0.00,0.00,0.00
2024-04-18,42.97,43.66,42.52,42.91,11458300,0.00,0.00,0.00
2024-04-19,42.75,43.31,41.71,42.00,14695000,0.00,0.00,0.00
2024-04-22,42.19,42.89,41.58,42.60,13511700,0.00,0.00,0.00
2024-04-23,42.79,44.36,42.79,43.87,16446200,0.00,0.00,0.00
2024-04-24,44.78,44.83,43.46,43.90,10415100,0.00,0.00,0.00
2024-04-25,42.63,43.76,42.47,43.61,11227300,0.00,0.00,0.00
2024-04-26,43.63,44.27,43.12,44.07,9101200,0.00,0.00,0.00
2024-04-29,44.70,45.60,44.66,45.13,10564600,0.00,0.00,0.00
2024-04-30,44.58,44.91,43.44,43.46,13900100,0.00,0.00,0.00
2024-05-01,43.10,45.16,42.99,43.82,16056300,0.00,0.00,0.00
2024-05-02,44.49,45.03,43.58,44.93,11188300,0.00,0.00,0.00
2024-05-03,46.25,46.66,45.12,45.47,12656500,0.00,0.00,0.00
2024-05-06,45.92,46.61,45.87,46.50,8257800,0.00,0.00,0.00
2024-05-07,46.20,46.31,45.48,45.55,7904200,0.00,0.00,0.00
2024-05-08,44.57,44.80,44.28,44.43,9753000,0.00,0.00,0.00
2024-05-09,44.04,44.31,43.63,44.16,9359800,0.00,0.00,0.00
2024-05-10,44.33,44.47,42.85,42.92,15483600,0.00,0.00,0.00
2024-05-13,43.40,44.85,43.36,44.17,18083300,0.00,0.00,0.00
2024-05-14,44.65,45.97,44.63,45.12,17216000,0.00,0.00,0.00
2024-05-15,46.07,46.36,44.99,45.77,11198100,0.00,0.00,0.00
2024-05-16,45.58,45.77,44.92,44.96,8377700,0.00,0.00,0.00
2024-05-17,45.24,45.61,44.72,45.45,12442500,0.00,0.00,0.00
2024-05-20,45.39,45.63,44.94,45.60,7354100,0.00,0.00,0.00
2024-05-21,45.50,45.63,45.05,45.20,5510300,0.00,0.00,0.00
2024-05-22,45.13,45.61,44.72,44.99,6739600,0.00,0.00,0.00
2024-05-23,45.27,45.27,43.35,43.61,13952500,0.00,0.00,0.00
2024-05-24,43.77,44.53,43.62,44.38,7302900,0.00,0.00,0.00
2024-05-28,44.26,44.49,43.54,44.03,6819900,0.00,0.00,0.00
2024-05-29,43.37,43.60,42.97,43.48,9531900,0.00,0.00,0.00
2024-05-30,43.03,43.12,42.49,42.79,8973700,0.00,0.00,0.00
2024-05-31,43.20,43.61,41.78,42.45,12984400,0.00,0.00,0.00
2024-06-03,43.00,43.52,42.34,42.98,9725400,0.00,0.00,0.00
2024-06-04,42.73,43.51,42.63,43.23,6093100,0.00,0.00,0.00
2024-06-05,43.55,44.16,43.03,44.15,5980100,0.00,0.00,0.00
2024-06-06,44.09,45.08,43.95,44.76,6468800,0.00,0.00,0.00
2024-06-07,44.18,44.74,43.62,43.80,8128800,0.00,0.00,0.00
2024-06-10,43.40,44.27,43.34,44.15,5333100,0.00,0.00,0.00
2024-06-11,43.88,44.22,43.25,44.16,7323100,0.00,0.00,0.00
2024-06-12,45.30,45.90,44.92,45.08,14274000,0.00,0.00,0.00
2024-06-13,45.48,45.72,44.32,44.38,7833600,0.00,0.00,0.00
2024-06-14,44.20,44.29,43.55,43.87,7431800,0.00,0.00,0.00
2024-06-17,43.53,44.44,43.28,44.13,6124600,0.00,0.00,0.00
2024-06-18,43.97,44.04,43.61,43.68,5110200,0.00,0.00,0.00
2024-06-20,43.60,43.60,42.83,43.37,7628700,0.00,0.00,0.00
2024-06-21,43.20,43.39,42.89,43.32,5168200,0.00,0.00,0.00
2024-06-24,43.32,43.92,42.90,43.24,7288300,0.00,0.00,0.00
2024-06-25,43.24,43.54,42.97,43.33,5606900,0.00,0.00,0.00
2024-06-26,43.15,43.73,43.13,43.58,4631200,0.00,0.00,0.00
2024-06-27,43.35,44.06,43.14,44.01,5397400,0.00,0.00,0.00
2024-06-28,44.16,44.34,43.51,43.95,9033300,0.00,0.00,0.00
2024-07-01,44.05,44.71,44.05,44.45,9780000,0.00,0.00,0.00
2024-07-02,44.55,44.97,44.45,44.82,6426300,0.00,0.00,0.00
2024-07-03,44.96,45.94,44.96,45.61,7347500,0.00,0.00,0.00
2024-07-05,45.47,45.96,44.94,45.95,6361500,0.00,0.00,0.00
2024-07-08,46.02,46.24,45.48,45.89,4505500,0.00,0.00,0.00
2024-07-09,45.84,46.23,45.46,46.05,4825300,0.00,0.00,0.00
2024-07-10,46.14,46.27,45.30,45.95,4884100,0.00,0.00,0.00
2024-07-11,46.56,47.51,45.60,45.71,11690400,0.00,0.00,0.00
2024-07-12,45.86,46.97,45.84,46.79,12112000,0.00,0.00,0.00
2024-07-15,47.37,48.17,46.99,47.70,12771100,0.00,0.00,0.00
2024-07-16,48.03,49.46,47.68,49.40,10343100,0.00,0.00,0.00
2024-07-17,48.44,49.56,47.95,48.43,12734000,0.00,0.00,0.00
2024-07-18,48.47,48.96,46.31,46.57,11949700,0.00,0.00,0.00
2024-07-19,46.57,47.03,46.28,46.63,11128500,0.00,0.00,0.00
2024-07-22,47.09,47.70,46.56,47.66,5318200,0.00,0.00,0.00
2024-07-23,47.51,48.22,47.46,47.76,5351800,0.00,0.00,0.00
2024-07-24,46.70,46.75,44.70,44.71,12303400,0.00,0.00,0.00
2024-07-25,44.60,46.44,44.32,45.19,11275900,0.00,0.00,0.00
2024-07-26,45.87,46.37,45.24,45.78,7211700,0.00,0.00,0.00
2024-07-29,46.24,46.68,45.38,45.93,5145500,0.00,0.00,0.00
2024-07-30,45.99,46.33,44.58,44.96,6237600,0.00,0.00,0.00
2024-07-31,45.46,46.56,45.36,45.53,8636700,0.00,0.00,0.00
2024-08-01,45.37,45.62,42.87,43.21,12734100,0.00,0.00,0.00
2024-08-02,42.11,42.23,40.82,41.21,14706100,0.00,0.00,0.00
2024-08-05,36.99,40.49,36.85,39.59,15053600,0.00,0.00,0.00
2024-08-06,40.24,40.87,39.28,40.20,7607900,0.00,0.00,0.00
2024-08-07,41.11,41.49,39.43,39.47,10883400,0.00,0.00,0.00
2024-08-08,40.18,41.42,39.77,41.29,7710800,0.00,0.00,0.00
2024-08-09,41.48,41.79,41.02,41.46,5427800,0.00,0.00,0.00
2024-08-12,41.48,41.56,40.68,40.92,5402200,0.00,0.00,0.00
2024-08-13,41.35,42.67,41.03,42.59,7470700,0.00,0.00,0.00
2024-08-14,42.83,42.88,41.63,41.91,5358800,0.00,0.00,0.00
2024-08-15,42.75,44.00,42.75,43.92,8355700,0.00,0.00,0.00
2024-08-16,43.60,44.30,43.60,44.09,4383500,0.00,0.00,0.00
2024-08-19,44.17,45.09,44.08,45.09,5995500,0.00,0.00,0.00
2024-08-20,45.12,45.38,44.23,44.54,4753800,0.00,0.00,0.00
2024-08-21,44.74,45.62,44.54,45.61,5335200,0.00,0.00,0.00
2024-08-22,45.68,45.77,44.17,44.25,5996500,0.00,0.00,0.00
2024-08-23,44.84,46.31,44.75,46.24,11504500,0.00,0.00,0.00
2024-08-26,46.19,46.40,45.49,45.73,4373400,0.00,0.00,0.00
2024-08-27,45.36,45.65,44.93,45.42,4287700,0.00,0.00,0.00
2024-08-28,45.21,45.30,43.76,44.27,9604400,0.00,0.00,0.00
2024-08-29,44.77,45.63,44.63,44.68,6658000,0.00,0.00,0.00
2024-08-30,44.89,45.04,44.09,44.82,6622000,0.00,0.00,0.00
2024-09-03,44.54,44.78,42.82,42.98,9582700,0.00,0.00,0.00
2024-09-04,42.63,43.71,42.42,42.87,7890400,0.00,0.00,0.00
2024-09-05,43.04,44.06,42.98,43.60,6052800,0.00,0.00,0.00
2024-09-06,44.04,44.17,41.35,41.59,10392500,0.00,0.00,0.00
2024-09-09,42.17,43.06,42.08,42.64,5809500,0.00,0.00,0.00
2024-09-10,42.94,43.29,42.17,43.29,5733600,0.00,0.00,0.00
2024-09-11,43.13,44.27,42.49,44.23,7164500,0.00,0.00,0.00
2024-09-12,44.43,45.19,43.97,44.98,4902000,0.00,0.00,0.00
2024-09-13,45.14,45.85,45.07,45.76,5711500,0.00,0.00,0.00
2024-09-16,45.53,45.94,44.97,45.69,4271900,0.00,0.00,0.00
2024-09-17,46.18,46.74,45.88,46.06,4820700,0.00,0.00,0.00
2024-09-18,46.13,47.65,45.91,46.18,9655700,0.00,0.00,0.00
2024-09-19,47.69,48.11,47.16,47.42,7075400,0.00,0.00,0.00
2024-09-20,47.10,47.22,46.31,46.90,5751600,0.00,0.00,0.00
2024-09-23,47.10,47.36,46.86,46.94,3530600,0.00,0.00,0.00
2024-09-24,47.24,47.54,46.53,47.45,3826000,0.00,0.00,0.00
2024-09-25,47.35,47.57,46.79,46.86,4347600,0.00,0.00,0.00
2024-09-26,47.55,47.65,46.47,47.27,6838400,0.00,0.00,0.00
2024-09-27,47.62,48.07,47.41,47.88,4036200,0.00,0.00,0.00
2024-09-30,47.60,48.06,47.02,47.53,5108500,0.00,0.00,0.00
2024-10-01,47.66,47.76,45.67,46.18,7446200,0.00,0.00,0.00
2024-10-02,45.75,46.15,45.46,45.87,4557300,0.00,0.00,0.00
2024-10-03,45.40,46.01,45.12,45.39,4789900,0.00,0.00,0.00
2024-10-04,46.26,46.55,45.65,46.55,6955400,0.00,0.00,0.00
2024-10-07,46.32,46.51,45.68,45.91,4028300,0.00,0.00,0.00
2024-10-08,45.64,46.67,45.61,46.64,3855600,0.00,0.00,0.00
2024-10-09,46.62,46.95,46.36,46.65,3133500,0.00,0.00,0.00
2024-10-10,45.97,46.48,45.45,46.17,3867700,0.00,0.00,0.00
2024-10-11,45.54,46.79,45.51,46.64,4359700,0.00,0.00,0.00
2024-10-14,46.91,47.44,46.35,47.37,4885400,0.00,0.00,0.00
2024-10-15,47.29,47.78,46.48,47.29,4208000,0.00,0.00,0.00
2024-10-16,47.56,47.85,47.09,47.69,3493200,0.00,0.00,0.00
2024-10-17,47.70,47.77,46.91,47.04,3629200,0.00,0.00,0.00
2024-10-18,47.38,48.04,47.31,48.03,4640200,0.00,0.00,0.00
2024-10-21,47.74,47.78,46.96,47.38,6911700,0.00,0.00,0.00
2024-10-22,47.06,47.28,46.82,47.15,5187100,0.00,0.00,0.00
2024-10-23,46.86,47.08,45.35,45.76,8290000,0.00,0.00,0.00
2024-10-24,46.93,47.42,46.69,47.38,7985700,0.00,0.00,0.00
2024-10-25,47.50,48.21,47.42,47.67,6306100,0.00,0.00,0.00
2024-10-28,48.15,48.88,48.09,48.40,5083800,0.00,0.00,0.00
2024-10-29,48.40,48.52,47.89,48.41,3293900,0.00,0.00,0.00
2024-10-30,48.03,48.92,47.96,48.23,4180200,0.00,0.00,0.00
2024-10-31,47.57,47.71,45.71,45.89,9058900,0.00,0.00,0.00
2024-11-01,46.06,46.76,46.02,46.64,5466400,0.00,0.00,0.00
2024-11-04,46.27,47.15,45.97,46.68,3726600,0.00,0.00,0.00
2024-11-05,46.89,48.38,46.81,48.19,6987900,0.00,0.00,0.00
2024-11-06,50.78,52.18,50.12,52.14,16002300,0.00,0.00,0.00
2024-11-07,52.22,53.02,52.21,52.69,7232800,0.00,0.00,0.00
2024-11-08,52.25,54.15,52.13,54.07,8869400,0.00,0.00,0.00
2024-11-11,55.98,58.38,55.78,57.85,23746900,0.00,0.00,0.00
2024-11-12,57.19,58.22,56.37,56.81,14567900,0.00,0.00,0.00
2024-11-13,57.35,58.35,55.49,55.84,13525000,0.00,0.00,0.00
2024-11-14,55.95,56.00,53.80,53.85,12937800,0.00,0.00,0.00
2024-11-15,53.85,53.85,52.77,53.46,10842800,0.00,0.00,0.00
2024-11-18,54.52,55.28,53.69,55.11,10452000,0.00,0.00,0.00
2024-11-19,54.51,55.93,54.33,55.92,6920500,0.00,0.00,0.00
2024-11-20,55.86,56.19,54.49,55.28,8058100,0.00,0.00,0.00
2024-11-21,55.77,55.77,54.04,54.77,8010900,0.00,0.00,0.00
2024-11-22,54.80,56.52,54.52,56.21,9841100,0.00,0.00,0.00
2024-11-25,57.45,58.09,56.62,57.03,9602400,0.00,0.00,0.00
2024-11-26,56.53,56.96,55.98,56.20,7239800,0.00,0.00,0.00
2024-11-27,56.85,57.42,56.25,57.15,5295200,0.00,0.00,0.00
2024-11-29,57.60,58.35,57.55,57.98,3234000,0.00,0.00,0.00
2024-12-02,58.64,59.63,58.56,59.47,8301300,0.00,0.00,0.00
2024-12-03,58.76,59.27,58.46,58.99,6683500,0.00,0.00,0.00
2024-12-04,59.72,60.86,59.28,60.83,10463000,0.00,0.00,0.00
2024-12-05,61.23,61.49,60.29,60.38,7874400,0.00,0.00,0.00
2024-12-06,61.30,62.92,61.09,62.90,9466900,0.00,0.00,0.00
2024-12-09,63.43,63.44,60.78,61.31,12024600,0.00,0.00,0.00
2024-12-10,61.49,62.37,60.39,60.59,7730700,0.00,0.00,0.00
2024-12-11,61.57,61.97,60.84,61.81,6383600,0.00,0.00,0.00
2024-12-12,61.40,61.97,60.72,60.92,5840400,0.00,0.00,0.00
2024-12-13,61.11,61.36,60.20,61.33,7101800,0.00,0.00,0.00
2024-12-16,61.71,63.14,61.48,62.94,6722700,0.00,0.00,0.00
2024-12-17,62.79,63.32,61.82,62.98,6749800,0.00,0.00,0.00
2024-12-18,62.63,63.03,57.90,58.56,18189600,0.00,0.00,0.00
2024-12-19,59.75,60.03,57.47,58.17,19168000,0.00,0.00,0.00
2024-12-20,57.07,60.02,56.86,59.40,17548100,0.00,0.00,0.00
2024-12-23,59.52,59.68,58.17,59.24,7760600,0.00,0.00,0.00
2024-12-24,59.63,60.99,59.44,60.96,4801700,0.00,0.00,0.00
2024-12-26,60.72,61.13,60.04,60.96,6885500,0.00,0.00,0.00
2024-12-27,60.54,60.60,58.44,59.27,9592600,0.00,0.00,0.00
2024-12-30,58.01,58.23,56.90,57.61,8456900,0.00,0.00,0.00
2024-12-31,58.04,58.17,56.47,56.77,8702100,0.00,0.00,0.00
2025-01-02,57.10,57.63,55.94,56.89,10225100,0.00,0.00,0.00
2025-01-03,57.33,59.83,57.33,59.82,10720500,0.00,0.00,0.00
2025-01-06,60.72,61.83,60.62,61.15,8696300,0.00,0.00,0.00
2025-01-07,61.50,61.99,58.38,58.90,12926400,0.00,0.00,0.00
2025-01-08,58.70,59.46,57.69,58.95,7457800,0.00,0.00,0.00
2025-01-10,57.73,58.03,56.29,57.47,9802200,0.00,0.00,0.00
2025-01-13,56.03,56.71,55.25,56.70,9757600,0.00,0.00,0.00
2025-01-14,57.84,58.26,56.11,56.41,8423600,0.00,0.00,0.00
2025-01-15,58.47,59.49,58.08,58.67,10730500,0.00,0.00,0.00
2025-01-16,58.77,59.22,58.01,58.74,5559400,0.00,0.00,0.00
2025-01-17,59.86,60.33,59.42,59.61,5942400,0.00,0.00,0.00
2025-01-21,60.70,61.76,59.64,61.50,7730000,0.00,0.00,0.00
2025-01-22,61.73,62.41,61.51,62.06,6657000,0.00,0.00,0.00
2025-01-23,61.50,62.76,61.02,62.69,5138700,0.00,0.00,0.00
2025-01-24,62.90,63.61,62.22,62.33,6593000,0.00,0.00,0.00
2025-01-27,59.92,61.59,59.50,60.70,12078500,0.00,0.00,0.00
2025-01-28,60.86,62.24,59.89,61.93,5581400,0.00,0.00,0.00
2025-01-29,61.86,62.32,60.87,61.86,8005500,0.00,0.00,0.00
2025-01-30,62.62,64.03,62.54,63.51,9201200,0.00,0.00,0.00
2025-01-31,63.80,64.72,62.45,62.87,10200600,0.00,0.00,0.00
2025-02-03,60.24,62.20,60.16,61.78,11525100,0.00,0.00,0.00
2025-02-04,62.73,63.60,62.33,63.12,7305400,0.00,0.00,0.00
2025-02-05,63.10,64.09,63.00,63.81,4742800,0.00,0.00,0.00
2025-02-06,63.10,63.32,62.10,62.72,6497200,0.00,0.00,0.00
2025-02-07,62.98,64.06,62.35,62.76,9841400,0.00,0.00,0.00
2025-02-10,63.16,63.49,62.65,62.72,4182200,0.00,0.00,0.00
2025-02-11,62.00,62.71,60.94,61.35,6618900,0.00,0.00,0.00
2025-02-12,60.63,62.96,60.48,62.68,10280300,0.00,0.00,0.00
2025-02-13,63.01,64.78,62.90,64.78,8663500,0.00,0.00,0.00
2025-02-14,66.01,67.16,65.85,67.02,10530400,0.00,0.00,0.00
2025-02-18,67.90,68.43,65.71,66.48,7402900,0.00,0.00,0.00
2025-02-19,66.51,66.82,65.40,65.71,7748100,0.00,0.00,0.00
2025-02-20,65.31,65.31,62.55,63.98,11545200,0.00,0.00,0.00
2025-02-21,64.40,64.42,60.08,60.20,13002400,0.00,0.00,0.00
2025-02-24,60.15,60.46,57.78,59.08,14937200,0.00,0.00,0.00
2025-02-25,58.08,58.27,55.09,56.00,22121000,0.00,0.00,0.00
2025-02-26,56.56,57.67,55.96,56.46,13453000,0.00,0.00,0.00
2025-02-27,57.33,57.70,54.53,54.59,16878000,0.00,0.00,0.00
2025-02-28,53.67,55.72,53.10,55.64,13203900,0.00,0.00,0.00
2025-03-03,56.95,57.14,52.60,53.09,13322200,0.00,0.00,0.00
2025-03-04,51.48,54.56,50.23,53.17,23656800,0.00,0.00,0.00
2025-03-05,53.52,54.76,52.53,54.70,10013900,0.00,0.00,0.00
2025-03-06,53.20,54.34,51.80,52.14,14784700,0.00,0.00,0.00
2025-03-07,51.74,52.83,49.69,52.45,17135700,0.00,0.00,0.00
2025-03-10,50.86,50.88,47.20,47.86,28432500,0.00,0.00,0.00
2025-03-11,47.67,49.29,47.01,48.19,17101400,0.00,0.00,0.00
2025-03-12,49.97,50.37,48.38,49.61,16828700,0.00,0.00,0.00
2025-03-13,49.24,49.31,46.92,47.25,16232900,0.00,0.00,0.00
2025-03-14,48.45,49.40,48.34,49.19,12722900,0.00,0.00,0.00
2025-03-17,49.15,50.52,48.70,49.98,8847900,0.00,0.00,0.00
2025-03-18,49.15,49.16,47.68,48.24,13058600,0.00,0.00,0.00
2025-03-19,48.91,51.03,48.71,50.05,17147200,0.00,0.00,0.00
2025-03-20,49.36,50.91,49.27,50.02,9837700,0.00,0.00,0.00
2025-03-21,49.30,51.54,48.98,51.50,15387600,0.00,0.00,0.00
2025-03-24,52.90,54.24,52.70,54.18,13607400,0.00,0.00,0.00
2025-03-25,54.26,54.51,53.39,54.14,9522200,0.00,0.00,0.00
2025-03-26,53.82,54.05,51.25,51.66,15564900,0.00,0.00,0.00
2025-03-27,51.25,52.36,50.72,50.78,10394000,0.00,0.00,0.00
2025-03-28,50.44,50.50,48.41,48.70,11971200,0.00,0.00,0.00
2025-03-31,46.82,47.77,45.55,47.58,13088200,0.00,0.00,0.00
2025-04-01,47.68,48.67,46.71,47.80,11548400,0.00,0.00,0.00
2025-04-02,46.65,49.78,46.49,49.15,17988000,0.00,0.00,0.00
2025-04-03,45.54,46.35,44.76,45.12,18655500,0.00,0.00,0.00
2025-04-04,43.11,43.70,40.25,41.94,18839800,0.00,0.00,0.00
2025-04-07,39.22,44.83,38.57,42.28,24463300,0.00,0.00,0.00
2025-04-08,44.60,44.68,39.78,40.51,19285100,0.00,0.00,0.00
2025-04-09,40.44,47.83,40.44,47.25,26371700,0.00,0.00,0.00
2025-04-10,45.62,45.74,42.63,44.53,16547900,0.00,0.00,0.00
2025-04-11,44.61,45.99,43.78,45.89,15079100,0.00,0.00,0.00
2025-04-14,47.29,47.56,45.28,46.26,8831800,0.00,0.00,0.00
2025-04-15,46.10,47.16,45.94,46.55,7413700,0.00,0.00,0.00
2025-04-16,45.50,45.87,44.06,45.08,8670400,0.00,0.00,0.00
2025-04-17,45.20,45.54,44.56,45.12,9289800,0.00,0.00,0.00
2025-04-21,44.30,44.76,43.68,44.44,6956100,0.00,0.00,0.00
2025-04-22,44.98,46.73,44.98,46.12,7961600,0.00,0.00,0.00
2025-04-23,48.47,49.50,47.83,47.95,12613800,0.00,0.00,0.00
2025-04-24,48.03,49.99,48.03,49.99,7139900,0.00,0.00,0.00
2025-04-25,49.96,51.26,49.68,51.00,8982000,0.00,0.00,0.00
2025-04-28,51.36,52.02,50.04,51.24,8273200,0.00,0.00,0.00
2025-04-29,51.20,51.75,50.76,51.53,5049200,0.00,0.00,0.00
2025-04-30,49.64,50.97,49.03,50.84,11531300,0.00,0.00,0.00
2025-05-01,52.04,52.06,50.67,50.77,7927600,0.00,0.00,0.00
2025-05-02,50.79,52.58,50.77,51.90,11373400,0.00,0.00,0.00
2025-05-05,51.22,51.28,50.60,50.69,7208600,0.00,0.00,0.00
2025-05-06,49.28,49.61,48.53,48.78,9223600,0.00,0.00,0.00
2025-05-07,49.15,49.67,48.61,49.59,7454900,0.00,0.00,0.00
2025-05-08,50.20,52.11,50.13,51.47,11135800,0.00,0.00,0.00
2025-05-09,52.03,52.83,51.19,51.35,11124500,0.00,0.00,0.00
2025-05-12,54.29,54.82,53.29,54.48,17282800,0.00,0.00,0.00
2025-05-13,55.33,57.61,55.30,57.41,15410300,0.00,0.00,0.00
2025-05-14,57.93,58.56,57.03,57.56,15923500,0.00,0.00,0.00
2025-05-15,56.86,57.11,55.76,56.73,9149500,0.00,0.00,0.00
2025-05-16,57.28,58.38,57.22,58.37,10278200,0.00,0.00,0.00
2025-05-19,56.55,57.49,56.55,57.40,8759000,0.00,0.00,0.00
2025-05-20,57.53,57.94,56.87,57.46,8236100,0.00,0.00,0.00
2025-05-21,57.05,57.65,55.37,55.68,10896300,0.00,0.00,0.00
2025-05-22,55.70,57.08,55.58,56.38,9305500,0.00,0.00,0.00
2025-05-23,55.06,56.33,55.02,56.07,7594000,0.00,0.00,0.00
2025-05-27,57.22,58.17,56.97,58.05,9861700,0.00,0.00,0.00
2025-05-28,58.03,58.12,56.94,56.98,7691100,0.00,0.00,0.00
2025-05-29,57.58,57.74,56.35,56.62,9802900,0.00,0.00,0.00
2025-05-30,56.22,56.78,55.22,56.37,8677800,0.00,0.00,0.00
2025-06-02,56.10,57.31,55.77,57.13,7643600,0.00,0.00,0.00
2025-06-03,57.55,58.40,56.91,57.94,7531100,0.00,0.00,0.00
2025-06-04,58.00,58.34,57.19,57.98,5598600,0.00,0.00,0.00
2025-06-05,58.05,58.78,55.64,56.36,17327800,0.00,0.00,0.00
2025-06-06,58.19,61.62,58.14,61.13,39219500,0.00,0.00,0.00
2025-06-09,62.25,62.49,61.22,62.41,13189700,0.00,0.00,0.00
2025-06-10,62.71,63.32,61.98,62.94,9603900,0.00,0.00,0.00
2025-06-11,63.50,64.31,63.05,63.53,11385700,0.00,0.00,0.00
2025-06-12,62.87,63.14,61.84,62.02,8966300,0.00,0.00,0.00
2025-06-13,60.62,62.70,60.54,62.19,11399300,0.00,0.00,0.00
2025-06-16,63.93,65.29,63.72,64.93,12002100,0.00,0.00,0.00
2025-06-17,65.00,65.47,63.46,63.91,7707400,0.00,0.00,0.00
2025-06-18,64.05,66.95,63.65,66.77,9785100,0.00,0.00,0.00
2025-06-20,68.27,68.44,66.58,67.73,16620200,0.00,0.00,0.00
2025-06-23,67.36,69.75,66.64,68.85,21371300,0.00,0.00,0.00
2025-06-24,69.60,70.74,69.15,70.30,12719600,0.00,0.00,0.00
2025-06-25,71.00,71.27,68.97,69.50,10956600,0.00,0.00,0.00
2025-06-26,69.72,71.19,69.63,71.03,8507400,0.00,0.00,0.00
2025-06-27,71.26,71.29,68.93,69.84,13657100,0.00,0.00,0.00
2025-06-30,70.37,70.96,70.13,70.29,7991600,0.00,0.00,0.00
2025-07-01,69.40,69.96,68.19,68.94,13909400,0.00,0.00,0.00
2025-07-02,69.05,70.76,68.92,70.58,7115100,0.00,0.00,0.00
2025-07-03,70.95,71.24,70.62,71.09,6255600,0.00,0.00,0.00
2025-07-07,70.32,70.71,69.58,70.44,8562300,0.00,0.00,0.00
2025-07-08,70.75,71.48,70.54,70.90,7003000,0.00,0.00,0.00
2025-07-09,71.52,72.41,70.90,72.37,8574300,0.00,0.00,0.00
2025-07-10,73.13,73.56,72.15,73.56,11780600,0.00,0.00,0.00
2025-07-11,73.09,73.61,71.99,72.29,8974600,0.00,0.00,0.00
2025-07-14,72.52,73.71,72.45,73.65,7310800,0.00,0.00,0.00
2025-07-15,74.11,74.27,72.24,72.59,7999100,0.00,0.00,0.00
2025-07-16,73.29,75.57,73.20,75.25,15681500,0.00,0.00,0.00
2025-07-17,75.50,76.62,75.27,76.24,10069600,0.00,0.00,0.00
2025-07-18,77.46,78.89,76.96,77.63,13578400,0.00,0.00,0.00
2025-07-21,78.47,79.19,76.80,76.81,11524400,0.00,0.00,0.00
2025-07-22,76.83,76.93,74.53,76.39,13307600,0.00,0.00,0.00
2025-07-23,76.91,77.36,75.96,77.34,10971200,0.00,0.00,0.00
2025-07-24,76.80,76.87,75.49,75.80,14029000,0.00,0.00,0.00
2025-07-25,76.02,76.98,75.65,76.79,8092100,0.00,0.00,0.00
2025-07-28,77.53,77.71,76.64,76.84,8607100,0.00,0.00,0.00
2025-07-29,77.11,77.16,74.38,74.74,11033400,0.00,0.00,0.00
2025-07-30,75.30,76.41,74.75,75.65,11987700,0.00,0.00,0.00
2025-07-31,76.72,77.28,75.01,75.33,17266900,0.00,0.00,0.00
2025-08-01,72.35,72.46,70.39,71.16,26246900,0.00,0.00,0.00
2025-08-04,71.96,73.62,71.50,73.59,9731700,0.00,0.00,0.00
2025-08-05,73.26,73.59,72.30,72.63,9371900,0.00,0.00,0.00
2025-08-06,72.88,74.16,72.54,74.16,8205500,0.00,0.00,0.00
2025-08-07,75.02,75.31,73.26,74.35,8720000,0.00,0.00,0.00
2025-08-08,74.87,75.09,74.18,74.76,6488300,0.00,0.00,0.00
2025-08-11,75.46,76.89,75.14,75.23,11199400,0.00,0.00,0.00
2025-08-12,76.50,76.88,75.33,76.78,15415700,0.00,0.00,0.00
2025-08-13,77.50,78.76,77.17,77.91,25060900,0.00,0.00,0.00
2025-08-14,76.94,77.88,76.21,77.05,19294400,0.00,0.00,0.00
2025-08-15,76.95,77.19,76.12,77.01,12790100,0.00,0.00,0.00
2025-08-18,76.57,77.36,75.85,77.11,9543100,0.00,0.00,0.00
2025-08-19,76.98,76.98,73.94,74.03,17098200,0.00,0.00,0.00
2025-08-20,73.52,73.95,71.28,73.78,18239600,0.00,0.00,0.00
2025-08-21,73.05,74.02,72.77,73.51,12046000,0.00,0.00,0.00
2025-08-22,73.74,77.33,73.20,76.52,16664300,0.00,0.00,0.00
2025-08-25,76.24,76.63,75.29,75.66,9615200,0.00,0.00,0.00
2025-08-26,75.69,76.33,75.40,76.27,5633800,0.00,0.00,0.00
2025-08-27,76.05,76.34,75.19,75.52,6004400,0.00,0.00,0.00
2025-08-28,75.96,76.60,75.65,76.07,6108100,0.00,0.00,0.00
2025-08-29,75.92,76.08,74.50,74.96,10811700,0.00,0.00,0.00
2025-09-02,73.21,74.85,72.43,74.41,10668400,0.00,0.00,0.00
2025-09-03,74.97,75.63,74.29,74.79,5972200,0.00,0.00,0.00
2025-09-04,74.70,75.06,73.73,75.02,6565600,0.00,0.00,0.00
2025-09-05,75.86,76.17,73.64,75.37,14692300,0.00,0.00,0.00
2025-09-08,76.07,76.63,75.72,76.13,7668000,0.00,0.00,0.00
2025-09-09,76.24,76.84,75.39,76.59,9769700,0.00,0.00,0.00
2025-09-10,77.35,77.49,75.30,75.56,9739800,0.00,0.00,0.00
2025-09-11,75.96,78.31,75.86,78.30,13324900,0.00,0.00,0.00
2025-09-12,78.50,78.68,77.83,78.36,6416511,0.00,0.00,0.00
