Date,Open,High,Low,Close,Volume,Dividends,Stock Splits,Capital Gains
2014-09-30,16.31,16.31,16.20,16.25,5500,0.00,0.00,0.00
2014-10-01,15.98,15.99,15.90,15.90,8100,0.00,0.00,0.00
2014-10-02,15.77,15.81,15.77,15.80,15500,0.00,0.00,0.00
2014-10-03,16.35,16.40,16.33,16.38,8300,0.00,0.00,0.00
2014-10-06,16.45,16.45,16.24,16.24,5000,0.00,0.00,0.00
2014-10-07,16.14,16.14,16.10,16.10,4600,0.00,0.00,0.00
2014-10-08,15.91,16.20,15.79,16.20,4200,0.00,0.00,0.00
2014-10-09,16.19,16.23,15.93,15.98,16400,0.00,0.00,0.00
2014-10-10,15.93,15.93,15.41,15.41,3300,0.00,0.00,0.00
2014-10-13,15.36,15.42,15.21,15.42,4000,0.00,0.00,0.00
2014-10-14,15.30,15.30,15.20,15.25,5200,0.00,0.00,0.00
2014-10-15,15.01,15.16,14.99,14.99,3500,0.00,0.00,0.00
2014-10-16,15.11,15.41,15.11,15.41,3800,0.00,0.00,0.00
2014-10-17,15.44,15.46,15.29,15.34,6800,0.00,0.00,0.00
2014-10-20,15.43,15.50,15.43,15.50,5000,0.00,0.00,0.00
2014-10-21,15.68,15.92,15.68,15.90,10500,0.00,0.00,0.00
2014-10-22,15.90,15.91,15.77,15.77,3300,0.00,0.00,0.00
2014-10-23,15.90,15.94,15.90,15.94,5200,0.00,0.00,0.00
2014-10-24,16.03,16.04,16.03,16.04,3600,0.00,0.00,0.00
2014-10-27,16.05,16.05,15.98,15.99,7200,0.00,0.00,0.00
2014-10-28,16.03,16.33,16.03,16.33,6000,0.00,0.00,0.00
2014-10-29,16.19,16.19,16.04,16.10,5000,0.00,0.00,0.00
2014-10-30,16.07,16.11,15.92,16.11,5300,0.00,0.00,0.00
2014-10-31,16.51,16.54,16.51,16.53,1300,0.00,0.00,0.00
2014-11-03,16.62,16.69,16.59,16.59,2200,0.00,0.00,0.00
2014-11-04,16.50,16.59,16.50,16.59,800,0.00,0.00,0.00
2014-11-05,16.66,16.66,16.42,16.42,2000,0.00,0.00,0.00
2014-11-06,16.42,16.49,16.38,16.49,1400,0.00,0.00,0.00
2014-11-07,16.51,16.51,16.40,16.40,500,0.00,0.00,0.00
2014-11-10,16.58,16.63,16.58,16.63,2600,0.00,0.00,0.00
2014-11-11,16.56,16.56,16.56,16.56,600,0.00,0.00,0.00
2014-11-12,16.58,16.65,16.54,16.64,2000,0.00,0.00,0.00
2014-11-13,16.64,16.64,16.60,16.60,1500,0.00,0.00,0.00
2014-11-14,16.68,16.87,16.68,16.87,400,0.00,0.00,0.00
2014-11-17,16.83,16.83,16.83,16.83,300,0.00,0.00,0.00
2014-11-18,16.77,16.77,16.72,16.72,500,0.00,0.00,0.00
2014-11-19,16.65,16.65,16.45,16.45,2100,0.00,0.00,0.00
2014-11-20,16.54,16.54,16.54,16.54,300,0.00,0.00,0.00
2014-11-21,16.87,16.87,16.58,16.59,3900,0.00,0.00,0.00
2014-11-24,16.66,16.72,16.63,16.72,2500,0.00,0.00,0.00
2014-11-25,16.73,16.73,16.67,16.71,1200,0.00,0.00,0.00
2014-11-26,16.75,16.77,16.75,16.75,7100,0.00,0.00,0.00
2014-11-28,16.85,16.85,16.84,16.84,1400,0.00,0.00,0.00
2014-12-01,16.83,16.83,16.42,16.42,1500,0.00,0.00,0.00
2014-12-02,16.36,16.42,16.36,16.42,400,0.00,0.00,0.00
2014-12-03,16.45,16.45,16.45,16.45,300,0.00,0.00,0.00
2014-12-04,16.46,16.46,16.44,16.46,1100,0.00,0.00,0.00
2014-12-05,16.54,16.54,16.53,16.54,1800,0.00,0.00,0.00
2014-12-08,16.52,16.52,16.31,16.31,600,0.00,0.00,0.00
2014-12-09,16.03,16.28,16.03,16.28,600,0.00,0.00,0.00
2014-12-10,16.28,16.28,16.28,16.28,300,0.00,0.00,0.00
2014-12-11,16.31,16.37,16.30,16.31,4800,0.00,0.00,0.00
2014-12-12,16.31,16.31,16.31,16.31,300,0.00,0.00,0.00
2014-12-15,16.23,16.23,15.98,16.04,800,0.00,0.00,0.00
2014-12-16,15.96,15.96,15.68,15.68,1100,0.00,0.00,0.00
2014-12-17,15.85,15.85,15.85,15.85,300,0.00,0.00,0.00
2014-12-18,16.50,16.51,16.40,16.42,1200,0.00,0.00,0.00
2014-12-19,16.66,16.66,16.64,16.64,400,0.00,0.00,0.00
2014-12-22,16.81,16.81,16.80,16.80,300,0.00,0.00,0.00
2014-12-23,16.82,16.87,16.82,16.86,1900,0.00,0.00,0.00
2014-12-24,16.98,16.98,16.91,16.92,1100,0.00,0.00,0.00
2014-12-26,17.03,17.04,17.02,17.02,300,0.00,0.00,0.00
2014-12-29,16.92,16.94,16.92,16.93,700,0.00,0.00,0.00
2014-12-30,16.79,16.79,16.71,16.71,1700,0.00,0.00,0.00
2014-12-31,16.79,16.86,16.69,16.69,3600,0.00,0.00,0.00
2015-01-02,16.66,16.68,16.49,16.52,1000,0.00,0.00,0.00
2015-01-05,16.51,16.51,16.26,16.27,2000,0.00,0.00,0.00
2015-01-06,16.39,16.39,16.11,16.13,2000,0.00,0.00,0.00
2015-01-07,16.34,16.34,16.27,16.29,500,0.00,0.00,0.00
2015-01-08,16.67,16.67,16.63,16.63,400,0.00,0.00,0.00
2015-01-09,16.67,16.67,16.57,16.59,700,0.00,0.00,0.00
2015-01-12,16.51,16.51,16.37,16.38,700,0.00,0.00,0.00
2015-01-13,16.56,16.56,16.26,16.26,200,0.00,0.00,0.00
2015-01-14,16.33,16.33,16.12,16.20,1800,0.00,0.00,0.00
2015-01-15,16.22,16.22,16.15,16.15,400,0.00,0.00,0.00
2015-01-16,16.01,16.01,16.01,16.01,300,0.00,0.00,0.00
2015-01-20,16.10,16.33,16.10,16.30,3700,0.00,0.00,0.00
2015-01-21,16.60,16.67,16.56,16.62,4200,0.00,0.00,0.00
2015-01-22,16.67,16.88,16.55,16.88,4600,0.00,0.00,0.00
2015-01-23,17.04,17.10,17.03,17.03,1300,0.00,0.00,0.00
2015-01-26,17.30,17.30,17.03,17.08,1900,0.00,0.00,0.00
2015-01-27,16.81,16.94,16.70,16.85,5100,0.00,0.00,0.00
2015-01-28,16.98,16.98,16.63,16.63,3600,0.00,0.00,0.00
2015-01-29,16.26,16.71,16.26,16.71,3300,0.00,0.00,0.00
2015-01-30,16.65,16.65,16.63,16.64,500,0.00,0.00,0.00
2015-02-02,16.36,16.54,16.36,16.54,3500,0.00,0.00,0.00
2015-02-03,16.83,16.86,16.76,16.86,5400,0.00,0.00,0.00
2015-02-04,17.05,17.06,17.05,17.06,300,0.00,0.00,0.00
2015-02-05,17.27,17.34,17.27,17.34,1400,0.00,0.00,0.00
2015-02-06,17.44,17.46,17.44,17.46,1100,0.00,0.00,0.00
2015-02-09,17.35,17.35,17.17,17.17,600,0.00,0.00,0.00
2015-02-10,17.28,17.32,17.28,17.32,400,0.00,0.00,0.00
2015-02-11,17.45,17.45,17.45,17.45,200,0.00,0.00,0.00
2015-02-12,17.58,17.58,17.58,17.58,100,0.00,0.00,0.00
2015-02-13,17.81,17.81,17.74,17.75,1500,0.00,0.00,0.00
2015-02-17,17.92,17.92,17.81,17.81,2000,0.00,0.00,0.00
2015-02-18,17.87,17.87,17.87,17.87,300,0.00,0.00,0.00
2015-02-19,18.04,18.06,18.04,18.06,200,0.00,0.00,0.00
2015-02-20,18.17,18.19,18.17,18.19,500,0.00,0.00,0.00
2015-02-23,18.18,18.18,18.08,18.10,1400,0.00,0.00,0.00
2015-02-24,18.20,18.20,18.00,18.00,2900,0.00,0.00,0.00
2015-02-25,18.03,18.13,18.03,18.08,11900,0.00,0.00,0.00
2015-02-26,18.19,18.32,18.17,18.19,7800,0.00,0.00,0.00
2015-02-27,18.38,18.38,18.02,18.02,6100,0.00,0.00,0.00
2015-03-02,18.32,18.32,18.12,18.22,4100,0.00,0.00,0.00
2015-03-03,18.15,18.15,18.00,18.00,3600,0.00,0.00,0.00
2015-03-04,17.89,17.89,17.86,17.89,800,0.00,0.00,0.00
2015-03-05,18.02,18.02,17.90,17.90,400,0.00,0.00,0.00
2015-03-06,17.90,17.90,17.74,17.74,900,0.00,0.00,0.00
2015-03-09,17.84,17.84,17.60,17.60,4000,0.00,0.00,0.00
2015-03-10,17.52,17.52,17.38,17.38,1800,0.00,0.00,0.00
2015-03-11,17.43,17.48,17.43,17.48,800,0.00,0.00,0.00
2015-03-12,17.60,17.60,17.60,17.60,200,0.00,0.00,0.00
2015-03-13,17.60,17.68,17.47,17.51,1200,0.00,0.00,0.00
2015-03-16,17.62,17.64,17.56,17.64,2000,0.00,0.00,0.00
2015-03-17,18.70,18.70,17.59,17.59,900,0.00,0.00,0.00
2015-03-18,17.61,17.68,17.61,17.68,1500,0.00,0.00,0.00
2015-03-19,17.88,17.88,17.88,17.88,400,0.00,0.00,0.00
2015-03-20,17.89,18.18,17.89,18.16,4800,0.00,0.00,0.00
2015-03-23,18.28,18.28,18.05,18.18,4600,0.00,0.00,0.00
2015-03-24,18.12,18.12,18.12,18.12,200,0.00,0.00,0.00
2015-03-25,17.68,17.68,17.64,17.64,400,0.00,0.00,0.00
2015-03-26,17.48,17.65,17.48,17.65,2300,0.00,0.00,0.00
2015-03-27,17.68,17.77,17.68,17.77,300,0.00,0.00,0.00
2015-03-30,17.80,17.92,17.80,17.89,1800,0.00,0.00,0.00
2015-03-31,17.90,17.90,17.90,17.90,200,0.00,0.00,0.00
2015-04-01,18.03,18.03,17.56,17.59,2700,0.00,0.00,0.00
2015-04-02,17.63,17.63,17.63,17.63,500,0.00,0.00,0.00
2015-04-06,17.63,17.97,17.63,17.97,1600,0.00,0.00,0.00
2015-04-07,18.08,18.08,17.96,17.96,2600,0.00,0.00,0.00
2015-04-08,18.19,18.19,18.19,18.19,100,0.00,0.00,0.00
2015-04-09,18.23,18.23,18.13,18.23,400,0.00,0.00,0.00
2015-04-10,18.36,18.37,18.33,18.33,500,0.00,0.00,0.00
2015-04-13,18.47,18.47,18.43,18.43,800,0.00,0.00,0.00
2015-04-14,18.64,18.64,18.16,18.16,3400,0.00,0.00,0.00
2015-04-15,18.31,18.31,18.26,18.30,700,0.00,0.00,0.00
2015-04-16,17.97,18.65,17.97,18.60,3300,0.00,0.00,0.00
2015-04-17,18.64,18.64,18.18,18.19,10300,0.00,0.00,0.00
2015-04-20,18.43,18.43,18.33,18.43,1100,0.00,0.00,0.00
2015-04-21,18.57,18.57,18.53,18.53,700,0.00,0.00,0.00
2015-04-22,18.66,18.66,18.64,18.64,2200,0.00,0.00,0.00
2015-04-23,18.70,18.84,18.62,18.82,1600,0.00,0.00,0.00
2015-04-24,19.04,19.04,18.81,18.81,7300,0.00,0.00,0.00
2015-04-27,19.05,19.05,18.86,18.86,600,0.00,0.00,0.00
2015-04-28,18.90,18.90,18.81,18.81,1900,0.00,0.00,0.00
2015-04-29,18.40,18.72,18.40,18.70,1900,0.00,0.00,0.00
2015-04-30,18.53,18.53,18.20,18.25,3100,0.00,0.00,0.00
2015-05-01,18.25,18.25,18.06,18.20,6000,0.00,0.00,0.00
2015-05-04,18.26,18.27,18.26,18.27,600,0.00,0.00,0.00
2015-05-05,17.97,17.97,17.97,17.97,200,0.00,0.00,0.00
2015-05-06,18.13,18.20,17.90,17.99,1800,0.00,0.00,0.00
2015-05-07,18.20,18.20,18.20,18.20,200,0.00,0.00,0.00
2015-05-08,18.36,18.37,18.36,18.37,900,0.00,0.00,0.00
2015-05-11,18.42,18.42,18.34,18.38,1400,0.00,0.00,0.00
2015-05-12,18.03,18.15,18.03,18.08,1400,0.00,0.00,0.00
2015-05-13,18.46,18.46,18.40,18.40,300,0.00,0.00,0.00
2015-05-14,18.62,18.62,18.49,18.49,900,0.00,0.00,0.00
2015-05-15,18.62,18.66,18.62,18.66,500,0.00,0.00,0.00
2015-05-18,18.63,18.76,18.63,18.73,1400,0.00,0.00,0.00
2015-05-19,18.76,18.78,18.74,18.78,1000,0.00,0.00,0.00
2015-05-20,18.74,18.76,18.73,18.76,1800,0.00,0.00,0.00
2015-05-21,18.90,18.94,18.90,18.94,1000,0.00,0.00,0.00
2015-05-22,19.02,19.02,18.99,18.99,3800,0.00,0.00,0.00
2015-05-26,18.99,18.99,18.83,18.83,3300,0.00,0.00,0.00
2015-05-27,18.83,19.03,18.81,19.03,800,0.00,0.00,0.00
2015-05-28,19.03,19.07,19.01,19.07,2600,0.00,0.00,0.00
2015-05-29,19.08,19.08,18.81,18.81,800,0.00,0.00,0.00
2015-06-01,18.94,18.94,18.90,18.90,500,0.00,0.00,0.00
2015-06-02,18.90,18.90,18.86,18.86,1200,0.00,0.00,0.00
2015-06-03,19.01,19.01,18.90,19.00,1900,0.00,0.00,0.00
2015-06-04,19.18,19.18,18.79,18.79,5700,0.00,0.00,0.00
2015-06-05,19.03,19.06,19.02,19.05,2700,0.00,0.00,0.00
2015-06-08,19.03,19.04,18.84,18.89,2400,0.00,0.00,0.00
2015-06-09,18.70,18.82,18.70,18.82,500,0.00,0.00,0.00
2015-06-10,19.14,19.14,19.12,19.12,1600,0.00,0.00,0.00
2015-06-11,19.11,19.11,19.11,19.11,300,0.00,0.00,0.00
2015-06-12,19.05,19.05,19.01,19.01,500,0.00,0.00,0.00
2015-06-15,18.98,18.98,18.95,18.95,700,0.00,0.00,0.00
2015-06-16,18.95,19.08,18.95,19.08,2900,0.00,0.00,0.00
2015-06-17,19.12,19.12,19.12,19.12,2000,0.00,0.00,0.00
2015-06-18,19.19,19.42,19.19,19.42,900,0.00,0.00,0.00
2015-06-19,19.38,19.38,19.35,19.38,1900,0.00,0.00,0.00
2015-06-22,19.55,19.55,19.55,19.55,1000,0.00,0.00,0.00
2015-06-23,19.48,19.48,19.34,19.44,1400,0.00,0.00,0.00
2015-06-24,19.41,19.42,19.17,19.17,17900,0.00,0.00,0.00
2015-06-25,19.20,19.28,19.20,19.26,5200,0.00,0.00,0.00
2015-06-26,19.12,19.12,18.92,18.98,2500,0.00,0.00,0.00
2015-06-29,18.70,18.75,18.47,18.51,10900,0.00,0.00,0.00
2015-06-30,18.66,18.76,18.59,18.75,3900,0.00,0.00,0.00
2015-07-01,18.89,18.90,18.72,18.72,2700,0.00,0.00,0.00
2015-07-02,18.67,18.67,18.67,18.67,300,0.00,0.00,0.00
2015-07-06,18.49,18.70,18.46,18.55,2700,0.00,0.00,0.00
2015-07-07,18.09,18.55,18.09,18.55,3300,0.00,0.00,0.00
2015-07-08,18.77,18.77,18.21,18.25,3000,0.00,0.00,0.00
2015-07-09,18.64,18.64,18.46,18.46,6000,0.00,0.00,0.00
2015-07-10,18.68,18.76,18.67,18.73,4600,0.00,0.00,0.00
2015-07-13,18.82,18.90,18.82,18.88,2000,0.00,0.00,0.00
2015-07-14,19.06,19.08,19.06,19.08,2100,0.00,0.00,0.00
2015-07-15,19.18,19.18,18.89,18.89,1800,0.00,0.00,0.00
2015-07-16,19.10,19.27,19.10,19.27,6800,0.00,0.00,0.00
2015-07-17,19.37,19.50,19.32,19.39,5800,0.00,0.00,0.00
2015-07-20,19.51,19.51,19.39,19.44,2600,0.00,0.00,0.00
2015-07-21,19.55,19.55,19.36,19.42,1500,0.00,0.00,0.00
2015-07-22,19.42,19.42,19.26,19.31,2500,0.00,0.00,0.00
2015-07-23,19.46,19.64,19.46,19.49,1700,0.00,0.00,0.00
2015-07-24,19.65,19.67,19.50,19.50,1300,0.00,0.00,0.00
2015-07-27,19.46,19.46,19.18,19.18,1900,0.00,0.00,0.00
2015-07-28,19.03,19.42,19.03,19.42,1700,0.00,0.00,0.00
2015-07-29,19.42,19.42,19.20,19.39,3700,0.00,0.00,0.00
2015-07-30,19.40,19.43,19.40,19.43,1100,0.00,0.00,0.00
2015-07-31,19.43,19.43,19.29,19.29,3300,0.00,0.00,0.00
2015-08-03,19.42,19.42,18.95,18.95,600,0.00,0.00,0.00
2015-08-04,19.09,19.12,19.08,19.08,1300,0.00,0.00,0.00
2015-08-05,19.25,19.25,19.20,19.20,900,0.00,0.00,0.00
2015-08-06,19.18,19.18,18.85,18.94,2600,0.00,0.00,0.00
2015-08-07,18.93,19.05,18.91,19.00,1600,0.00,0.00,0.00
2015-08-10,19.43,19.43,19.43,19.43,200,0.00,0.00,0.00
2015-08-11,19.03,19.12,18.97,19.12,600,0.00,0.00,0.00
2015-08-12,18.82,18.82,18.70,18.70,4200,0.00,0.00,0.00
2015-08-13,19.00,19.19,19.00,19.19,1000,0.00,0.00,0.00
2015-08-14,19.04,19.04,19.03,19.03,300,0.00,0.00,0.00
2015-08-17,19.22,19.22,19.22,19.22,100,0.00,0.00,0.00
2015-08-18,19.15,19.16,19.01,19.06,1800,0.00,0.00,0.00
2015-08-19,18.93,18.99,18.86,18.90,2200,0.00,0.00,0.00
2015-08-20,18.69,18.70,18.12,18.16,9700,0.00,0.00,0.00
2015-08-21,18.16,18.16,17.56,17.58,5400,0.00,0.00,0.00
2015-08-24,16.42,17.55,16.42,17.08,5400,0.00,0.00,0.00
2015-08-25,17.53,17.55,17.07,17.07,2000,0.00,0.00,0.00
2015-08-26,17.17,17.33,16.94,17.32,1800,0.00,0.00,0.00
2015-08-27,17.85,18.10,17.85,18.10,6000,0.00,0.00,0.00
2015-08-28,18.15,18.15,18.13,18.13,400,0.00,0.00,0.00
2015-08-31,17.99,18.07,17.82,17.82,700,0.00,0.00,0.00
2015-09-01,17.28,17.62,17.25,17.34,3400,0.00,0.00,0.00
2015-09-02,17.58,17.58,17.33,17.33,600,0.00,0.00,0.00
2015-09-03,17.82,17.82,17.57,17.60,3300,0.00,0.00,0.00
2015-09-04,17.38,17.43,17.37,17.37,1300,0.00,0.00,0.00
2015-09-08,17.74,17.89,17.69,17.89,1300,0.00,0.00,0.00
2015-09-09,18.04,18.04,17.84,17.85,1200,0.00,0.00,0.00
2015-09-10,17.85,17.92,17.79,17.79,1900,0.00,0.00,0.00
2015-09-11,17.79,17.79,17.79,17.79,0,0.00,0.00,0.00
2015-09-14,17.81,17.81,17.81,17.81,100,0.00,0.00,0.00
2015-09-15,17.80,18.00,17.80,18.00,800,0.00,0.00,0.00
2015-09-16,18.12,18.12,18.12,18.12,500,0.00,0.00,0.00
2015-09-17,18.29,18.56,18.29,18.35,1700,0.00,0.00,0.00
2015-09-18,18.17,18.29,18.17,18.20,8000,0.00,0.00,0.00
2015-09-21,18.29,18.29,18.13,18.13,3600,0.00,0.00,0.00
2015-09-22,17.79,17.79,17.79,17.79,400,0.00,0.00,0.00
2015-09-23,17.90,17.90,17.79,17.79,800,0.00,0.00,0.00
2015-09-24,17.46,17.62,17.46,17.59,2000,0.00,0.00,0.00
2015-09-25,17.93,17.93,17.53,17.53,1100,0.00,0.00,0.00
2015-09-28,17.33,17.35,17.07,17.09,1900,0.00,0.00,0.00
2015-09-29,17.18,17.21,16.83,16.96,5400,0.00,0.00,0.00
2015-09-30,17.11,17.30,17.08,17.30,8900,0.00,0.00,0.00
2015-10-01,17.07,17.18,17.07,17.18,2200,0.00,0.00,0.00
2015-10-02,17.26,17.61,17.07,17.59,8200,0.00,0.00,0.00
2015-10-05,17.90,17.90,17.90,17.90,1200,0.00,0.00,0.00
2015-10-06,17.71,17.71,17.71,17.71,400,0.00,0.00,0.00
2015-10-07,17.65,17.65,17.65,17.65,800,0.00,0.00,0.00
2015-10-08,18.12,18.12,17.68,17.68,800,0.00,0.00,0.00
2015-10-09,18.05,18.05,18.05,18.05,100,0.00,0.00,0.00
2015-10-12,18.00,18.00,17.96,17.96,400,0.00,0.00,0.00
2015-10-13,18.07,18.07,17.84,17.84,300,0.00,0.00,0.00
2015-10-14,17.81,17.81,17.76,17.76,300,0.00,0.00,0.00
2015-10-15,17.72,17.72,17.72,17.72,300,0.00,0.00,0.00
2015-10-16,18.11,18.11,18.11,18.11,300,0.00,0.00,0.00
2015-10-19,18.20,18.20,18.08,18.16,400,0.00,0.00,0.00
2015-10-20,18.19,18.19,18.02,18.02,400,0.00,0.00,0.00
2015-10-21,17.84,17.85,17.84,17.85,400,0.00,0.00,0.00
2015-10-22,17.90,17.90,17.90,17.90,100,0.00,0.00,0.00
2015-10-23,18.26,18.38,18.26,18.38,4000,0.00,0.00,0.00
2015-10-26,18.59,18.59,18.46,18.47,1300,0.00,0.00,0.00
2015-10-27,18.31,18.31,18.26,18.26,300,0.00,0.00,0.00
2015-10-28,18.46,18.46,18.46,18.46,200,0.00,0.00,0.00
2015-10-29,18.29,18.29,18.29,18.29,100,0.00,0.00,0.00
2015-10-30,18.58,18.64,18.58,18.64,5300,0.00,0.00,0.00
2015-11-02,18.73,18.75,18.72,18.73,4600,0.00,0.00,0.00
2015-11-03,19.16,19.16,19.09,19.09,700,0.00,0.00,0.00
2015-11-04,19.27,19.27,19.23,19.26,1000,0.00,0.00,0.00
2015-11-05,18.94,19.04,18.93,19.04,500,0.00,0.00,0.00
2015-11-06,19.11,19.31,19.07,19.31,2400,0.00,0.00,0.00
2015-11-09,19.19,19.19,19.03,19.07,1700,0.00,0.00,0.00
2015-11-10,19.14,19.14,18.89,18.89,4100,0.00,0.00,0.00
2015-11-11,19.42,19.42,19.00,19.06,1300,0.00,0.00,0.00
2015-11-12,19.07,19.07,18.73,18.73,800,0.00,0.00,0.00
2015-11-13,18.70,18.70,18.36,18.37,3200,0.00,0.00,0.00
2015-11-16,18.45,18.45,18.45,18.45,200,0.00,0.00,0.00
2015-11-17,18.55,18.55,18.55,18.55,200,0.00,0.00,0.00
2015-11-18,18.61,18.85,18.61,18.85,1400,0.00,0.00,0.00
2015-11-19,18.90,19.16,18.90,19.16,600,0.00,0.00,0.00
2015-11-20,19.29,19.29,19.19,19.19,700,0.00,0.00,0.00
2015-11-23,19.14,19.18,19.14,19.18,700,0.00,0.00,0.00
2015-11-24,19.25,19.26,19.00,19.26,6000,0.00,0.00,0.00
2015-11-25,19.36,19.46,19.29,19.43,2700,0.00,0.00,0.00
2015-11-27,19.57,19.57,19.41,19.41,500,0.00,0.00,0.00
2015-11-30,19.60,19.60,19.42,19.46,2200,0.00,0.00,0.00
2015-12-01,19.70,19.70,19.51,19.64,6800,0.00,0.00,0.00
2015-12-02,19.72,19.73,19.68,19.68,2300,0.00,0.00,0.00
2015-12-03,19.79,19.90,19.27,19.29,7500,0.00,0.00,0.00
2015-12-04,19.27,19.51,19.27,19.51,1300,0.00,0.00,0.00
2015-12-07,19.58,19.58,19.29,19.32,5700,0.00,0.00,0.00
2015-12-08,18.96,19.52,18.96,19.51,7800,0.00,0.00,0.00
2015-12-09,19.42,19.53,19.42,19.53,1700,0.00,0.00,0.00
2015-12-10,19.42,19.43,19.40,19.41,1000,0.00,0.00,0.00
2015-12-11,19.42,19.42,18.90,18.90,3300,0.00,0.00,0.00
2015-12-14,19.01,19.01,18.77,18.77,4600,0.00,0.00,0.00
2015-12-15,19.01,19.15,19.01,19.13,8400,0.00,0.00,0.00
2015-12-16,19.17,19.17,19.11,19.11,3900,0.00,0.00,0.00
2015-12-17,19.44,19.44,19.17,19.17,2200,0.00,0.00,0.00
2015-12-18,19.19,19.19,18.97,19.01,2900,0.00,0.00,0.00
2015-12-21,19.06,19.06,19.01,19.01,800,0.00,0.00,0.00
2015-12-22,19.18,19.18,19.05,19.12,2000,0.00,0.00,0.00
2015-12-23,19.34,19.34,19.28,19.28,700,0.00,0.00,0.00
2015-12-24,19.39,19.39,19.26,19.37,2500,0.53,0.00,0.00
2015-12-28,19.13,19.22,19.13,19.22,800,0.00,0.00,0.00
2015-12-29,19.41,19.59,19.36,19.58,3700,0.00,0.00,0.00
2015-12-30,19.65,19.65,19.47,19.47,1700,0.00,0.00,0.00
2015-12-31,19.34,19.39,19.27,19.27,2600,0.00,0.00,0.00
2016-01-04,19.08,19.08,18.63,18.65,2900,0.00,0.00,0.00
2016-01-05,18.90,18.90,18.72,18.78,1300,0.00,0.00,0.00
2016-01-06,18.62,18.63,18.56,18.56,1800,0.00,0.00,0.00
2016-01-07,18.40,18.40,17.83,17.86,2600,0.00,0.00,0.00
2016-01-08,17.68,17.69,17.68,17.68,3500,0.00,0.00,0.00
2016-01-11,17.92,17.92,17.28,17.28,1100,0.00,0.00,0.00
2016-01-12,17.35,17.59,17.29,17.29,9200,0.00,0.00,0.00
2016-01-13,17.58,17.58,17.38,17.38,500,0.00,0.00,0.00
2016-01-14,16.92,17.05,16.68,17.05,900,0.00,0.00,0.00
2016-01-15,16.71,16.71,16.08,16.40,4500,0.00,0.00,0.00
2016-01-19,16.76,16.76,15.85,15.85,5100,0.00,0.00,0.00
2016-01-20,15.61,15.67,15.38,15.38,2400,0.00,0.00,0.00
2016-01-21,16.36,16.36,16.22,16.22,300,0.00,0.00,0.00
2016-01-22,16.40,16.40,16.40,16.40,200,0.00,0.00,0.00
2016-01-25,16.34,16.34,16.34,16.34,500,0.00,0.00,0.00
2016-01-26,16.15,16.15,16.07,16.07,400,0.00,0.00,0.00
2016-01-27,15.98,15.98,15.62,15.62,2200,0.00,0.00,0.00
2016-01-28,15.60,15.60,15.51,15.51,300,0.00,0.00,0.00
2016-01-29,15.40,15.81,15.40,15.80,1200,0.00,0.00,0.00
2016-02-01,15.72,16.20,15.72,16.20,3700,0.00,0.00,0.00
2016-02-02,15.69,15.69,15.69,15.69,200,0.00,0.00,0.00
2016-02-03,15.38,15.50,15.17,15.50,2300,0.00,0.00,0.00
2016-02-04,15.67,15.67,15.67,15.67,1100,0.00,0.00,0.00
2016-02-05,15.59,15.59,14.27,14.27,2900,0.00,0.00,0.00
2016-02-08,14.26,14.26,13.46,13.46,1500,0.00,0.00,0.00
2016-02-09,13.64,13.81,13.42,13.61,1900,0.00,0.00,0.00
2016-02-10,13.81,13.85,13.68,13.85,700,0.00,0.00,0.00
2016-02-11,13.74,13.79,13.51,13.79,2400,0.00,0.00,0.00
2016-02-12,13.99,13.99,13.96,13.96,400,0.00,0.00,0.00
2016-02-16,14.22,14.42,14.19,14.42,500,0.00,0.00,0.00
2016-02-17,14.92,15.00,14.91,15.00,700,0.00,0.00,0.00
2016-02-18,15.29,15.29,14.85,14.96,4300,0.00,0.00,0.00
2016-02-19,14.83,14.93,14.68,14.93,600,0.00,0.00,0.00
2016-02-22,15.25,15.35,15.25,15.32,1300,0.00,0.00,0.00
2016-02-23,15.16,15.19,15.13,15.13,1100,0.00,0.00,0.00
2016-02-24,14.85,15.28,14.85,15.28,1500,0.00,0.00,0.00
2016-02-25,15.45,15.45,15.27,15.27,400,0.00,0.00,0.00
2016-02-26,15.79,15.79,15.79,15.79,500,0.00,0.00,0.00
2016-02-29,16.04,16.04,16.04,16.04,200,0.00,0.00,0.00
2016-03-01,16.05,16.27,16.05,16.27,900,0.00,0.00,0.00
2016-03-02,16.36,16.36,16.36,16.36,200,0.00,0.00,0.00
2016-03-03,16.25,16.34,16.25,16.33,1300,0.00,0.00,0.00
2016-03-04,16.59,16.67,16.53,16.62,1100,0.00,0.00,0.00
2016-03-07,16.33,16.36,16.33,16.36,400,0.00,0.00,0.00
2016-03-08,16.35,16.35,16.35,16.35,200,0.00,0.00,0.00
2016-03-09,16.25,16.31,16.25,16.31,3100,0.00,0.00,0.00
2016-03-10,16.16,16.21,16.16,16.21,300,0.00,0.00,0.00
2016-03-11,16.33,16.47,16.33,16.47,800,0.00,0.00,0.00
2016-03-14,16.57,16.59,16.57,16.59,800,0.00,0.00,0.00
2016-03-15,16.48,16.48,16.48,16.48,400,0.00,0.00,0.00
2016-03-16,16.38,16.60,16.38,16.60,700,0.00,0.00,0.00
2016-03-17,16.64,16.64,16.64,16.64,100,0.00,0.00,0.00
2016-03-18,16.89,16.89,16.89,16.89,500,0.00,0.00,0.00
2016-03-21,16.79,16.84,16.79,16.84,600,0.00,0.00,0.00
2016-03-22,16.98,16.98,16.98,16.98,200,0.00,0.00,0.00
2016-03-23,16.79,16.87,16.79,16.82,300,0.00,0.00,0.00
2016-03-24,16.64,16.64,16.64,16.64,200,0.00,0.00,0.00
2016-03-28,16.82,16.82,16.62,16.63,600,0.00,0.00,0.00
2016-03-29,16.68,17.07,16.68,17.07,1500,0.00,0.00,0.00
2016-03-30,17.21,17.21,17.09,17.13,2400,0.00,0.00,0.00
2016-03-31,17.21,17.21,17.20,17.21,400,0.00,0.00,0.00
2016-04-01,17.16,17.27,17.16,17.27,1300,0.00,0.00,0.00
2016-04-04,17.31,17.35,17.22,17.30,2100,0.00,0.00,0.00
2016-04-05,17.00,17.13,17.00,17.07,400,0.00,0.00,0.00
2016-04-06,17.22,17.27,17.22,17.27,400,0.00,0.00,0.00
2016-04-07,17.35,17.35,17.25,17.27,1700,0.00,0.00,0.00
2016-04-08,17.36,17.37,17.12,17.24,9800,0.00,0.00,0.00
2016-04-11,17.16,17.16,17.09,17.09,700,0.00,0.00,0.00
2016-04-12,17.10,17.11,17.09,17.09,1000,0.00,0.00,0.00
2016-04-13,17.46,17.55,17.46,17.55,300,0.00,0.00,0.00
2016-04-14,17.52,17.66,17.52,17.66,2100,0.00,0.00,0.00
2016-04-15,17.53,17.53,17.53,17.53,300,0.00,0.00,0.00
2016-04-18,17.60,17.60,17.60,17.60,300,0.00,0.00,0.00
2016-04-19,17.79,17.79,17.46,17.46,1800,0.00,0.00,0.00
2016-04-20,17.50,17.56,17.50,17.56,400,0.00,0.00,0.00
2016-04-21,17.62,17.67,17.62,17.67,1200,0.00,0.00,0.00
2016-04-22,17.72,17.72,17.71,17.71,400,0.00,0.00,0.00
2016-04-25,17.62,17.62,17.62,17.62,100,0.00,0.00,0.00
2016-04-26,17.65,17.65,17.57,17.57,3300,0.00,0.00,0.00
2016-04-27,17.55,17.55,17.42,17.52,1400,0.00,0.00,0.00
2016-04-28,17.51,17.51,17.51,17.51,1300,0.00,0.00,0.00
2016-04-29,17.23,17.29,17.23,17.25,3300,0.00,0.00,0.00
2016-05-02,17.43,17.43,17.43,17.43,300,0.00,0.00,0.00
2016-05-03,17.49,17.49,17.26,17.26,1700,0.00,0.00,0.00
2016-05-04,17.23,17.23,16.99,16.99,1100,0.00,0.00,0.00
2016-05-05,17.15,17.15,16.92,16.92,1400,0.00,0.00,0.00
2016-05-06,16.72,16.95,16.72,16.95,1000,0.00,0.00,0.00
2016-05-09,17.01,17.01,16.97,16.97,2700,0.00,0.00,0.00
2016-05-10,17.11,17.11,17.11,17.11,100,0.00,0.00,0.00
2016-05-11,17.13,17.13,17.13,17.13,100,0.00,0.00,0.00
2016-05-12,17.02,17.02,16.79,16.84,700,0.00,0.00,0.00
2016-05-13,17.00,17.00,16.94,16.94,2400,0.00,0.00,0.00
2016-05-16,17.13,17.18,17.13,17.18,900,0.00,0.00,0.00
2016-05-17,17.18,17.26,17.05,17.05,800,0.00,0.00,0.00
2016-05-18,17.22,17.27,17.22,17.27,300,0.00,0.00,0.00
2016-05-19,17.05,17.05,17.05,17.05,300,0.00,0.00,0.00
2016-05-20,17.18,17.37,17.18,17.34,1200,0.00,0.00,0.00
2016-05-23,17.51,17.52,17.49,17.52,500,0.00,0.00,0.00
2016-05-24,17.69,17.84,17.69,17.84,3700,0.00,0.00,0.00
2016-05-25,17.90,17.90,17.84,17.84,900,0.00,0.00,0.00
2016-05-26,17.88,17.88,17.88,17.88,200,0.00,0.00,0.00
2016-05-27,18.03,18.03,18.03,18.03,100,0.00,0.00,0.00
2016-05-31,18.30,18.32,18.25,18.25,700,0.00,0.00,0.00
2016-06-01,18.21,18.35,18.20,18.30,3400,0.00,0.00,0.00
2016-06-02,18.31,18.31,18.31,18.31,100,0.00,0.00,0.00
2016-06-03,18.31,18.31,18.31,18.31,500,0.00,0.00,0.00
2016-06-06,18.46,18.46,18.46,18.46,500,0.00,0.00,0.00
2016-06-07,18.57,18.70,18.57,18.69,1300,0.00,0.00,0.00
2016-06-08,18.67,18.67,18.60,18.60,500,0.00,0.00,0.00
2016-06-09,18.53,18.60,18.53,18.56,2900,0.00,0.00,0.00
2016-06-10,18.60,18.60,18.03,18.03,900,0.00,0.00,0.00
2016-06-13,18.61,18.61,18.56,18.59,3000,0.00,0.00,0.00
2016-06-14,18.61,18.63,18.36,18.36,3800,0.00,0.00,0.00
2016-06-15,18.66,18.67,18.66,18.67,500,0.00,0.00,0.00
2016-06-16,18.57,18.71,18.57,18.71,1400,0.00,0.00,0.00
2016-06-17,18.65,18.69,18.56,18.61,700,0.00,0.00,0.00
2016-06-20,18.98,19.00,18.89,18.89,1900,0.00,0.00,0.00
2016-06-21,18.95,18.95,18.69,18.69,1700,0.00,0.00,0.00
2016-06-22,18.59,18.59,18.59,18.59,400,0.00,0.00,0.00
2016-06-23,18.74,18.74,18.74,18.74,500,0.00,0.00,0.00
2016-06-24,18.25,18.25,18.25,18.25,600,0.00,0.00,0.00
2016-06-27,17.81,17.81,17.39,17.39,1700,0.00,0.00,0.00
2016-06-28,17.81,17.87,17.81,17.87,1100,0.00,0.00,0.00
2016-06-29,18.49,18.50,18.48,18.50,1000,0.00,0.00,0.00
2016-06-30,18.66,18.66,18.58,18.58,500,0.00,0.00,0.00
2016-07-01,18.74,18.74,18.74,18.74,500,0.00,0.00,0.00
2016-07-05,18.49,18.49,18.49,18.49,500,0.00,0.00,0.00
2016-07-06,18.37,18.53,18.37,18.53,500,0.00,0.00,0.00
2016-07-07,18.71,18.71,18.70,18.70,800,0.00,0.00,0.00
2016-07-08,19.00,19.06,19.00,19.06,4000,0.00,0.00,0.00
2016-07-11,19.13,19.38,19.13,19.36,3000,0.00,0.00,0.00
2016-07-12,19.42,19.51,19.42,19.49,600,0.00,0.00,0.00
2016-07-13,19.45,19.45,19.45,19.45,100,0.00,0.00,0.00
2016-07-14,19.37,19.57,19.37,19.57,900,0.00,0.00,0.00
2016-07-15,19.49,19.49,19.49,19.49,400,0.00,0.00,0.00
2016-07-18,19.74,20.00,19.74,20.00,900,0.00,0.00,0.00
2016-07-19,19.61,19.61,19.61,19.61,200,0.00,0.00,0.00
2016-07-20,19.61,19.61,19.61,19.61,0,0.00,0.00,0.00
2016-07-21,19.74,19.74,19.74,19.74,200,0.00,0.00,0.00
2016-07-22,19.65,19.68,19.57,19.68,300,0.00,0.00,0.00
2016-07-25,19.89,19.89,19.71,19.81,1400,0.00,0.00,0.00
2016-07-26,19.90,20.01,19.80,19.97,3300,0.00,0.00,0.00
2016-07-27,19.84,19.84,19.84,19.84,100,0.00,0.00,0.00
2016-07-28,20.03,20.08,19.95,20.06,1200,0.00,0.00,0.00
2016-07-29,20.03,20.03,20.03,20.03,400,0.00,0.00,0.00
2016-08-01,20.10,20.17,20.10,20.17,600,0.00,0.00,0.00
2016-08-02,20.24,20.24,19.84,19.88,1000,0.00,0.00,0.00
2016-08-03,20.01,20.01,19.98,19.98,1400,0.00,0.00,0.00
2016-08-04,19.98,20.27,19.98,20.27,1000,0.00,0.00,0.00
2016-08-05,20.08,20.15,20.08,20.15,300,0.00,0.00,0.00
2016-08-08,20.26,20.31,20.26,20.27,1400,0.00,0.00,0.00
2016-08-09,20.38,20.38,20.28,20.35,1100,0.00,0.00,0.00
2016-08-10,20.29,20.29,20.20,20.28,2000,0.00,0.00,0.00
2016-08-11,20.41,20.52,20.41,20.52,1500,0.00,0.00,0.00
2016-08-12,20.53,20.61,20.53,20.61,300,0.00,0.00,0.00
2016-08-15,20.79,20.79,20.66,20.76,7600,0.00,0.00,0.00
2016-08-16,20.80,20.80,20.60,20.66,1100,0.00,0.00,0.00
2016-08-17,20.47,20.47,20.47,20.47,400,0.00,0.00,0.00
2016-08-18,20.44,20.51,20.44,20.51,1000,0.00,0.00,0.00
2016-08-19,20.29,20.43,20.29,20.43,1800,0.00,0.00,0.00
2016-08-22,20.56,20.56,20.38,20.38,200,0.00,0.00,0.00
2016-08-23,20.51,20.64,20.51,20.57,4500,0.00,0.00,0.00
2016-08-24,20.65,20.65,20.35,20.35,4000,0.00,0.00,0.00
2016-08-25,20.42,20.42,20.29,20.36,2300,0.00,0.00,0.00
2016-08-26,20.27,20.41,20.24,20.24,1000,0.00,0.00,0.00
2016-08-29,20.39,20.39,20.39,20.39,200,0.00,0.00,0.00
2016-08-30,20.30,20.30,20.30,20.30,100,0.00,0.00,0.00
2016-08-31,20.23,20.28,20.23,20.28,500,0.00,0.00,0.00
2016-09-01,20.32,20.32,20.30,20.30,300,0.00,0.00,0.00
2016-09-02,20.31,20.45,20.31,20.41,1400,0.00,0.00,0.00
2016-09-06,20.63,20.63,20.60,20.60,200,0.00,0.00,0.00
2016-09-07,20.68,20.68,20.68,20.68,300,0.00,0.00,0.00
2016-09-08,20.67,20.67,20.67,20.67,700,0.00,0.00,0.00
2016-09-09,20.34,20.48,20.34,20.48,800,0.00,0.00,0.00
2016-09-12,20.48,20.48,20.48,20.48,0,0.00,0.00,0.00
2016-09-13,20.13,20.13,19.84,19.95,1300,0.00,0.00,0.00
2016-09-14,20.08,20.08,20.02,20.02,1100,0.00,0.00,0.00
2016-09-15,20.13,20.37,20.13,20.37,900,0.00,0.00,0.00
2016-09-16,20.42,20.46,20.42,20.46,300,0.00,0.00,0.00
2016-09-19,20.44,20.63,20.41,20.45,2900,0.00,0.00,0.00
2016-09-20,20.41,20.41,20.41,20.41,300,0.00,0.00,0.00
2016-09-21,20.53,20.53,20.53,20.53,100,0.00,0.00,0.00
2016-09-22,20.93,20.93,20.93,20.93,600,0.00,0.00,0.00
2016-09-23,21.01,21.07,20.97,20.97,1600,0.00,0.00,0.00
2016-09-26,20.77,20.83,20.77,20.82,2500,0.00,0.00,0.00
2016-09-27,20.91,21.12,20.91,21.10,26600,0.00,0.00,0.00
2016-09-28,21.16,21.26,21.09,21.26,2900,0.00,0.00,0.00
2016-09-29,21.32,21.32,21.18,21.21,1100,0.00,0.00,0.00
2016-09-30,21.39,21.39,21.32,21.32,900,0.00,0.00,0.00
2016-10-03,21.23,21.44,20.38,21.44,4200,0.00,0.00,0.00
2016-10-04,21.60,21.60,21.25,21.32,6500,0.00,0.00,0.00
2016-10-05,21.47,21.47,21.37,21.38,17400,0.00,0.00,0.00
2016-10-06,21.41,21.41,21.11,21.21,900,0.00,0.00,0.00
2016-10-07,21.12,21.12,21.04,21.06,1200,0.00,0.00,0.00
2016-10-10,21.26,21.26,21.26,21.26,200,0.00,0.00,0.00
2016-10-11,21.19,21.19,20.79,20.80,8600,0.00,0.00,0.00
2016-10-12,20.80,20.80,20.72,20.74,3100,0.00,0.00,0.00
2016-10-13,20.40,20.52,20.23,20.52,1900,0.00,0.00,0.00
2016-10-14,20.47,20.47,20.41,20.41,1500,0.00,0.00,0.00
2016-10-17,20.23,20.23,20.23,20.23,1100,0.00,0.00,0.00
2016-10-18,20.65,20.65,20.64,20.64,700,0.00,0.00,0.00
2016-10-19,20.69,20.69,20.69,20.69,200,0.00,0.00,0.00
2016-10-20,20.75,20.75,20.73,20.73,400,0.00,0.00,0.00
2016-10-21,20.77,20.77,20.54,20.76,3500,0.00,0.00,0.00
2016-10-24,21.07,21.07,20.93,21.00,4700,0.00,0.00,0.00
2016-10-25,21.15,21.15,20.76,20.77,700,0.00,0.00,0.00
2016-10-26,20.76,20.80,20.73,20.73,600,0.00,0.00,0.00
2016-10-27,20.74,20.74,20.63,20.63,1400,0.00,0.00,0.00
2016-10-28,20.70,20.78,20.54,20.54,1200,0.00,0.00,0.00
2016-10-31,20.87,20.87,20.48,20.56,2900,0.00,0.00,0.00
2016-11-01,20.23,20.28,20.23,20.27,1000,0.00,0.00,0.00
2016-11-02,20.27,20.27,19.96,20.06,2300,0.00,0.00,0.00
2016-11-03,19.99,20.01,19.84,19.84,1700,0.00,0.00,0.00
2016-11-04,19.75,20.14,19.75,20.14,1700,0.00,0.00,0.00
2016-11-07,20.42,20.56,20.40,20.56,1200,0.00,0.00,0.00
2016-11-08,20.63,20.63,20.39,20.58,1700,0.00,0.00,0.00
2016-11-09,19.95,20.48,19.87,20.44,22100,0.00,0.00,0.00
2016-11-10,21.36,21.36,20.28,20.62,2200,0.00,0.00,0.00
2016-11-11,20.84,20.84,20.84,20.84,100,0.00,0.00,0.00
2016-11-14,20.77,20.78,20.74,20.78,800,0.00,0.00,0.00
2016-11-15,20.92,21.04,20.92,21.04,800,0.00,0.00,0.00
2016-11-16,21.02,21.17,21.02,21.17,600,0.00,0.00,0.00
2016-11-17,21.27,21.47,21.27,21.47,3400,0.00,0.00,0.00
2016-11-18,21.62,21.62,21.28,21.34,4200,0.00,0.00,0.00
2016-11-21,21.30,21.51,21.30,21.45,2400,0.00,0.00,0.00
2016-11-22,21.64,21.64,21.48,21.54,600,0.00,0.00,0.00
2016-11-23,21.44,21.44,21.43,21.43,400,0.00,0.00,0.00
2016-11-25,21.43,21.43,21.43,21.43,0,0.00,0.00,0.00
2016-11-28,21.48,21.48,21.35,21.35,1200,0.00,0.00,0.00
2016-11-29,21.56,21.56,21.21,21.21,1000,0.00,0.00,0.00
2016-11-30,21.07,21.07,21.06,21.06,900,0.00,0.00,0.00
2016-12-01,20.92,21.02,20.92,20.94,500,0.00,0.00,0.00
2016-12-02,20.47,20.47,20.34,20.35,4000,0.00,0.00,0.00
2016-12-05,20.56,20.81,20.56,20.77,800,0.00,0.00,0.00
2016-12-06,20.79,20.79,20.77,20.78,2000,0.00,0.00,0.00
2016-12-07,20.87,20.91,20.87,20.89,500,0.00,0.00,0.00
2016-12-08,21.27,21.27,21.10,21.13,3300,0.00,0.00,0.00
2016-12-09,21.18,21.18,21.05,21.06,8100,0.00,0.00,0.00
2016-12-12,20.95,20.98,20.79,20.82,25000,0.00,0.00,0.00
2016-12-13,20.78,21.17,20.78,21.09,2400,0.00,0.00,0.00
2016-12-14,21.02,21.07,21.02,21.07,1200,0.00,0.00,0.00
2016-12-15,21.32,21.37,21.24,21.24,3000,0.00,0.00,0.00
2016-12-16,21.33,21.33,21.31,21.31,700,0.00,0.00,0.00
2016-12-19,21.31,21.31,21.22,21.22,4400,0.00,0.00,0.00
2016-12-20,21.39,21.39,21.32,21.35,11700,0.00,0.00,0.00
2016-12-21,21.26,21.30,21.26,21.30,1800,0.00,0.00,0.00
2016-12-22,21.29,21.29,20.90,20.90,2900,0.00,0.00,0.00
2016-12-23,20.93,20.95,20.91,20.92,1700,0.00,0.00,0.00
2016-12-27,21.24,21.39,21.24,21.30,4600,0.00,0.00,0.00
2016-12-28,21.36,21.36,21.09,21.10,4100,0.00,0.00,0.00
2016-12-29,20.92,20.94,20.88,20.88,600,0.00,0.00,0.00
2016-12-30,20.86,20.87,20.86,20.87,500,0.00,0.00,0.00
2017-01-03,21.07,21.29,21.07,21.14,3800,0.00,0.00,0.00
2017-01-04,21.34,21.76,21.34,21.76,3700,0.00,0.00,0.00
2017-01-05,21.88,21.93,21.74,21.91,11700,0.00,0.00,0.00
2017-01-06,22.11,22.15,21.87,22.09,5000,0.00,0.00,0.00
2017-01-09,22.26,22.27,22.14,22.22,2200,0.00,0.00,0.00
2017-01-10,22.36,22.45,22.36,22.41,4700,0.00,0.00,0.00
2017-01-11,22.35,22.45,22.31,22.45,2200,0.00,0.00,0.00
2017-01-12,22.45,22.45,22.12,22.40,4500,0.00,0.00,0.00
2017-01-13,22.45,22.54,22.45,22.52,2700,0.00,0.00,0.00
2017-01-17,22.56,22.56,22.29,22.32,6900,0.00,0.00,0.00
2017-01-18,22.31,22.34,22.16,22.33,4000,0.00,0.00,0.00
2017-01-19,22.57,22.57,22.46,22.46,4000,0.00,0.00,0.00
2017-01-20,22.43,22.48,22.43,22.45,23800,0.00,0.00,0.00
2017-01-23,22.57,22.57,22.43,22.46,4900,0.00,0.00,0.00
2017-01-24,22.62,22.79,22.58,22.79,4200,0.00,0.00,0.00
2017-01-25,22.77,23.04,22.77,23.01,5100,0.00,0.00,0.00
2017-01-26,23.10,23.10,22.96,23.04,3000,0.00,0.00,0.00
2017-01-27,22.96,23.04,22.92,23.04,1400,0.00,0.00,0.00
2017-01-30,23.14,23.14,22.70,22.89,5900,0.00,0.00,0.00
2017-01-31,22.75,22.95,22.75,22.95,1000,0.00,0.00,0.00
2017-02-01,23.05,23.05,22.89,22.98,1800,0.00,0.00,0.00
2017-02-02,23.05,23.05,22.92,22.93,11100,0.00,0.00,0.00
2017-02-03,23.12,23.12,22.90,22.95,2700,0.00,0.00,0.00
2017-02-06,23.01,23.01,22.90,22.95,1800,0.00,0.00,0.00
2017-02-07,22.97,23.13,22.97,23.04,5800,0.00,0.00,0.00
2017-02-08,23.13,23.20,23.09,23.20,5100,0.00,0.00,0.00
2017-02-09,23.23,23.44,23.23,23.41,14800,0.00,0.00,0.00
2017-02-10,23.70,23.70,23.43,23.49,8700,0.00,0.00,0.00
2017-02-13,23.70,23.70,23.53,23.54,13400,0.00,0.00,0.00
2017-02-14,23.64,23.64,23.42,23.54,3800,0.00,0.00,0.00
2017-02-15,23.64,23.74,23.54,23.69,5700,0.00,0.00,0.00
2017-02-16,23.83,23.83,23.50,23.54,6000,0.00,0.00,0.00
2017-02-17,23.49,23.60,23.49,23.59,2400,0.00,0.00,0.00
2017-02-21,23.79,23.88,23.73,23.84,10100,0.00,0.00,0.00
2017-02-22,23.98,23.98,23.84,23.84,5500,0.00,0.00,0.00
2017-02-23,24.10,24.10,23.63,23.72,8800,0.00,0.00,0.00
2017-02-24,23.64,23.64,23.46,23.63,2800,0.00,0.00,0.00
2017-02-27,23.51,23.72,23.51,23.68,3000,0.00,0.00,0.00
2017-02-28,23.67,23.67,23.47,23.49,7000,0.00,0.00,0.00
2017-03-01,23.65,23.72,23.59,23.72,8800,0.00,0.00,0.00
2017-03-02,23.69,23.69,23.56,23.56,16300,0.00,0.00,0.00
2017-03-03,23.46,23.52,23.44,23.52,3700,0.00,0.00,0.00
2017-03-06,23.45,23.59,23.39,23.59,3500,0.00,0.00,0.00
2017-03-07,23.61,23.64,23.45,23.45,7100,0.00,0.00,0.00
2017-03-08,23.58,23.58,23.42,23.42,4900,0.00,0.00,0.00
2017-03-09,23.49,23.49,23.31,23.43,5700,0.00,0.00,0.00
2017-03-10,23.99,24.01,23.53,23.62,12700,0.00,0.00,0.00
2017-03-13,23.64,23.80,23.64,23.78,2500,0.00,0.00,0.00
2017-03-14,23.76,23.76,23.60,23.69,1500,0.00,0.00,0.00
2017-03-15,23.79,23.89,23.68,23.88,4700,0.00,0.00,0.00
2017-03-16,24.06,24.07,24.01,24.01,3000,0.00,0.00,0.00
2017-03-17,24.01,24.10,23.97,23.99,8100,0.00,0.00,0.00
2017-03-20,23.93,24.03,23.93,23.98,4600,0.00,0.00,0.00
2017-03-21,23.99,23.99,23.40,23.40,5300,0.00,0.00,0.00
2017-03-22,23.43,23.43,23.26,23.33,4600,0.00,0.00,0.00
2017-03-23,23.28,23.46,23.28,23.46,6700,0.00,0.00,0.00
2017-03-24,23.45,23.57,23.36,23.48,3900,0.00,0.00,0.00
2017-03-27,23.17,23.66,23.15,23.61,13700,0.00,0.00,0.00
2017-03-28,23.70,23.79,23.70,23.77,2700,0.00,0.00,0.00
2017-03-29,23.71,23.91,23.71,23.91,1700,0.00,0.00,0.00
2017-03-30,23.93,23.93,23.89,23.89,2500,0.00,0.00,0.00
2017-03-31,23.79,24.04,23.79,24.04,1400,0.00,0.00,0.00
2017-04-03,24.13,24.18,24.02,24.18,4100,0.00,0.00,0.00
2017-04-04,24.09,24.11,24.05,24.05,3700,0.00,0.00,0.00
2017-04-05,24.18,24.37,24.15,24.15,3300,0.00,0.00,0.00
2017-04-06,24.06,24.13,23.99,24.12,4300,0.00,0.00,0.00
2017-04-07,24.10,24.23,24.06,24.19,6200,0.00,0.00,0.00
2017-04-10,24.31,24.38,24.23,24.26,8300,0.00,0.00,0.00
2017-04-11,24.28,24.28,24.12,24.26,5000,0.00,0.00,0.00
2017-04-12,24.28,24.37,24.12,24.12,2700,0.00,0.00,0.00
2017-04-13,24.12,24.22,23.99,23.99,2400,0.00,0.00,0.00
2017-04-17,24.13,24.18,24.13,24.16,2700,0.00,0.00,0.00
2017-04-18,24.18,24.33,24.18,24.33,7200,0.00,0.00,0.00
2017-04-19,24.62,24.62,24.44,24.44,20700,0.00,0.00,0.00
2017-04-20,24.53,24.72,24.53,24.69,12900,0.00,0.00,0.00
2017-04-21,24.88,24.88,24.61,24.61,10600,0.00,0.00,0.00
2017-04-24,24.97,25.04,24.81,24.89,8300,0.00,0.00,0.00
2017-04-25,25.21,25.22,25.00,25.22,6800,0.00,0.00,0.00
2017-04-26,25.28,25.32,25.22,25.26,3400,0.00,0.00,0.00
2017-04-27,25.35,25.59,25.34,25.58,19200,0.00,0.00,0.00
2017-04-28,25.51,25.51,25.14,25.20,12400,0.00,0.00,0.00
2017-05-01,25.33,25.75,25.33,25.70,12300,0.00,0.00,0.00
2017-05-02,25.82,25.82,25.56,25.67,33900,0.00,0.00,0.00
2017-05-03,25.58,25.58,25.26,25.43,24900,0.00,0.00,0.00
2017-05-04,25.52,25.59,25.42,25.45,9700,0.00,0.00,0.00
2017-05-05,25.42,25.72,25.42,25.72,10300,0.00,0.00,0.00
2017-05-08,25.98,25.98,25.76,25.82,16200,0.00,0.00,0.00
2017-05-09,25.99,26.39,25.97,26.36,22700,0.00,0.00,0.00
2017-05-10,26.46,26.70,26.41,26.54,18500,0.00,0.00,0.00
2017-05-11,26.54,26.65,26.36,26.57,11200,0.00,0.00,0.00
2017-05-12,26.56,26.69,26.44,26.63,8400,0.00,0.00,0.00
2017-05-15,26.79,26.90,26.70,26.90,13400,0.00,0.00,0.00
2017-05-16,27.09,27.09,26.88,27.00,19600,0.00,0.00,0.00
2017-05-17,26.85,26.85,26.17,26.17,34400,0.00,0.00,0.00
2017-05-18,26.58,26.95,26.41,26.95,23900,0.00,0.00,0.00
2017-05-19,27.12,27.35,27.12,27.14,25500,0.00,0.00,0.00
2017-05-22,27.39,27.75,27.34,27.66,58600,0.00,0.00,0.00
2017-05-23,27.84,27.88,27.57,27.87,20700,0.00,0.00,0.00
2017-05-24,27.94,28.90,27.94,28.87,115000,0.00,0.00,0.00
2017-05-25,29.44,29.87,28.88,29.38,143800,0.00,0.00,0.00
2017-05-26,29.42,29.42,28.88,29.04,57700,0.00,0.00,0.00
2017-05-30,29.14,29.19,28.89,29.12,90900,0.00,0.00,0.00
2017-05-31,29.25,29.31,28.90,29.29,57500,0.00,0.00,0.00
2017-06-01,29.42,29.82,29.42,29.79,131900,0.00,0.00,0.00
2017-06-02,29.94,29.94,29.62,29.84,74200,0.00,0.00,0.00
2017-06-05,29.89,30.14,29.87,30.10,156400,0.00,0.00,0.00
2017-06-06,30.15,30.40,30.11,30.19,160600,0.00,0.00,0.00
2017-06-07,30.33,30.33,29.99,30.14,61700,0.00,0.00,0.00
2017-06-08,30.31,30.51,30.11,30.45,92300,0.00,0.00,0.00
2017-06-09,30.70,30.70,28.77,29.30,177400,0.00,0.00,0.00
2017-06-12,29.09,29.09,27.11,28.79,153100,0.00,0.00,0.00
2017-06-13,28.98,29.27,28.94,29.21,68600,0.00,0.00,0.00
2017-06-14,29.56,29.56,28.72,28.91,43200,0.00,0.00,0.00
2017-06-15,28.44,28.92,28.19,28.88,80400,0.00,0.00,0.00
2017-06-16,28.95,29.26,28.95,29.21,66700,0.00,0.00,0.00
2017-06-19,29.56,29.83,29.54,29.82,67200,0.00,0.00,0.00
2017-06-20,29.91,30.00,29.72,29.77,40800,0.00,0.00,0.00
2017-06-21,29.87,30.09,29.85,30.09,64100,0.00,0.00,0.00
2017-06-22,30.11,30.43,30.11,30.25,45200,0.00,0.00,0.00
2017-06-23,30.29,30.49,30.17,30.46,40900,0.00,0.00,0.00
2017-06-26,30.82,30.83,29.94,30.04,70100,0.00,0.00,0.00
2017-06-27,29.94,29.95,29.37,29.37,46000,0.00,0.00,0.00
2017-06-28,29.57,29.93,29.40,29.91,48000,0.00,0.00,0.00
2017-06-29,29.89,29.89,28.93,29.28,42900,0.00,0.00,0.00
2017-06-30,29.47,29.47,29.13,29.18,34100,0.00,0.00,0.00
2017-07-03,29.47,29.47,28.83,28.93,20800,0.00,0.00,0.00
2017-07-05,28.94,29.14,28.80,29.07,34900,0.00,0.00,0.00
2017-07-06,28.97,28.97,28.58,28.63,20800,0.00,0.00,0.00
2017-07-07,28.63,29.01,28.63,28.99,73800,0.00,0.00,0.00
2017-07-10,29.06,29.27,28.98,29.25,27700,0.00,0.00,0.00
2017-07-11,29.21,29.51,29.21,29.51,17200,0.00,0.00,0.00
2017-07-12,29.76,30.21,29.76,30.19,51800,0.00,0.00,0.00
2017-07-13,30.23,30.23,29.91,30.05,27900,0.00,0.00,0.00
2017-07-14,30.14,30.26,30.01,30.23,25800,0.00,0.00,0.00
2017-07-17,30.22,30.33,30.09,30.14,34800,0.00,0.00,0.00
2017-07-18,30.11,30.72,30.11,30.70,28900,0.00,0.00,0.00
2017-07-19,30.73,30.87,30.63,30.67,173600,0.00,0.00,0.00
2017-07-20,30.66,30.88,30.63,30.81,35100,0.00,0.00,0.00
2017-07-21,30.85,31.04,30.84,30.95,39400,0.00,0.00,0.00
2017-07-24,30.95,31.25,30.95,31.25,59100,0.00,0.00,0.00
2017-07-25,31.40,31.40,31.01,31.19,39900,0.00,0.00,0.00
2017-07-26,31.25,31.25,31.07,31.18,26500,0.00,0.00,0.00
2017-07-27,31.20,31.44,30.38,30.76,57700,0.00,0.00,0.00
2017-07-28,30.50,31.05,30.50,30.91,34500,0.00,0.00,0.00
2017-07-31,31.18,31.18,30.51,30.65,32300,0.00,0.00,0.00
2017-08-01,30.84,30.95,30.68,30.93,40300,0.00,0.00,0.00
2017-08-02,30.99,31.00,30.41,30.73,30500,0.00,0.00,0.00
2017-08-03,30.95,31.03,30.81,30.92,24000,0.00,0.00,0.00
2017-08-04,30.94,31.22,30.92,31.09,35700,0.00,0.00,0.00
2017-08-07,31.25,31.70,31.25,31.70,59700,0.00,0.00,0.00
2017-08-08,31.80,31.96,31.63,31.71,72500,0.00,0.00,0.00
2017-08-09,31.62,31.62,31.33,31.50,49300,0.00,0.00,0.00
2017-08-10,31.44,31.44,30.75,30.79,54900,0.00,0.00,0.00
2017-08-11,30.72,31.21,30.60,31.20,25600,0.00,0.00,0.00
2017-08-14,31.83,32.30,31.75,32.19,222000,0.00,0.00,0.00
2017-08-15,32.37,32.37,31.60,31.91,70600,0.00,0.00,0.00
2017-08-16,32.26,32.52,32.14,32.37,81800,0.00,0.00,0.00
2017-08-17,32.46,32.58,31.88,31.89,61700,0.00,0.00,0.00
2017-08-18,31.88,32.14,31.74,31.89,83700,0.00,0.00,0.00
2017-08-21,31.89,31.90,31.55,31.82,32200,0.00,0.00,0.00
2017-08-22,32.07,32.30,31.88,32.27,44000,0.00,0.00,0.00
2017-08-23,32.19,32.51,32.11,32.44,52000,0.00,0.00,0.00
2017-08-24,32.60,32.68,32.44,32.60,39300,0.00,0.00,0.00
2017-08-25,32.86,32.98,32.54,32.58,101900,0.00,0.00,0.00
2017-08-28,32.72,32.72,32.41,32.54,20800,0.00,0.00,0.00
2017-08-29,31.99,32.98,31.99,32.92,47200,0.00,0.00,0.00
2017-08-30,33.08,33.71,33.03,33.67,95900,0.00,0.00,0.00
2017-08-31,33.92,34.36,33.92,34.26,98300,0.00,0.00,0.00
2017-09-01,34.41,34.41,33.36,33.62,171300,0.00,0.00,0.00
2017-09-05,33.27,33.34,32.88,33.20,105900,0.00,0.00,0.00
2017-09-06,33.43,33.62,33.24,33.54,64300,0.00,0.00,0.00
2017-09-07,33.71,33.88,33.54,33.58,50800,0.00,0.00,0.00
2017-09-08,33.56,33.56,32.98,33.03,50500,0.00,0.00,0.00
2017-09-11,33.30,33.67,33.30,33.57,45200,0.00,0.00,0.00
2017-09-12,33.68,33.85,33.53,33.71,62600,0.00,0.00,0.00
2017-09-13,33.56,33.56,33.35,33.41,90200,0.00,0.00,0.00
2017-09-14,33.32,33.42,32.88,33.26,63500,0.00,0.00,0.00
2017-09-15,33.27,33.80,33.23,33.72,27800,0.00,0.00,0.00
2017-09-18,34.06,34.37,34.00,34.27,111300,0.00,0.00,0.00
2017-09-19,34.35,34.44,34.06,34.15,35900,0.00,0.00,0.00
2017-09-20,34.23,34.26,33.88,34.16,63600,0.00,0.00,0.00
2017-09-21,34.21,34.21,33.59,33.80,61200,0.00,0.00,0.00
2017-09-22,33.72,33.77,33.54,33.77,74000,0.00,0.00,0.00
2017-09-25,33.76,33.82,32.90,32.97,84400,0.00,0.00,0.00
2017-09-26,33.25,33.43,32.86,32.91,27200,0.00,0.00,0.00
2017-09-27,33.24,33.70,33.24,33.58,39800,0.00,0.00,0.00
2017-09-28,33.58,33.62,33.41,33.57,24000,0.00,0.00,0.00
2017-09-29,33.68,33.84,33.67,33.82,27700,0.00,0.00,0.00
2017-10-02,33.93,34.13,33.76,34.02,44000,0.00,0.00,0.00
2017-10-03,33.97,34.19,33.85,34.08,55000,0.00,0.00,0.00
2017-10-04,34.14,34.27,34.04,34.13,40900,0.00,0.00,0.00
2017-10-05,34.14,34.57,34.14,34.57,34900,0.00,0.00,0.00
2017-10-06,34.51,34.65,34.41,34.62,33300,0.00,0.00,0.00
2017-10-09,34.76,34.76,34.46,34.51,47300,0.00,0.00,0.00
2017-10-10,34.71,34.78,34.24,34.41,29800,0.00,0.00,0.00
2017-10-11,34.44,34.50,34.33,34.46,31500,0.00,0.00,0.00
2017-10-12,34.60,34.80,34.54,34.67,89600,0.00,0.00,0.00
2017-10-13,34.85,34.86,34.66,34.69,66500,0.00,0.00,0.00
2017-10-16,34.87,34.87,34.49,34.63,76700,0.00,0.00,0.00
2017-10-17,34.58,34.68,34.44,34.65,60900,0.00,0.00,0.00
2017-10-18,34.71,34.72,34.46,34.64,32200,0.00,0.00,0.00
2017-10-19,34.38,34.43,34.13,34.42,52000,0.00,0.00,0.00
2017-10-20,34.59,34.90,34.56,34.74,56200,0.00,0.00,0.00
2017-10-23,34.88,34.88,34.31,34.37,72600,0.00,0.00,0.00
2017-10-24,34.47,34.61,34.35,34.51,49700,0.00,0.00,0.00
2017-10-25,34.51,34.57,33.93,34.10,73100,0.00,0.00,0.00
2017-10-26,34.36,34.69,34.26,34.56,45700,0.00,0.00,0.00
2017-10-27,34.78,35.40,34.78,35.36,103700,0.00,0.00,0.00
2017-10-30,35.49,35.66,35.20,35.55,87000,0.00,0.00,0.00
2017-10-31,35.61,36.00,35.44,35.92,135800,0.00,0.00,0.00
2017-11-01,36.22,36.29,35.71,35.74,182200,0.00,0.00,0.00
2017-11-02,35.69,35.76,35.41,35.58,68900,0.00,0.00,0.00
2017-11-03,35.74,36.15,35.60,36.03,94900,0.00,0.00,0.00
2017-11-06,36.10,36.24,36.03,36.18,130800,0.00,0.00,0.00
2017-11-07,36.38,36.39,35.84,35.98,126600,0.00,0.00,0.00
2017-11-08,35.90,36.17,35.83,36.12,60200,0.00,0.00,0.00
2017-11-09,35.89,35.89,35.33,35.73,102100,0.00,0.00,0.00
2017-11-10,35.70,35.89,35.50,35.75,73500,0.00,0.00,0.00
2017-11-13,35.68,36.00,35.62,35.91,72900,0.00,0.00,0.00
2017-11-14,35.76,35.90,35.60,35.70,83100,0.00,0.00,0.00
2017-11-15,35.50,35.71,35.30,35.65,90600,0.00,0.00,0.00
2017-11-16,35.89,36.43,35.89,36.34,75000,0.00,0.00,0.00
2017-11-17,36.46,36.76,36.46,36.65,109300,0.00,0.00,0.00
2017-11-20,36.83,36.99,36.79,36.94,153400,0.00,0.00,0.00
2017-11-21,37.24,37.65,37.22,37.65,137000,0.00,0.00,0.00
2017-11-22,37.79,37.79,37.51,37.72,139400,0.00,0.00,0.00
2017-11-24,37.91,38.15,37.78,38.12,97000,0.00,0.00,0.00
2017-11-27,38.43,38.67,38.24,38.26,273800,0.00,0.00,0.00
2017-11-28,38.54,38.85,38.38,38.58,228800,0.00,0.00,0.00
2017-11-29,39.06,39.08,37.26,37.59,326000,0.00,0.00,0.00
2017-11-30,37.63,37.83,37.26,37.67,129700,0.00,0.00,0.00
2017-12-01,37.70,38.00,37.14,37.69,162100,0.00,0.00,0.00
2017-12-04,38.15,38.22,36.94,37.09,201800,0.00,0.00,0.00
2017-12-05,36.97,37.56,36.78,36.87,99200,0.00,0.00,0.00
2017-12-06,36.88,37.31,36.76,37.27,115600,0.00,0.00,0.00
2017-12-07,37.50,37.94,37.36,37.80,201900,0.00,0.00,0.00
2017-12-08,38.00,38.14,37.40,37.47,200900,0.00,0.00,0.00
2017-12-11,37.65,38.29,37.61,38.28,249700,0.00,0.00,0.00
2017-12-12,38.88,39.21,38.27,38.96,307200,0.00,0.00,0.00
2017-12-13,39.15,39.63,38.71,39.21,226600,0.00,0.00,0.00
2017-12-14,39.34,39.56,39.17,39.34,122300,0.00,0.00,0.00
2017-12-15,39.71,40.24,39.52,40.17,195900,0.00,0.00,0.00
2017-12-18,40.85,42.00,40.81,41.97,480600,0.00,0.00,0.00
2017-12-19,41.85,41.87,40.54,41.06,356500,0.00,0.00,0.00
2017-12-20,41.08,41.08,39.68,39.90,323800,0.00,0.00,0.00
2017-12-21,39.96,39.96,39.03,39.14,297200,0.00,0.00,0.00
2017-12-22,38.61,39.26,38.01,39.20,317900,0.00,0.00,0.00
2017-12-26,39.30,39.75,39.30,39.69,151500,0.00,0.00,0.00
2017-12-27,39.84,39.86,39.32,39.39,121800,0.94,0.00,0.00
2017-12-28,39.34,39.37,39.08,39.16,144100,0.00,0.00,0.00
2017-12-29,39.42,39.42,39.09,39.09,117200,0.00,0.00,0.00
2018-01-02,39.27,40.38,39.23,40.31,383500,0.00,0.00,0.00
2018-01-03,40.71,40.94,40.65,40.73,385100,0.00,0.00,0.00
2018-01-04,40.96,41.05,40.56,40.72,206000,0.00,0.00,0.00
2018-01-05,40.98,41.35,40.95,41.30,279800,0.00,0.00,0.00
2018-01-08,41.23,41.50,40.81,41.45,288800,0.00,0.00,0.00
2018-01-09,41.57,41.57,41.07,41.34,197100,0.00,0.00,0.00
2018-01-10,41.06,41.31,40.81,41.14,212100,0.00,0.00,0.00
2018-01-11,41.29,41.47,41.11,41.40,167600,0.00,0.00,0.00
2018-01-12,41.56,41.78,41.40,41.66,220600,0.00,0.00,0.00
2018-01-16,41.84,42.12,41.01,41.21,293900,0.00,0.00,0.00
2018-01-17,41.37,41.53,41.01,41.48,146000,0.00,0.00,0.00
2018-01-18,41.43,41.71,41.29,41.61,109000,0.00,0.00,0.00
2018-01-19,41.85,41.94,41.61,41.84,159100,0.00,0.00,0.00
2018-01-22,41.80,42.24,41.68,42.24,259300,0.00,0.00,0.00
2018-01-23,42.46,42.80,42.36,42.77,332200,0.00,0.00,0.00
2018-01-24,42.93,43.06,42.13,42.44,411700,0.00,0.00,0.00
2018-01-25,42.80,42.85,42.32,42.58,329800,0.00,0.00,0.00
2018-01-26,42.86,43.53,42.72,43.51,348900,0.00,0.00,0.00
2018-01-29,43.47,43.66,43.19,43.36,349000,0.00,0.00,0.00
2018-01-30,42.84,43.09,42.46,42.86,186000,0.00,0.00,0.00
2018-01-31,43.26,43.45,42.86,43.00,174400,0.00,0.00,0.00
2018-02-01,42.61,42.90,42.28,42.40,152600,0.00,0.00,0.00
2018-02-02,42.11,42.39,41.41,41.58,403700,0.00,0.00,0.00
2018-02-05,40.88,41.83,39.58,39.90,718700,0.00,0.00,0.00
2018-02-06,38.84,40.87,38.60,40.81,393800,0.00,0.00,0.00
2018-02-07,40.93,41.66,40.81,41.02,273300,0.00,0.00,0.00
2018-02-08,41.67,41.90,39.45,39.56,225500,0.00,0.00,0.00
2018-02-09,40.08,40.40,38.35,40.13,410100,0.00,0.00,0.00
2018-02-12,40.73,41.13,40.09,40.84,313200,0.00,0.00,0.00
2018-02-13,40.66,41.40,40.66,41.33,186000,0.00,0.00,0.00
2018-02-14,41.21,42.67,41.21,42.60,279300,0.00,0.00,0.00
2018-02-15,43.02,43.64,42.71,43.58,482400,0.00,0.00,0.00
2018-02-16,43.58,43.77,43.31,43.38,316200,0.00,0.00,0.00
2018-02-20,43.39,44.15,43.36,43.72,257700,0.00,0.00,0.00
2018-02-21,43.75,44.31,43.48,43.48,288300,0.00,0.00,0.00
2018-02-22,43.76,43.80,43.30,43.39,178200,0.00,0.00,0.00
2018-02-23,43.72,43.98,43.38,43.98,125400,0.00,0.00,0.00
2018-02-26,44.37,44.49,44.07,44.49,368200,0.00,0.00,0.00
2018-02-27,44.58,44.64,44.00,44.03,189500,0.00,0.00,0.00
2018-02-28,44.24,44.48,43.82,43.86,279500,0.00,0.00,0.00
2018-03-01,43.79,44.01,42.94,43.53,355500,0.00,0.00,0.00
2018-03-02,42.89,44.21,42.63,44.16,336400,0.00,0.00,0.00
2018-03-05,44.00,44.95,43.71,44.85,277200,0.00,0.00,0.00
2018-03-06,45.12,45.42,44.90,45.34,333000,0.00,0.00,0.00
2018-03-07,44.84,45.73,44.65,45.68,264700,0.00,0.00,0.00
2018-03-08,45.77,45.98,45.63,45.82,321200,0.00,0.00,0.00
2018-03-09,46.21,46.42,46.08,46.41,360700,0.00,0.00,0.00
2018-03-12,46.61,46.82,46.44,46.67,310000,0.00,0.00,0.00
2018-03-13,46.90,46.93,45.60,45.87,419200,0.00,0.00,0.00
2018-03-14,46.01,46.48,45.94,46.27,199800,0.00,0.00,0.00
2018-03-15,46.44,46.53,45.93,46.13,187300,0.00,0.00,0.00
2018-03-16,46.12,46.28,45.95,46.10,131100,0.00,0.00,0.00
2018-03-19,45.75,45.86,44.89,45.34,331500,0.00,0.00,0.00
2018-03-20,45.37,45.76,45.21,45.50,144600,0.00,0.00,0.00
2018-03-21,45.62,45.94,45.37,45.62,169900,0.00,0.00,0.00
2018-03-22,44.98,45.23,44.21,44.26,298600,0.00,0.00,0.00
2018-03-23,44.14,44.35,43.08,43.08,358400,0.00,0.00,0.00
2018-03-26,44.02,44.61,43.17,44.59,292200,0.00,0.00,0.00
2018-03-27,45.04,45.06,42.28,42.58,414700,0.00,0.00,0.00
2018-03-28,42.34,42.34,41.03,41.38,454300,0.00,0.00,0.00
2018-03-29,41.57,42.61,41.03,42.32,209300,0.00,0.00,0.00
2018-04-02,41.85,42.12,40.63,41.07,388100,0.00,0.00,0.00
2018-04-03,41.58,41.93,40.83,41.38,221100,0.00,0.00,0.00
2018-04-04,40.30,42.06,39.89,42.02,202100,0.00,0.00,0.00
2018-04-05,42.44,42.60,41.93,42.30,152700,0.00,0.00,0.00
2018-04-06,41.68,42.20,41.03,41.29,127500,0.00,0.00,0.00
2018-04-09,41.72,42.30,41.38,41.46,132300,0.00,0.00,0.00
2018-04-10,42.23,42.70,41.91,42.53,193400,0.00,0.00,0.00
2018-04-11,42.28,42.86,42.28,42.45,271200,0.00,0.00,0.00
2018-04-12,42.79,43.03,42.66,42.88,207800,0.00,0.00,0.00
2018-04-13,43.19,43.24,42.17,42.37,212800,0.00,0.00,0.00
2018-04-16,42.74,42.74,42.09,42.46,134100,0.00,0.00,0.00
2018-04-17,42.93,43.94,42.81,43.84,225000,0.00,0.00,0.00
2018-04-18,43.98,44.22,43.59,44.11,215900,0.00,0.00,0.00
2018-04-19,44.01,44.15,43.54,43.80,152300,0.00,0.00,0.00
2018-04-20,43.77,43.82,43.15,43.25,106500,0.00,0.00,0.00
2018-04-23,43.52,43.52,42.64,42.82,96200,0.00,0.00,0.00
2018-04-24,43.17,43.29,41.61,42.02,218200,0.00,0.00,0.00
2018-04-25,42.02,42.02,40.78,41.29,304000,0.00,0.00,0.00
2018-04-26,41.81,42.34,41.60,42.15,131700,0.00,0.00,0.00
2018-04-27,42.68,42.70,41.74,42.20,150400,0.00,0.00,0.00
2018-04-30,42.35,42.59,41.87,42.18,106700,0.00,0.00,0.00
2018-05-01,41.92,42.52,41.76,42.46,104000,0.00,0.00,0.00
2018-05-02,42.62,42.97,42.49,42.62,94000,0.00,0.00,0.00
2018-05-03,42.23,42.84,41.72,42.67,81900,0.00,0.00,0.00
2018-05-04,42.35,43.46,42.35,43.28,113700,0.00,0.00,0.00
2018-05-07,43.72,44.46,43.72,44.36,199700,0.00,0.00,0.00
2018-05-08,44.29,44.83,44.21,44.83,286000,0.00,0.00,0.00
2018-05-09,44.98,45.55,44.88,45.48,295500,0.00,0.00,0.00
2018-05-10,45.64,46.06,45.52,45.82,267500,0.00,0.00,0.00
2018-05-11,45.82,45.93,45.39,45.57,187500,0.00,0.00,0.00
2018-05-14,45.57,46.03,45.16,45.21,201600,0.00,0.00,0.00
2018-05-15,44.75,44.75,44.32,44.66,211400,0.00,0.00,0.00
2018-05-16,44.66,45.21,44.65,45.16,183100,0.00,0.00,0.00
2018-05-17,44.93,45.25,44.61,44.87,85700,0.00,0.00,0.00
2018-05-18,44.63,44.87,44.61,44.64,78000,0.00,0.00,0.00
2018-05-21,45.28,45.32,44.67,44.99,169200,0.00,0.00,0.00
2018-05-22,45.21,45.21,44.57,44.63,96600,0.00,0.00,0.00
2018-05-23,44.31,45.01,44.17,45.01,99000,0.00,0.00,0.00
2018-05-24,45.06,45.29,44.76,45.13,86000,0.00,0.00,0.00
2018-05-25,45.14,45.39,44.98,45.26,87200,0.00,0.00,0.00
2018-05-29,45.01,45.26,44.72,45.02,135300,0.00,0.00,0.00
2018-05-30,45.12,45.49,45.12,45.43,164900,0.00,0.00,0.00
2018-05-31,45.38,45.64,45.32,45.40,115700,0.00,0.00,0.00
2018-06-01,45.63,46.36,45.63,46.31,260700,0.00,0.00,0.00
2018-06-04,46.59,47.20,46.46,47.17,353500,0.00,0.00,0.00
2018-06-05,47.37,47.75,47.26,47.57,186200,0.00,0.00,0.00
2018-06-06,47.73,48.27,47.73,48.26,221200,0.00,0.00,0.00
2018-06-07,48.40,48.44,47.19,47.59,252600,0.00,0.00,0.00
2018-06-08,47.23,47.94,47.18,47.91,143300,0.00,0.00,0.00
2018-06-11,47.86,48.27,47.86,48.23,137400,0.00,0.00,0.00
2018-06-12,48.50,49.11,48.47,48.75,199400,0.00,0.00,0.00
2018-06-13,49.01,49.21,48.66,48.87,190600,0.00,0.00,0.00
2018-06-14,49.13,49.95,49.12,49.85,247700,0.00,0.00,0.00
2018-06-15,49.63,49.97,49.32,49.85,189300,0.00,0.00,0.00
2018-06-18,49.61,50.15,49.34,50.14,222800,0.00,0.00,0.00
2018-06-19,49.41,49.59,48.53,49.57,301000,0.00,0.00,0.00
2018-06-20,49.90,50.31,49.80,50.09,270200,0.00,0.00,0.00
2018-06-21,50.30,50.31,49.16,49.21,223100,0.00,0.00,0.00
2018-06-22,49.32,49.37,48.48,48.57,192400,0.00,0.00,0.00
2018-06-25,48.03,48.03,46.60,47.11,508400,0.00,0.00,0.00
2018-06-26,47.28,47.84,47.03,47.56,174100,0.00,0.00,0.00
2018-06-27,47.84,47.95,46.38,46.38,222400,0.00,0.00,0.00
2018-06-28,46.37,47.23,46.30,47.13,182000,0.00,0.00,0.00
2018-06-29,47.47,47.57,47.07,47.07,160300,0.00,0.00,0.00
2018-07-02,46.62,47.54,46.56,47.51,274100,0.00,0.00,0.00
2018-07-03,47.83,47.83,46.94,46.95,158500,0.00,0.00,0.00
2018-07-05,47.40,47.63,46.85,47.61,136100,0.00,0.00,0.00
2018-07-06,47.73,48.52,47.47,48.44,224200,0.00,0.00,0.00
2018-07-09,48.85,49.11,48.32,48.96,320100,0.00,0.00,0.00
2018-07-10,49.08,49.08,48.60,48.81,175900,0.00,0.00,0.00
2018-07-11,48.17,48.85,48.06,48.75,141200,0.00,0.00,0.00
2018-07-12,49.08,49.81,49.06,49.78,208000,0.00,0.00,0.00
2018-07-13,49.87,49.87,49.13,49.61,149000,0.00,0.00,0.00
2018-07-16,49.67,49.73,49.35,49.45,178200,0.00,0.00,0.00
2018-07-17,48.78,50.10,48.62,50.05,115100,0.00,0.00,0.00
2018-07-18,50.05,50.05,49.54,49.98,154900,0.00,0.00,0.00
2018-07-19,49.80,50.02,49.65,49.79,131100,0.00,0.00,0.00
2018-07-20,49.79,50.13,49.56,49.56,94400,0.00,0.00,0.00
2018-07-23,49.39,49.71,48.96,49.71,176400,0.00,0.00,0.00
2018-07-24,50.17,50.33,48.79,49.07,213000,0.00,0.00,0.00
2018-07-25,49.13,50.06,48.94,50.06,120400,0.00,0.00,0.00
2018-07-26,49.38,49.95,49.19,49.72,219000,0.00,0.00,0.00
2018-07-27,49.86,49.86,47.84,48.19,299100,0.00,0.00,0.00
2018-07-30,48.10,48.19,46.25,46.59,495200,0.00,0.00,0.00
2018-07-31,46.59,47.10,46.04,46.73,236100,0.00,0.00,0.00
2018-08-01,46.76,47.16,46.62,46.84,114100,0.00,0.00,0.00
2018-08-02,46.59,48.09,46.58,48.06,367600,0.00,0.00,0.00
2018-08-03,48.12,48.29,47.58,47.67,112500,0.00,0.00,0.00
2018-08-06,47.66,48.34,47.55,48.30,134500,0.00,0.00,0.00
2018-08-07,48.36,48.67,48.11,48.60,181800,0.00,0.00,0.00
2018-08-08,48.60,48.83,48.45,48.59,101700,0.00,0.00,0.00
2018-08-09,48.63,49.13,48.52,48.85,151200,0.00,0.00,0.00
2018-08-10,48.53,49.03,48.38,48.71,211400,0.00,0.00,0.00
2018-08-13,48.67,49.21,48.56,48.56,147800,0.00,0.00,0.00
2018-08-14,48.78,48.88,48.29,48.83,121500,0.00,0.00,0.00
2018-08-15,48.24,48.34,47.22,47.71,296700,0.00,0.00,0.00
2018-08-16,48.19,48.19,47.61,47.69,207400,0.00,0.00,0.00
2018-08-17,47.43,47.55,46.86,47.35,319900,0.00,0.00,0.00
2018-08-20,47.35,47.74,47.05,47.66,230100,0.00,0.00,0.00
2018-08-21,47.87,48.57,47.84,48.29,94300,0.00,0.00,0.00
2018-08-22,48.27,48.83,48.27,48.75,76100,0.00,0.00,0.00
2018-08-23,48.75,49.30,48.50,48.63,81800,0.00,0.00,0.00
2018-08-24,48.99,49.78,48.99,49.78,107900,0.00,0.00,0.00
2018-08-27,50.03,50.52,49.92,50.37,287600,0.00,0.00,0.00
2018-08-28,50.59,50.61,50.19,50.43,85500,0.00,0.00,0.00
2018-08-29,50.42,50.89,50.39,50.82,138000,0.00,0.00,0.00
2018-08-30,50.73,50.81,50.21,50.30,130800,0.00,0.00,0.00
2018-08-31,50.30,50.47,50.06,50.44,130500,0.00,0.00,0.00
2018-09-04,50.09,50.37,49.79,50.29,107200,0.00,0.00,0.00
2018-09-05,50.06,50.06,48.30,48.62,190300,0.00,0.00,0.00
2018-09-06,48.69,48.96,47.95,48.34,127400,0.00,0.00,0.00
2018-09-07,47.85,48.90,47.57,48.31,146600,0.00,0.00,0.00
2018-09-10,48.77,48.77,48.09,48.60,84600,0.00,0.00,0.00
2018-09-11,48.30,49.13,48.17,48.98,108100,0.00,0.00,0.00
2018-09-12,49.08,49.34,48.21,49.28,127400,0.00,0.00,0.00
2018-09-13,49.75,50.39,49.37,49.47,106000,0.00,0.00,0.00
2018-09-14,49.69,49.96,49.39,49.63,53400,0.00,0.00,0.00
2018-09-17,49.42,49.42,48.24,48.28,123500,0.00,0.00,0.00
2018-09-18,48.29,48.95,48.29,48.40,247500,0.00,0.00,0.00
2018-09-19,48.45,48.69,48.06,48.62,112900,0.00,0.00,0.00
2018-09-20,48.79,49.07,48.58,48.88,110000,0.00,0.00,0.00
2018-09-21,49.15,49.19,48.38,48.40,67200,0.00,0.00,0.00
2018-09-24,48.06,48.57,47.64,48.55,143200,0.00,0.00,0.00
2018-09-25,48.69,49.02,48.67,48.96,76200,0.00,0.00,0.00
2018-09-26,49.02,49.52,48.99,49.02,82800,0.00,0.00,0.00
2018-09-27,49.28,49.57,49.28,49.40,67900,0.00,0.00,0.00
2018-09-28,48.94,49.14,48.68,48.86,129500,0.00,0.00,0.00
2018-10-01,49.61,49.84,49.16,49.25,164600,0.00,0.00,0.00
2018-10-02,49.04,49.18,48.31,48.45,123100,0.00,0.00,0.00
2018-10-03,48.74,48.79,48.33,48.57,226200,0.00,0.00,0.00
2018-10-04,48.36,48.37,47.00,47.34,188000,0.00,0.00,0.00
2018-10-05,47.24,47.55,45.94,46.59,267100,0.00,0.00,0.00
2018-10-08,46.28,46.58,44.93,45.61,323000,0.00,0.00,0.00
2018-10-09,45.49,46.08,45.26,45.67,126500,0.00,0.00,0.00
2018-10-10,45.57,45.57,43.13,43.17,432400,0.00,0.00,0.00
2018-10-11,42.70,43.62,42.14,42.65,273000,0.00,0.00,0.00
2018-10-12,44.21,44.54,43.28,44.18,149300,0.00,0.00,0.00
2018-10-15,44.02,44.23,43.31,43.78,114700,0.00,0.00,0.00
2018-10-16,44.37,45.80,44.37,45.71,110400,0.00,0.00,0.00
2018-10-17,46.16,46.16,44.78,45.27,76200,0.00,0.00,0.00
2018-10-18,45.09,45.12,43.87,44.07,81100,0.00,0.00,0.00
2018-10-19,44.41,44.87,43.20,43.27,71500,0.00,0.00,0.00
2018-10-22,43.67,44.03,43.18,43.86,111200,0.00,0.00,0.00
2018-10-23,42.86,44.33,42.61,44.13,283800,0.00,0.00,0.00
2018-10-24,44.13,44.25,41.70,41.72,135900,0.00,0.00,0.00
2018-10-25,42.59,43.93,42.59,43.81,119300,0.00,0.00,0.00
2018-10-26,42.40,43.70,41.84,42.71,232100,0.00,0.00,0.00
2018-10-29,44.02,44.17,41.39,42.26,129400,0.00,0.00,0.00
2018-10-30,41.84,43.45,41.67,43.35,126600,0.00,0.00,0.00
2018-10-31,44.37,45.72,44.37,45.32,281300,0.00,0.00,0.00
2018-11-01,45.49,46.98,45.18,46.89,225800,0.00,0.00,0.00
2018-11-02,47.10,47.75,46.38,46.81,164300,0.00,0.00,0.00
2018-11-05,46.85,46.85,45.57,46.25,141400,0.00,0.00,0.00
2018-11-06,46.11,46.73,45.88,46.24,75000,0.00,0.00,0.00
2018-11-07,46.72,47.74,46.66,47.62,201200,0.00,0.00,0.00
2018-11-08,47.45,47.57,46.33,46.55,136400,0.00,0.00,0.00
2018-11-09,45.78,46.01,44.90,45.43,160100,0.00,0.00,0.00
2018-11-12,45.12,45.21,43.21,43.66,146000,0.00,0.00,0.00
2018-11-13,43.80,45.09,43.67,44.23,212300,0.00,0.00,0.00
2018-11-14,44.80,45.26,43.86,44.11,114900,0.00,0.00,0.00
2018-11-15,43.99,45.56,43.92,45.49,98400,0.00,0.00,0.00
2018-11-16,44.51,45.04,44.30,44.78,218900,0.00,0.00,0.00
2018-11-19,44.52,44.54,42.17,42.21,286700,0.00,0.00,0.00
2018-11-20,40.55,42.26,40.00,41.61,363800,0.00,0.00,0.00
2018-11-21,42.54,42.77,41.92,42.11,78000,0.00,0.00,0.00
2018-11-23,41.64,42.30,41.64,41.93,26000,0.00,0.00,0.00
2018-11-26,42.59,43.64,42.52,43.56,70800,0.00,0.00,0.00
2018-11-27,43.20,43.73,42.98,43.60,62200,0.00,0.00,0.00
2018-11-28,44.28,45.54,43.74,45.49,131800,0.00,0.00,0.00
2018-11-29,45.33,45.71,44.55,45.35,215400,0.00,0.00,0.00
2018-11-30,45.36,45.81,44.99,45.80,78100,0.00,0.00,0.00
2018-12-03,47.05,47.41,46.63,46.98,190300,0.00,0.00,0.00
2018-12-04,46.80,46.81,44.62,44.73,135700,0.00,0.00,0.00
2018-12-06,43.52,45.29,43.43,45.23,119200,0.00,0.00,0.00
2018-12-07,45.27,45.71,43.39,43.65,127500,0.00,0.00,0.00
2018-12-10,43.37,44.34,43.16,44.12,112600,0.00,0.00,0.00
2018-12-11,44.98,45.25,43.79,44.16,69500,0.00,0.00,0.00
2018-12-12,44.71,45.76,44.71,44.92,156000,0.00,0.00,0.00
2018-12-13,45.31,45.43,44.36,44.59,232900,0.00,0.00,0.00
2018-12-14,43.77,44.43,43.42,43.55,44100,0.00,0.00,0.00
2018-12-17,43.30,43.30,41.49,41.72,195500,0.00,0.00,0.00
2018-12-18,42.12,42.63,41.79,42.12,102000,0.00,0.00,0.00
2018-12-19,42.10,42.90,40.82,41.21,244100,0.00,0.00,0.00
2018-12-20,40.98,41.41,39.25,40.02,488600,0.00,0.00,0.00
2018-12-21,40.16,40.35,38.23,38.48,242300,0.00,0.00,0.00
2018-12-24,38.03,38.70,37.56,37.87,209400,0.00,0.00,0.00
2018-12-26,38.27,40.27,37.80,40.27,143200,0.00,0.00,0.00
2018-12-27,39.79,40.47,38.60,40.46,152700,5.54,0.00,0.00
2018-12-28,40.63,41.09,39.75,40.35,173800,0.00,0.00,0.00
2018-12-31,40.94,41.19,40.29,40.75,314700,0.00,0.00,0.00
2019-01-02,39.79,40.98,39.62,40.78,215200,0.00,0.00,0.00
2019-01-03,40.27,40.41,39.13,39.28,93700,0.00,0.00,0.00
2019-01-04,40.09,42.07,40.09,41.74,110500,0.00,0.00,0.00
2019-01-07,42.00,43.45,41.97,43.22,134400,0.00,0.00,0.00
2019-01-08,43.89,44.05,42.57,43.70,114300,0.00,0.00,0.00
2019-01-09,43.91,44.76,43.86,44.50,191800,0.00,0.00,0.00
2019-01-10,44.19,44.95,43.65,44.91,135300,0.00,0.00,0.00
2019-01-11,44.81,45.13,44.60,45.04,68100,0.00,0.00,0.00
2019-01-14,44.55,44.80,44.19,44.62,55700,0.00,0.00,0.00
2019-01-15,44.73,45.70,44.73,45.47,156800,0.00,0.00,0.00
2019-01-16,45.63,46.10,45.55,45.70,157600,0.00,0.00,0.00
2019-01-17,45.57,46.58,45.29,46.20,69600,0.00,0.00,0.00
2019-01-18,46.45,47.00,46.13,46.56,145400,0.00,0.00,0.00
2019-01-22,46.09,46.09,44.75,45.00,363500,0.00,0.00,0.00
2019-01-23,45.24,45.53,44.46,44.89,142600,0.00,0.00,0.00
2019-01-24,45.04,45.94,45.01,45.94,67500,0.00,0.00,0.00
2019-01-25,46.28,47.14,46.11,47.13,91300,0.00,0.00,0.00
2019-01-28,46.21,46.26,45.41,46.25,130300,0.00,0.00,0.00
2019-01-29,46.16,46.16,45.14,45.33,99900,0.00,0.00,0.00
2019-01-30,45.95,46.80,45.63,46.72,114700,0.00,0.00,0.00
2019-01-31,46.73,47.74,46.48,47.57,199300,0.00,0.00,0.00
2019-02-01,47.35,47.82,47.17,47.60,83400,0.00,0.00,0.00
2019-02-04,47.55,48.42,47.44,48.31,121700,0.00,0.00,0.00
2019-02-05,48.46,48.85,48.43,48.68,144700,0.00,0.00,0.00
2019-02-06,48.67,48.79,47.97,48.44,117000,0.00,0.00,0.00
2019-02-07,47.68,47.68,46.59,47.33,117300,0.00,0.00,0.00
2019-02-08,46.75,47.68,46.75,47.65,143900,0.00,0.00,0.00
2019-02-11,48.01,48.28,47.56,47.69,68800,0.00,0.00,0.00
2019-02-12,48.05,48.53,47.86,48.48,86800,0.00,0.00,0.00
2019-02-13,48.72,48.83,48.39,48.48,87800,0.00,0.00,0.00
2019-02-14,48.13,48.74,47.96,48.55,70300,0.00,0.00,0.00
2019-02-15,48.93,49.13,48.78,48.96,77100,0.00,0.00,0.00
2019-02-19,48.79,49.56,48.79,49.29,85200,0.00,0.00,0.00
2019-02-20,49.34,49.62,48.85,49.00,63700,0.00,0.00,0.00
2019-02-21,48.94,49.06,48.25,48.35,86000,0.00,0.00,0.00
2019-02-22,48.86,49.68,48.86,49.68,112700,0.00,0.00,0.00
2019-02-25,50.24,50.55,49.79,49.88,176000,0.00,0.00,0.00
2019-02-26,49.62,49.85,49.35,49.52,60500,0.00,0.00,0.00
2019-02-27,49.52,50.09,49.17,50.04,72200,0.00,0.00,0.00
2019-02-28,49.87,50.00,49.39,49.89,53800,0.00,0.00,0.00
2019-03-01,50.23,50.23,49.31,49.62,130700,0.00,0.00,0.00
2019-03-04,49.98,50.13,48.18,48.88,250500,0.00,0.00,0.00
2019-03-05,48.84,49.41,48.60,49.20,78600,0.00,0.00,0.00
2019-03-06,49.30,49.30,48.43,48.47,81900,0.00,0.00,0.00
2019-03-07,48.41,48.42,47.72,47.86,126200,0.00,0.00,0.00
2019-03-08,47.03,47.76,46.71,47.74,130400,0.00,0.00,0.00
2019-03-11,47.99,49.31,47.99,49.30,396100,0.00,0.00,0.00
2019-03-12,49.42,49.72,49.14,49.51,76700,0.00,0.00,0.00
2019-03-13,49.75,50.14,49.51,49.85,91700,0.00,0.00,0.00
2019-03-14,49.73,49.80,49.34,49.36,42900,0.00,0.00,0.00
2019-03-15,49.51,49.75,49.34,49.49,51900,0.00,0.00,0.00
2019-03-18,49.59,49.94,49.18,49.52,183400,0.00,0.00,0.00
2019-03-19,49.78,50.05,49.68,49.85,139100,0.00,0.00,0.00
2019-03-20,49.92,50.24,49.33,49.93,71500,0.00,0.00,0.00
2019-03-21,49.72,51.08,49.69,51.02,118600,0.00,0.00,0.00
2019-03-22,50.63,50.87,49.29,49.32,114700,0.00,0.00,0.00
2019-03-25,49.03,49.32,48.59,49.17,108400,0.00,0.00,0.00
2019-03-26,49.75,49.97,48.93,49.28,69100,0.00,0.00,0.00
2019-03-27,49.28,49.52,48.06,48.59,71700,0.00,0.00,0.00
2019-03-28,48.77,49.23,48.54,49.12,35800,0.00,0.00,0.00
2019-03-29,49.58,49.83,49.40,49.77,124100,0.00,0.00,0.00
2019-04-01,50.42,50.66,50.09,50.61,120200,0.00,0.00,0.00
2019-04-02,50.64,50.78,50.43,50.72,62600,0.00,0.00,0.00
2019-04-03,51.03,51.91,51.03,51.50,116200,0.00,0.00,0.00
2019-04-04,51.19,51.27,50.21,50.73,105900,0.00,0.00,0.00
2019-04-05,50.99,51.39,50.99,51.32,75200,0.00,0.00,0.00
2019-04-08,51.32,51.57,51.10,51.47,88200,0.00,0.00,0.00
2019-04-09,51.34,51.50,51.08,51.08,52100,0.00,0.00,0.00
2019-04-10,51.24,51.68,51.24,51.63,72900,0.00,0.00,0.00
2019-04-11,51.59,51.59,51.11,51.23,163900,0.00,0.00,0.00
2019-04-12,51.59,51.59,51.13,51.19,74200,0.00,0.00,0.00
2019-04-15,51.15,51.22,50.43,50.74,60900,0.00,0.00,0.00
2019-04-16,51.02,51.39,50.95,51.23,146800,0.00,0.00,0.00
2019-04-17,51.63,51.63,50.50,50.72,115500,0.00,0.00,0.00
2019-04-18,50.73,50.73,50.11,50.55,60200,0.00,0.00,0.00
2019-04-22,50.29,50.99,50.29,50.94,81100,0.00,0.00,0.00
2019-04-23,51.14,52.20,51.14,52.04,106100,0.00,0.00,0.00
2019-04-24,52.06,52.06,51.46,51.50,65300,0.00,0.00,0.00
2019-04-25,51.45,51.45,50.67,50.96,50600,0.00,0.00,0.00
2019-04-26,50.95,51.02,50.43,50.87,97400,0.00,0.00,0.00
2019-04-29,50.92,51.43,50.92,51.24,50900,0.00,0.00,0.00
2019-04-30,51.07,51.55,50.82,51.26,75000,0.00,0.00,0.00
2019-05-01,51.63,51.97,51.16,51.20,105800,0.00,0.00,0.00
2019-05-02,50.96,51.23,50.32,51.00,100200,0.00,0.00,0.00
2019-05-03,51.30,52.15,51.18,52.14,177900,0.00,0.00,0.00
2019-05-06,50.73,52.20,50.31,52.12,98400,0.00,0.00,0.00
2019-05-07,51.58,51.83,50.18,50.66,109300,0.00,0.00,0.00
2019-05-08,50.36,51.15,50.36,50.70,160000,0.00,0.00,0.00
2019-05-09,49.95,50.56,49.04,50.29,162700,0.00,0.00,0.00
2019-05-10,50.21,50.61,49.30,50.37,73500,0.00,0.00,0.00
2019-05-13,49.05,49.28,48.10,48.15,201500,0.00,0.00,0.00
2019-05-14,48.53,49.47,48.41,49.13,79800,0.00,0.00,0.00
2019-05-15,48.79,50.01,48.79,49.94,70400,0.00,0.00,0.00
2019-05-16,50.00,50.80,49.89,50.34,67500,0.00,0.00,0.00
2019-05-17,49.54,49.84,48.87,48.96,134900,0.00,0.00,0.00
2019-05-20,48.13,48.37,47.66,48.01,128600,0.00,0.00,0.00
2019-05-21,48.26,48.91,48.26,48.80,68200,0.00,0.00,0.00
2019-05-22,48.61,49.02,48.39,48.39,321000,0.00,0.00,0.00
2019-05-23,47.79,47.86,46.70,47.11,138300,0.00,0.00,0.00
2019-05-24,47.55,47.71,47.10,47.13,102600,0.00,0.00,0.00
2019-05-28,47.33,47.82,47.12,47.19,57300,0.00,0.00,0.00
2019-05-29,46.90,47.11,46.32,46.79,142600,0.00,0.00,0.00
2019-05-30,46.97,47.17,46.60,46.81,39300,0.00,0.00,0.00
2019-05-31,45.87,46.15,45.63,45.71,159600,0.00,0.00,0.00
2019-06-03,45.71,45.99,44.15,44.46,485000,0.00,0.00,0.00
2019-06-04,45.04,46.16,44.87,46.16,275400,0.00,0.00,0.00
2019-06-05,46.54,46.74,45.73,46.55,104200,0.00,0.00,0.00
2019-06-06,46.33,46.72,46.05,46.59,88500,0.00,0.00,0.00
2019-06-07,46.82,47.56,46.82,47.32,70600,0.00,0.00,0.00
2019-06-10,47.91,48.73,47.87,47.90,313200,0.00,0.00,0.00
2019-06-11,48.54,48.60,47.50,47.85,45800,0.00,0.00,0.00
2019-06-12,47.77,47.89,47.38,47.63,32900,0.00,0.00,0.00
2019-06-13,47.84,48.09,47.73,48.07,42000,0.00,0.00,0.00
2019-06-14,47.81,47.81,47.32,47.58,79500,0.00,0.00,0.00
2019-06-17,47.64,48.60,47.59,48.43,104100,0.00,0.00,0.00
2019-06-18,48.99,49.69,48.99,49.03,71900,0.00,0.00,0.00
2019-06-19,49.11,49.46,48.82,49.46,32800,0.00,0.00,0.00
2019-06-20,49.95,50.36,49.37,49.78,75000,0.00,0.00,0.00
2019-06-21,49.68,49.85,49.28,49.39,60400,0.00,0.00,0.00
2019-06-24,49.54,49.76,49.23,49.27,54500,0.00,0.00,0.00
2019-06-25,49.25,49.44,48.11,48.14,72900,0.00,0.00,0.00
2019-06-26,48.69,49.30,48.69,48.83,42700,0.00,0.00,0.00
2019-06-27,48.99,49.42,48.83,49.34,40500,0.00,0.00,0.00
2019-06-28,49.43,49.98,49.37,49.96,49600,0.00,0.00,0.00
2019-07-01,50.97,51.05,50.30,50.41,133200,0.00,0.00,0.00
2019-07-02,50.28,50.41,50.08,50.35,52300,0.00,0.00,0.00
2019-07-03,50.79,50.91,50.62,50.76,29800,0.00,0.00,0.00
2019-07-05,50.43,50.76,50.03,50.67,78400,0.00,0.00,0.00
2019-07-08,50.40,50.41,50.06,50.28,35600,0.00,0.00,0.00
2019-07-09,50.03,51.27,50.03,51.23,80400,0.00,0.00,0.00
2019-07-10,51.63,51.99,51.39,51.51,108100,0.00,0.00,0.00
2019-07-11,51.62,51.92,51.47,51.64,41900,0.00,0.00,0.00
2019-07-12,51.80,52.03,51.77,52.03,100700,0.00,0.00,0.00
2019-07-15,52.04,52.45,51.87,52.39,51600,0.00,0.00,0.00
2019-07-16,52.43,52.43,51.75,51.89,28100,0.00,0.00,0.00
2019-07-17,51.97,52.37,51.97,51.99,40800,0.00,0.00,0.00
2019-07-18,51.58,52.00,51.46,51.86,35500,0.00,0.00,0.00
2019-07-19,52.15,52.20,51.48,51.48,45400,0.00,0.00,0.00
2019-07-22,51.56,52.01,51.56,51.69,36800,0.00,0.00,0.00
2019-07-23,51.96,51.96,51.29,51.87,56300,0.00,0.00,0.00
2019-07-24,51.67,52.65,51.66,52.65,42900,0.00,0.00,0.00
2019-07-25,51.87,51.87,51.19,51.22,54500,0.00,0.00,0.00
2019-07-26,51.63,52.05,51.63,51.91,35400,0.00,0.00,0.00
2019-07-29,51.83,51.98,50.87,51.58,51400,0.00,0.00,0.00
2019-07-30,51.18,51.67,50.91,51.54,61100,0.00,0.00,0.00
2019-07-31,50.91,51.09,49.59,50.41,77800,0.00,0.00,0.00
2019-08-01,50.27,51.24,49.41,49.94,49400,0.00,0.00,0.00
2019-08-02,49.23,49.29,48.20,48.68,75200,0.00,0.00,0.00
2019-08-05,47.25,47.25,46.16,46.60,142000,0.00,0.00,0.00
2019-08-06,47.24,47.65,46.49,46.99,75400,0.00,0.00,0.00
2019-08-07,46.48,47.72,46.48,47.72,39200,0.00,0.00,0.00
2019-08-08,48.03,48.84,47.72,48.84,42800,0.00,0.00,0.00
2019-08-09,48.56,48.81,47.95,48.14,35700,0.00,0.00,0.00
2019-08-12,47.67,47.67,46.99,47.14,42400,0.00,0.00,0.00
2019-08-13,47.09,48.20,46.95,47.99,63000,0.00,0.00,0.00
2019-08-14,46.92,46.92,45.71,46.00,93800,0.00,0.00,0.00
2019-08-15,46.24,46.35,45.55,45.86,100400,0.00,0.00,0.00
2019-08-16,46.38,47.07,46.38,47.00,153100,0.00,0.00,0.00
2019-08-19,47.71,48.05,47.55,48.00,143500,0.00,0.00,0.00
2019-08-20,47.85,48.18,47.74,47.94,36500,0.00,0.00,0.00
2019-08-21,48.36,48.81,48.32,48.58,76000,0.00,0.00,0.00
2019-08-22,48.57,48.69,47.73,48.21,41800,0.00,0.00,0.00
2019-08-23,47.83,48.44,46.66,46.74,52100,0.00,0.00,0.00
2019-08-26,47.26,47.32,46.90,47.24,34200,0.00,0.00,0.00
2019-08-27,47.48,47.71,46.50,46.92,52300,0.00,0.00,0.00
2019-08-28,46.72,47.06,46.35,46.80,41300,0.00,0.00,0.00
2019-08-29,47.43,48.15,47.43,47.97,38000,0.00,0.00,0.00
2019-08-30,48.31,48.53,47.54,47.89,64900,0.00,0.00,0.00
2019-09-03,47.52,48.13,47.18,47.34,199000,0.00,0.00,0.00
2019-09-04,47.71,47.99,47.71,47.77,104900,0.00,0.00,0.00
2019-09-05,48.31,49.07,48.31,49.04,118000,0.00,0.00,0.00
2019-09-06,49.17,49.21,48.72,48.75,44400,0.00,0.00,0.00
2019-09-09,48.94,49.08,48.07,48.46,48400,0.00,0.00,0.00
2019-09-10,48.23,48.67,47.84,48.56,36100,0.00,0.00,0.00
2019-09-11,48.69,49.41,48.55,49.30,46300,0.00,0.00,0.00
2019-09-12,49.66,49.94,49.35,49.40,47600,0.00,0.00,0.00
2019-09-13,49.34,49.45,48.98,49.20,28700,0.00,0.00,0.00
2019-09-16,48.78,49.23,48.60,49.10,43100,0.00,0.00,0.00
2019-09-17,49.05,49.43,49.03,49.43,25000,0.00,0.00,0.00
2019-09-18,49.19,49.23,48.25,48.85,58400,0.00,0.00,0.00
2019-09-19,48.83,49.28,48.72,48.78,27400,0.00,0.00,0.00
2019-09-20,48.75,48.76,47.74,48.08,27300,0.00,0.00,0.00
2019-09-23,47.91,48.05,47.66,47.84,23500,0.00,0.00,0.00
2019-09-24,47.97,47.97,46.09,46.26,44600,0.00,0.00,0.00
2019-09-25,46.13,46.97,45.63,46.90,68100,0.00,0.00,0.00
2019-09-26,47.07,47.32,46.54,47.26,38100,0.00,0.00,0.00
2019-09-27,47.22,47.46,45.92,46.34,75300,0.00,0.00,0.00
2019-09-30,46.47,46.83,46.26,46.75,53400,0.00,0.00,0.00
2019-10-01,46.85,47.05,46.30,46.32,42300,0.00,0.00,0.00
2019-10-02,45.85,45.85,45.14,45.59,76000,0.00,0.00,0.00
2019-10-03,45.35,46.15,44.54,46.15,51000,0.00,0.00,0.00
2019-10-04,46.20,46.68,45.94,46.68,45700,0.00,0.00,0.00
2019-10-07,46.52,47.00,46.27,46.74,18900,0.00,0.00,0.00
2019-10-08,46.06,46.25,45.60,45.60,54400,0.00,0.00,0.00
2019-10-09,45.92,46.56,45.92,46.38,43400,0.00,0.00,0.00
2019-10-10,46.35,46.83,46.20,46.54,37600,0.00,0.00,0.00
2019-10-11,47.27,47.85,47.27,47.35,57700,0.00,0.00,0.00
2019-10-14,47.26,47.74,47.26,47.65,59000,0.00,0.00,0.00
2019-10-15,47.75,48.76,47.75,48.63,94200,0.00,0.00,0.00
2019-10-16,48.35,48.35,47.81,47.96,112900,0.00,0.00,0.00
2019-10-17,48.19,48.46,48.19,48.42,41300,0.00,0.00,0.00
2019-10-18,48.36,48.42,46.55,47.11,31300,0.00,0.00,0.00
2019-10-21,47.32,47.83,47.27,47.79,59100,0.00,0.00,0.00
2019-10-22,47.86,47.98,47.07,47.09,27700,0.00,0.00,0.00
2019-10-23,46.92,47.39,46.68,46.83,26600,0.00,0.00,0.00
2019-10-24,47.73,48.34,47.68,48.32,37800,0.00,0.00,0.00
2019-10-25,48.01,49.60,48.01,49.57,73200,0.00,0.00,0.00
2019-10-28,49.85,50.65,49.85,50.47,58000,0.00,0.00,0.00
2019-10-29,49.95,49.95,49.32,49.33,39800,0.00,0.00,0.00
2019-10-30,49.36,49.60,49.15,49.47,48700,0.00,0.00,0.00
2019-10-31,49.57,49.67,48.89,49.44,222400,0.00,0.00,0.00
2019-11-01,49.56,49.89,49.44,49.87,1935300,0.00,0.00,0.00
2019-11-04,50.35,50.64,50.24,50.52,625200,0.00,0.00,0.00
2019-11-05,50.62,50.63,50.13,50.13,104700,0.00,0.00,0.00
2019-11-06,50.14,50.33,49.91,50.17,128300,0.00,0.00,0.00
2019-11-07,50.26,51.00,50.06,50.27,52800,0.00,0.00,0.00
2019-11-08,50.31,50.84,50.21,50.79,35400,0.00,0.00,0.00
2019-11-11,50.50,51.44,50.50,51.33,107700,0.00,0.00,0.00
2019-11-12,51.29,51.71,51.11,51.40,51200,0.00,0.00,0.00
2019-11-13,51.29,51.43,51.05,51.31,50200,0.00,0.00,0.00
2019-11-14,51.16,51.64,51.10,51.53,36800,0.00,0.00,0.00
2019-11-15,51.87,52.20,51.73,52.13,68100,0.00,0.00,0.00
2019-11-18,52.28,52.54,51.98,52.32,52300,0.00,0.00,0.00
2019-11-19,52.41,52.65,51.93,52.53,74500,0.00,0.00,0.00
2019-11-20,52.15,52.77,51.85,52.38,58700,0.00,0.00,0.00
2019-11-21,52.49,52.78,52.25,52.39,41500,0.00,0.00,0.00
2019-11-22,52.58,52.69,52.05,52.68,76100,0.00,0.00,0.00
2019-11-25,53.01,53.79,52.98,53.73,54000,0.00,0.00,0.00
2019-11-26,53.70,53.94,53.59,53.94,92100,0.00,0.00,0.00
2019-11-27,54.12,54.28,53.97,54.20,50700,0.00,0.00,0.00
2019-11-29,54.13,54.13,53.90,53.98,18700,0.00,0.00,0.00
2019-12-02,53.73,53.73,51.98,52.31,352900,0.00,0.00,0.00
2019-12-03,51.52,52.40,51.21,52.38,113400,0.00,0.00,0.00
2019-12-04,52.61,52.73,52.39,52.61,108400,0.00,0.00,0.00
2019-12-05,52.68,52.80,52.34,52.69,31400,0.00,0.00,0.00
2019-12-06,53.20,53.40,53.06,53.17,113900,0.00,0.00,0.00
2019-12-09,53.03,53.49,52.97,52.98,39500,0.00,0.00,0.00
2019-12-10,53.12,53.17,52.76,52.88,64900,0.00,0.00,0.00
2019-12-11,53.04,53.04,52.73,52.93,60000,0.00,0.00,0.00
2019-12-12,52.99,53.41,52.77,53.15,49700,0.00,0.00,0.00
2019-12-13,53.15,53.72,52.96,52.98,39600,0.00,0.00,0.00
2019-12-16,53.41,54.38,53.41,54.23,127700,0.00,0.00,0.00
2019-12-17,54.31,54.31,53.92,54.10,37000,0.00,0.00,0.00
2019-12-18,54.22,54.90,54.21,54.70,88400,0.00,0.00,0.00
2019-12-19,54.77,55.30,54.77,55.28,88700,0.00,0.00,0.00
2019-12-20,55.52,55.70,55.32,55.44,80600,0.00,0.00,0.00
2019-12-23,55.69,56.16,55.53,55.96,96800,0.00,0.00,0.00
2019-12-24,55.97,56.24,55.86,56.22,24900,0.00,0.00,0.00
2019-12-26,56.48,56.81,56.48,56.66,72800,0.00,0.00,0.00
2019-12-27,57.00,57.00,56.21,56.32,61400,0.00,0.00,0.00
2019-12-30,56.32,56.32,54.95,55.13,114800,0.00,0.00,0.00
2019-12-31,54.76,55.40,54.57,55.32,902900,0.00,0.00,0.00
2020-01-02,55.75,56.57,55.75,56.54,763200,0.00,0.00,0.00
2020-01-03,55.94,56.59,55.94,56.29,522900,0.00,0.00,0.00
2020-01-06,55.80,57.00,55.66,56.93,207800,0.00,0.00,0.00
2020-01-07,57.25,57.86,57.14,57.69,121300,0.00,0.00,0.00
2020-01-08,57.80,58.88,57.73,58.58,95000,0.00,0.00,0.00
2020-01-09,59.05,59.22,58.36,58.86,119700,0.00,0.00,0.00
2020-01-10,59.22,59.22,58.46,58.65,69200,0.00,0.00,0.00
2020-01-13,59.16,60.19,59.16,60.11,114700,0.00,0.00,0.00
2020-01-14,60.30,60.63,59.71,60.20,105100,0.00,0.00,0.00
2020-01-15,60.28,60.87,60.04,60.17,120400,0.00,0.00,0.00
2020-01-16,60.32,60.59,60.01,60.59,73200,0.00,0.00,0.00
2020-01-17,60.85,60.93,60.51,60.68,79300,0.00,0.00,0.00
2020-01-21,60.68,61.03,60.47,60.68,82800,0.00,0.00,0.00
2020-01-22,61.21,61.75,60.75,60.91,124000,0.00,0.00,0.00
2020-01-23,60.60,61.39,60.27,61.25,107100,0.00,0.00,0.00
2020-01-24,61.75,61.95,60.17,60.81,132200,0.00,0.00,0.00
2020-01-27,58.88,59.91,58.26,59.52,190900,0.00,0.00,0.00
2020-01-28,60.09,60.94,59.88,60.83,158200,0.00,0.00,0.00
2020-01-29,61.18,61.34,60.55,61.01,81200,0.00,0.00,0.00
2020-01-30,60.82,61.69,60.69,61.69,104300,0.00,0.00,0.00
2020-01-31,61.72,61.72,60.22,60.68,134500,0.00,0.00,0.00
2020-02-03,61.11,63.27,61.11,63.23,286600,0.00,0.00,0.00
2020-02-04,65.08,66.57,64.43,65.80,477100,0.00,0.00,0.00
2020-02-05,66.28,66.28,63.34,63.61,397300,0.00,0.00,0.00
2020-02-06,63.89,65.04,63.44,64.43,277000,0.00,0.00,0.00
2020-02-07,64.27,64.82,64.17,64.41,192100,0.00,0.00,0.00
2020-02-10,64.60,65.41,64.55,65.32,188600,0.00,0.00,0.00
2020-02-11,65.83,66.52,65.46,65.98,240700,0.00,0.00,0.00
2020-02-12,66.55,66.80,66.14,66.72,225900,0.00,0.00,0.00
2020-02-13,66.08,67.61,66.01,67.15,172900,0.00,0.00,0.00
2020-02-14,67.38,67.88,67.10,67.28,248700,0.00,0.00,0.00
2020-02-18,67.64,68.03,67.25,68.03,243700,0.00,0.00,0.00
2020-02-19,68.91,69.48,68.73,69.13,309900,0.00,0.00,0.00
2020-02-20,69.16,69.73,67.33,68.77,261100,0.00,0.00,0.00
2020-02-21,68.40,68.44,66.64,67.16,304700,0.00,0.00,0.00
2020-02-24,63.28,64.73,62.72,64.19,415500,0.00,0.00,0.00
2020-02-25,64.75,65.16,61.90,62.29,344100,0.00,0.00,0.00
2020-02-26,62.38,63.39,61.38,61.78,266400,0.00,0.00,0.00
2020-02-27,60.37,62.50,59.17,59.81,429400,0.00,0.00,0.00
2020-02-28,57.47,60.80,57.30,60.64,359200,0.00,0.00,0.00
2020-03-02,61.74,62.43,60.11,62.42,557200,0.00,0.00,0.00
2020-03-03,63.00,63.54,59.88,60.94,410800,0.00,0.00,0.00
2020-03-04,62.07,62.66,60.99,62.63,174700,0.00,0.00,0.00
2020-03-05,61.20,62.54,60.74,61.26,177900,0.00,0.00,0.00
2020-03-06,59.43,60.05,58.15,59.42,258400,0.00,0.00,0.00
2020-03-09,54.02,56.47,53.18,54.54,295200,0.00,0.00,0.00
2020-03-10,56.87,57.14,54.15,57.09,225800,0.00,0.00,0.00
2020-03-11,55.88,56.35,52.85,53.85,212900,0.00,0.00,0.00
2020-03-12,49.28,50.74,47.67,47.78,445800,0.00,0.00,0.00
2020-03-13,50.43,50.99,46.27,50.17,295700,0.00,0.00,0.00
2020-03-16,43.91,46.36,42.48,42.59,245900,0.00,0.00,0.00
2020-03-17,43.80,45.92,40.99,44.67,226600,0.00,0.00,0.00
2020-03-18,41.97,43.28,38.90,41.02,193900,0.00,0.00,0.00
2020-03-19,41.24,45.50,40.54,44.60,200200,0.00,0.00,0.00
2020-03-20,45.92,47.67,44.07,44.15,205000,0.00,0.00,0.00
2020-03-23,44.55,45.77,43.02,45.29,194900,0.00,0.00,0.00
2020-03-24,48.37,50.14,47.92,49.70,324600,0.00,0.00,0.00
2020-03-25,50.75,52.99,49.55,50.75,345100,0.00,0.00,0.00
2020-03-26,51.20,53.01,50.92,52.81,712100,0.00,0.00,0.00
2020-03-27,51.24,51.79,50.10,50.68,258000,0.00,0.00,0.00
2020-03-30,50.88,51.52,50.15,51.40,348200,0.00,0.00,0.00
2020-03-31,51.21,52.38,50.04,50.65,199000,0.00,0.00,0.00
2020-04-01,48.96,49.10,46.83,47.18,317100,0.00,0.00,0.00
2020-04-02,46.85,48.40,46.22,47.03,206800,0.00,0.00,0.00
2020-04-03,47.45,47.87,45.71,46.20,183500,0.00,0.00,0.00
2020-04-06,48.53,50.63,47.97,50.55,152200,0.00,0.00,0.00
2020-04-07,52.68,52.93,50.67,51.17,186300,0.00,0.00,0.00
2020-04-08,52.09,53.31,51.67,53.10,228600,0.00,0.00,0.00
2020-04-09,54.10,55.40,53.66,54.23,344400,0.00,0.00,0.00
2020-04-13,54.38,55.22,53.22,55.15,201700,0.00,0.00,0.00
2020-04-14,56.91,58.48,56.78,57.93,371800,0.00,0.00,0.00
2020-04-15,57.31,57.85,56.43,57.56,280000,0.00,0.00,0.00
2020-04-16,57.97,59.26,57.44,58.54,299600,0.00,0.00,0.00
2020-04-17,59.79,59.79,58.78,59.48,338500,0.00,0.00,0.00
2020-04-20,58.97,60.75,58.60,59.64,309400,0.00,0.00,0.00
2020-04-21,58.59,58.90,56.07,57.00,294700,0.00,0.00,0.00
2020-04-22,58.72,59.86,58.26,59.66,236500,0.00,0.00,0.00
2020-04-23,59.74,60.51,59.20,59.26,188600,0.00,0.00,0.00
2020-04-24,59.49,60.57,58.95,60.45,178800,0.00,0.00,0.00
2020-04-27,61.44,62.58,61.22,62.40,263500,0.00,0.00,0.00
2020-04-28,63.19,63.20,60.12,60.52,300700,0.00,0.00,0.00
2020-04-29,61.95,63.91,61.56,63.68,284700,0.00,0.00,0.00
2020-04-30,64.12,64.70,62.71,63.10,231500,0.00,0.00,0.00
2020-05-01,61.20,62.01,59.87,60.41,329500,0.00,0.00,0.00
2020-05-04,59.66,62.38,59.66,62.37,233000,0.00,0.00,0.00
2020-05-05,63.37,64.30,62.99,63.34,248800,0.00,0.00,0.00
2020-05-06,63.65,64.77,63.31,64.15,351100,0.00,0.00,0.00
2020-05-07,65.39,67.54,65.35,67.24,333100,0.00,0.00,0.00
2020-05-08,67.72,69.08,66.85,68.72,430400,0.00,0.00,0.00
2020-05-11,68.05,69.35,67.65,68.91,362100,0.00,0.00,0.00
2020-05-12,69.38,69.76,67.63,67.64,310300,0.00,0.00,0.00
2020-05-13,67.91,68.35,64.79,66.30,440800,0.00,0.00,0.00
2020-05-14,65.55,67.37,64.62,67.29,274300,0.00,0.00,0.00
2020-05-15,66.59,68.43,66.43,68.21,251000,0.00,0.00,0.00
2020-05-18,70.06,70.40,68.81,68.99,393500,0.00,0.00,0.00
2020-05-19,69.18,70.73,69.18,69.63,376300,0.00,0.00,0.00
2020-05-20,70.83,71.47,70.41,71.20,416200,0.00,0.00,0.00
2020-05-21,71.02,71.23,69.52,70.75,399700,0.00,0.00,0.00
2020-05-22,70.72,71.32,70.08,71.19,271100,0.00,0.00,0.00
2020-05-26,72.87,72.87,70.92,71.09,420500,0.00,0.00,0.00
2020-05-27,71.08,71.08,67.67,70.67,525000,0.00,0.00,0.00
2020-05-28,70.46,71.88,70.00,70.50,279500,0.00,0.00,0.00
2020-05-29,70.64,72.29,70.53,72.13,282200,0.00,0.00,0.00
2020-06-01,72.25,74.00,72.25,73.87,472000,0.00,0.00,0.00
2020-06-02,74.29,74.78,73.13,74.43,336600,0.00,0.00,0.00
2020-06-03,74.83,75.30,74.30,75.01,341200,0.00,0.00,0.00
2020-06-04,74.83,75.39,72.97,73.53,407400,0.00,0.00,0.00
2020-06-05,74.22,74.65,73.33,74.47,320000,0.00,0.00,0.00
2020-06-08,74.92,76.18,74.82,76.13,438100,0.00,0.00,0.00
2020-06-09,75.87,76.95,75.19,76.23,373500,0.00,0.00,0.00
2020-06-10,77.43,78.02,76.39,77.68,366200,0.00,0.00,0.00
2020-06-11,75.31,76.43,72.98,73.12,861600,0.00,0.00,0.00
2020-06-12,75.15,75.48,72.11,73.75,587800,0.00,0.00,0.00
2020-06-15,72.18,76.07,71.91,76.07,541600,0.00,0.00,0.00
2020-06-16,78.05,78.11,76.08,78.02,548200,0.00,0.00,0.00
2020-06-17,78.54,79.47,78.18,78.74,599200,0.00,0.00,0.00
2020-06-18,78.76,80.21,78.74,80.18,393800,0.00,0.00,0.00
2020-06-19,81.41,81.75,80.01,80.48,512700,0.00,0.00,0.00
2020-06-22,80.85,82.13,80.85,81.93,543300,0.00,0.00,0.00
2020-06-23,82.79,83.24,81.96,82.27,505500,0.00,0.00,0.00
2020-06-24,81.64,82.48,78.79,79.75,551600,0.00,0.00,0.00
2020-06-25,79.64,81.07,79.23,81.07,380600,0.00,0.00,0.00
2020-06-26,81.10,81.62,79.06,79.67,536200,0.00,0.00,0.00
2020-06-29,79.67,79.69,77.53,79.58,388200,0.00,0.00,0.00
2020-06-30,79.72,81.70,79.59,81.50,861500,0.00,0.00,0.00
2020-07-01,81.80,84.78,81.74,84.37,1372600,0.00,0.00,0.00
2020-07-02,86.39,86.40,85.29,85.43,1178000,0.00,0.00,0.00
2020-07-06,87.91,89.91,87.48,88.65,1076500,0.00,0.00,0.00
2020-07-07,89.05,90.87,88.37,89.11,750700,0.00,0.00,0.00
2020-07-08,90.41,92.07,90.29,92.01,842500,0.00,0.00,0.00
2020-07-09,93.18,93.41,90.67,92.84,962200,0.00,0.00,0.00
2020-07-10,92.86,93.56,91.50,93.52,512200,0.00,0.00,0.00
2020-07-13,95.91,96.93,89.30,89.56,1459800,0.00,0.00,0.00
2020-07-14,88.85,90.58,85.99,89.91,1098800,0.00,0.00,0.00
2020-07-15,91.27,91.40,88.58,90.93,805700,0.00,0.00,0.00
2020-07-16,89.38,90.63,88.66,89.97,357300,0.00,0.00,0.00
2020-07-17,90.31,90.89,89.59,90.62,351700,0.00,0.00,0.00
2020-07-20,91.15,95.20,91.06,95.03,624000,0.00,0.00,0.00
2020-07-21,96.15,96.36,93.90,94.17,588400,0.00,0.00,0.00
2020-07-22,94.43,95.10,93.32,94.06,400500,0.00,0.00,0.00
2020-07-23,94.94,95.27,90.71,91.72,698900,0.00,0.00,0.00
2020-07-24,89.70,91.24,88.14,90.19,757900,0.00,0.00,0.00
2020-07-27,91.39,93.03,90.45,92.93,424900,0.00,0.00,0.00
2020-07-28,92.53,93.21,91.30,91.38,356100,0.00,0.00,0.00
2020-07-29,92.30,93.85,92.13,93.34,351300,0.00,0.00,0.00
2020-07-30,92.47,94.30,91.91,94.05,399300,0.00,0.00,0.00
2020-07-31,95.99,96.00,94.00,95.56,1196900,0.00,0.00,0.00
2020-08-03,96.28,97.89,96.14,97.57,1568900,0.00,0.00,0.00
2020-08-04,97.67,98.30,96.80,97.71,761800,0.00,0.00,0.00
2020-08-05,99.33,99.87,98.82,99.36,867600,0.00,0.00,0.00
2020-08-06,99.36,99.53,98.24,99.14,460000,0.00,0.00,0.00
2020-08-07,98.69,99.25,95.13,96.42,765300,0.00,0.00,0.00
2020-08-10,97.05,97.15,93.28,94.39,747700,0.00,0.00,0.00
2020-08-11,93.99,94.76,92.17,92.31,649600,0.00,0.00,0.00
2020-08-12,93.94,95.03,93.66,94.52,593100,0.00,0.00,0.00
2020-08-13,95.24,96.39,95.02,95.63,575500,0.00,0.00,0.00
2020-08-14,96.41,96.45,94.79,95.12,313800,0.00,0.00,0.00
2020-08-17,96.26,98.34,96.16,98.22,412100,0.00,0.00,0.00
2020-08-18,99.59,99.79,98.35,99.39,523200,0.00,0.00,0.00
2020-08-19,99.39,100.18,98.63,99.03,447700,0.00,0.00,0.00
2020-08-20,98.64,101.32,98.41,101.08,548300,0.00,0.00,0.00
2020-08-21,101.61,101.95,100.70,100.89,480800,0.00,0.00,0.00
2020-08-24,102.82,102.82,99.52,100.50,654000,0.00,0.00,0.00
2020-08-25,100.30,101.53,99.49,101.41,422000,0.00,0.00,0.00
2020-08-26,102.23,105.24,102.20,104.95,657300,0.00,0.00,0.00
2020-08-27,105.32,105.82,103.55,104.79,744100,0.00,0.00,0.00
2020-08-28,105.58,106.77,105.30,105.95,544700,0.00,0.00,0.00
2020-08-31,106.44,108.43,106.00,108.03,831000,0.00,0.00,0.00
2020-09-01,109.34,111.13,108.82,110.89,897300,0.00,0.00,0.00
2020-09-02,112.61,112.61,106.84,109.95,1454900,0.00,0.00,0.00
2020-09-03,106.05,106.37,101.12,102.42,1693300,0.00,0.00,0.00
2020-09-04,101.20,102.87,93.85,100.04,2535600,0.00,0.00,0.00
2020-09-08,93.78,98.50,93.54,95.33,1736800,0.00,0.00,0.00
2020-09-09,97.75,98.49,95.94,98.11,1169300,0.00,0.00,0.00
2020-09-10,99.71,100.85,96.19,96.87,763600,0.00,0.00,0.00
2020-09-11,97.92,98.24,94.52,96.06,557600,0.00,0.00,0.00
2020-09-14,97.87,99.20,97.17,99.02,438300,0.00,0.00,0.00
2020-09-15,101.17,102.23,100.26,101.60,876400,0.00,0.00,0.00
2020-09-16,101.84,102.47,100.64,100.89,595700,0.00,0.00,0.00
2020-09-17,97.46,99.53,97.36,98.98,511300,0.00,0.00,0.00
2020-09-18,100.32,100.32,97.12,99.07,363700,0.00,0.00,0.00
2020-09-21,97.41,101.27,96.88,101.17,786200,0.00,0.00,0.00
2020-09-22,101.59,102.89,100.15,102.75,545500,0.00,0.00,0.00
2020-09-23,102.40,102.65,98.59,99.07,477400,0.00,0.00,0.00
2020-09-24,97.26,100.29,96.48,98.93,524600,0.00,0.00,0.00
2020-09-25,99.65,102.04,99.21,101.82,410900,0.00,0.00,0.00
2020-09-28,104.45,104.45,102.60,103.58,596300,0.00,0.00,0.00
2020-09-29,103.79,104.59,103.18,103.92,424000,0.00,0.00,0.00
2020-09-30,104.06,105.49,103.56,104.31,459500,0.00,0.00,0.00
2020-10-01,105.81,107.68,105.54,107.64,747000,0.00,0.00,0.00
2020-10-02,104.54,107.57,104.43,105.72,958700,0.00,0.00,0.00
2020-10-05,107.15,108.25,106.63,108.13,743000,0.00,0.00,0.00
2020-10-06,108.44,109.54,106.49,107.42,918600,0.00,0.00,0.00
2020-10-07,108.94,110.33,108.56,109.86,537400,0.00,0.00,0.00
2020-10-08,111.93,112.03,110.98,111.34,580700,0.00,0.00,0.00
2020-10-09,112.60,113.33,112.24,113.19,725300,0.00,0.00,0.00
2020-10-12,115.47,115.55,113.87,114.25,837400,0.00,0.00,0.00
2020-10-13,114.72,116.68,114.29,116.44,997500,0.00,0.00,0.00
2020-10-14,117.18,117.35,114.32,115.62,1146000,0.00,0.00,0.00
2020-10-15,113.16,114.53,112.62,114.48,843200,0.00,0.00,0.00
2020-10-16,116.01,116.01,113.56,113.64,581700,0.00,0.00,0.00
2020-10-19,114.78,115.48,112.82,113.33,578200,0.00,0.00,0.00
2020-10-20,114.03,114.19,112.50,112.71,512000,0.00,0.00,0.00
2020-10-21,113.67,114.81,112.63,112.87,494600,0.00,0.00,0.00
2020-10-22,113.89,114.39,111.12,112.71,576500,0.00,0.00,0.00
2020-10-23,113.22,113.90,111.60,113.86,363000,0.00,0.00,0.00
2020-10-26,113.13,114.48,109.98,111.63,778300,0.00,0.00,0.00
2020-10-27,112.55,113.78,112.35,113.52,463900,0.00,0.00,0.00
2020-10-28,111.33,111.54,109.45,110.09,729600,0.00,0.00,0.00
2020-10-29,111.33,112.98,111.26,112.38,621600,0.00,0.00,0.00
2020-10-30,110.77,111.23,105.68,106.44,1171300,0.00,0.00,0.00
2020-11-02,107.72,108.73,105.24,106.80,850000,0.00,0.00,0.00
2020-11-03,108.09,109.50,106.66,108.76,840000,0.00,0.00,0.00
2020-11-04,112.01,114.59,111.06,114.08,1142200,0.00,0.00,0.00
2020-11-05,117.69,117.69,115.48,117.13,1226000,0.00,0.00,0.00
2020-11-06,117.88,120.45,116.89,120.22,968600,0.00,0.00,0.00
2020-11-09,122.33,122.55,112.78,112.85,2130700,0.00,0.00,0.00
2020-11-10,111.58,112.09,105.68,108.54,1580400,0.00,0.00,0.00
2020-11-11,110.80,113.06,110.01,112.98,799900,0.00,0.00,0.00
2020-11-12,114.11,115.19,112.90,113.42,1195600,0.00,0.00,0.00
2020-11-13,114.79,115.01,112.56,113.71,1253900,0.00,0.00,0.00
2020-11-16,113.28,114.25,112.02,113.77,857300,0.00,0.00,0.00
2020-11-17,115.02,116.10,114.54,115.72,816900,0.00,0.00,0.00
2020-11-18,116.17,117.24,115.04,116.14,524100,0.00,0.00,0.00
2020-11-19,116.23,119.64,116.23,119.23,638700,0.00,0.00,0.00
2020-11-20,120.07,122.34,119.76,121.47,1158300,0.00,0.00,0.00
2020-11-23,123.11,124.47,121.91,123.91,938700,0.00,0.00,0.00
2020-11-24,125.40,125.40,122.80,124.11,1032100,0.00,0.00,0.00
2020-11-25,124.06,127.48,123.86,127.48,825300,0.00,0.00,0.00
2020-11-27,128.61,129.37,127.77,129.30,763000,0.00,0.00,0.00
2020-11-30,130.90,131.51,126.31,130.74,1179500,0.00,0.00,0.00
2020-12-01,132.68,132.68,128.77,129.86,1293100,0.00,0.00,0.00
2020-12-02,128.21,129.51,125.87,129.33,859800,0.00,0.00,0.00
2020-12-03,131.06,132.28,130.43,130.93,859600,0.00,0.00,0.00
2020-12-04,132.45,133.65,131.34,133.58,1035500,0.00,0.00,0.00
2020-12-07,135.02,136.86,134.19,136.36,1588200,0.00,0.00,0.00
2020-12-08,136.65,138.37,135.78,137.99,1344600,0.00,0.00,0.00
2020-12-09,139.54,139.72,132.79,134.13,1836800,0.00,0.00,0.00
2020-12-10,130.75,138.47,130.75,138.37,1240200,0.00,0.00,0.00
2020-12-11,137.79,138.82,135.68,138.10,1078500,0.00,0.00,0.00
2020-12-14,140.14,140.14,138.40,138.72,992300,0.00,0.00,0.00
2020-12-15,139.96,140.12,137.94,138.98,780200,0.00,0.00,0.00
2020-12-16,139.81,140.22,137.91,139.82,785200,0.00,0.00,0.00
2020-12-17,142.48,143.96,142.37,143.56,1188400,0.00,0.00,0.00
2020-12-18,145.09,145.31,143.25,144.88,1439700,0.00,0.00,0.00
2020-12-21,144.47,146.38,143.60,146.03,1928200,0.00,0.00,0.00
2020-12-22,147.92,148.48,145.29,147.86,1655700,0.00,0.00,0.00
2020-12-23,148.78,148.88,145.55,146.57,1275500,0.00,0.00,0.00
2020-12-24,146.96,147.24,145.14,145.40,825000,0.00,0.00,0.00
2020-12-28,147.57,147.98,141.78,141.97,1984300,0.00,0.00,0.00
2020-12-29,143.03,143.36,139.28,141.17,1800600,1.89,0.00,0.00
2020-12-30,142.24,143.80,142.01,143.62,921400,0.00,0.00,0.00
2020-12-31,144.08,144.08,141.83,142.41,925900,0.00,0.00,0.00
2021-01-04,143.72,144.30,139.29,141.83,1817300,0.00,0.00,0.00
2021-01-05,141.29,145.68,141.18,145.67,1249800,0.00,0.00,0.00
2021-01-06,144.33,146.60,143.10,144.04,1681600,0.00,0.00,0.00
2021-01-07,146.59,151.17,146.59,151.08,1665600,0.00,0.00,0.00
2021-01-08,154.14,156.07,152.70,155.09,2322700,0.00,0.00,0.00
2021-01-11,151.94,153.23,149.61,150.79,1522900,0.00,0.00,0.00
2021-01-12,152.21,154.64,151.72,154.42,1417800,0.00,0.00,0.00
2021-01-13,154.79,156.17,153.54,155.10,1082100,0.00,0.00,0.00
2021-01-14,156.51,157.98,155.21,155.46,1312900,0.00,0.00,0.00
2021-01-15,156.19,156.65,152.02,152.44,1338800,0.00,0.00,0.00
2021-01-19,154.72,156.10,154.36,156.08,1272900,0.00,0.00,0.00
2021-01-20,159.09,160.05,157.40,159.41,1542500,0.00,0.00,0.00
2021-01-21,160.24,160.38,157.67,159.02,1143700,0.00,0.00,0.00
2021-01-22,158.14,160.48,158.11,160.36,888300,0.00,0.00,0.00
2021-01-25,162.98,165.32,157.07,161.68,1703900,0.00,0.00,0.00
2021-01-26,162.18,162.23,158.68,158.99,1047200,0.00,0.00,0.00
2021-01-27,155.39,158.60,152.78,154.29,1697900,0.00,0.00,0.00
2021-01-28,154.48,158.27,153.82,156.63,1375400,0.00,0.00,0.00
2021-01-29,156.22,157.95,152.49,154.52,2266800,0.00,0.00,0.00
2021-02-01,156.91,160.29,156.05,160.07,1935500,0.00,0.00,0.00
2021-02-02,162.86,165.21,162.25,164.97,2295600,0.00,0.00,0.00
2021-02-03,167.02,167.44,164.34,166.46,1889300,0.00,0.00,0.00
2021-02-04,168.60,168.95,167.01,168.95,1259500,0.00,0.00,0.00
2021-02-05,169.94,171.23,168.22,171.05,2115100,0.00,0.00,0.00
2021-02-08,174.64,175.41,173.66,174.75,2308100,0.00,0.00,0.00
2021-02-09,175.44,178.57,175.07,178.06,2230600,0.00,0.00,0.00
2021-02-10,180.67,180.69,173.15,177.41,2819100,0.00,0.00,0.00
2021-02-11,179.69,181.58,177.92,180.14,2020000,0.00,0.00,0.00
2021-02-12,179.90,182.44,178.35,182.41,1731400,0.00,0.00,0.00
2021-02-16,185.14,185.97,180.76,182.38,3340600,0.00,0.00,0.00
2021-02-17,180.86,180.98,175.31,179.91,2504100,0.00,0.00,0.00
2021-02-18,176.29,177.31,173.21,176.46,2345900,0.00,0.00,0.00
2021-02-19,178.92,181.42,178.41,180.05,1808000,0.00,0.00,0.00
2021-02-22,176.11,177.51,170.33,170.56,2661300,0.00,0.00,0.00
2021-02-23,161.10,166.14,152.64,165.57,6257400,0.00,0.00,0.00
2021-02-24,164.53,167.14,161.43,165.94,2399800,0.00,0.00,0.00
2021-02-25,164.35,166.88,154.63,155.93,3383600,0.00,0.00,0.00
2021-02-26,156.67,159.14,151.74,156.55,2704000,0.00,0.00,0.00
2021-03-01,161.52,163.90,159.67,163.78,2441300,0.00,0.00,0.00
2021-03-02,165.58,165.88,159.95,159.95,1602000,0.00,0.00,0.00
2021-03-03,160.71,161.37,151.51,151.93,2796000,0.00,0.00,0.00
2021-03-04,150.41,152.52,139.03,143.52,5272600,0.00,0.00,0.00
2021-03-05,144.63,144.98,129.12,142.13,5673700,0.00,0.00,0.00
2021-03-08,141.24,144.49,134.17,134.62,3062700,0.00,0.00,0.00
2021-03-09,142.03,148.24,141.08,147.07,2486400,0.00,0.00,0.00
2021-03-10,151.98,152.36,145.71,146.53,2874700,0.00,0.00,0.00
2021-03-11,152.16,155.93,150.33,155.10,3438300,0.00,0.00,0.00
2021-03-12,150.76,153.50,148.51,153.23,1500500,0.00,0.00,0.00
2021-03-15,154.15,156.42,152.29,156.40,1194900,0.00,0.00,0.00
2021-03-16,158.09,158.50,151.59,153.67,1338700,0.00,0.00,0.00
2021-03-17,149.59,156.41,148.24,155.49,1509300,0.00,0.00,0.00
2021-03-18,151.90,152.87,145.93,146.64,1658300,0.00,0.00,0.00
2021-03-19,146.51,149.61,144.59,149.20,1193700,0.00,0.00,0.00
2021-03-22,150.52,152.03,149.00,150.20,955700,0.00,0.00,0.00
2021-03-23,150.60,150.60,146.68,147.18,1009900,0.00,0.00,0.00
2021-03-24,148.43,148.43,138.41,138.74,1782500,0.00,0.00,0.00
2021-03-25,134.44,138.73,133.30,138.16,1884500,0.00,0.00,0.00
2021-03-26,138.55,140.62,133.54,138.58,1592000,0.00,0.00,0.00
2021-03-29,138.27,139.18,134.40,135.72,1202200,0.00,0.00,0.00
2021-03-30,134.59,139.15,133.42,138.69,1033900,0.00,0.00,0.00
2021-03-31,140.63,144.51,140.63,143.46,1796700,0.00,0.00,0.00
2021-04-01,147.31,149.17,145.24,145.95,2054100,0.00,0.00,0.00
2021-04-05,149.36,149.36,145.32,146.48,1237700,0.00,0.00,0.00
2021-04-06,146.55,150.37,146.50,149.21,789700,0.00,0.00,0.00
2021-04-07,148.73,149.69,146.22,146.57,594700,0.00,0.00,0.00
2021-04-08,148.45,150.84,148.43,150.55,1176900,0.00,0.00,0.00
2021-04-09,149.72,150.28,148.45,150.12,640300,0.00,0.00,0.00
2021-04-12,149.87,150.64,147.88,150.04,705700,0.00,0.00,0.00
2021-04-13,151.35,155.91,151.31,155.76,999600,0.00,0.00,0.00
2021-04-14,156.99,157.42,150.75,151.11,1238000,0.00,0.00,0.00
2021-04-15,153.52,153.92,151.85,153.39,1352500,0.00,0.00,0.00
2021-04-16,153.37,153.37,149.65,151.21,705000,0.00,0.00,0.00
2021-04-19,148.32,149.47,144.37,146.22,1349300,0.00,0.00,0.00
2021-04-20,145.56,146.90,141.56,143.73,1095200,0.00,0.00,0.00
2021-04-21,141.77,146.20,140.58,146.20,923000,0.00,0.00,0.00
2021-04-22,147.11,148.59,143.67,144.49,949100,0.00,0.00,0.00
2021-04-23,144.64,148.29,144.64,147.90,887000,0.00,0.00,0.00
2021-04-26,148.98,152.67,147.97,152.51,1166600,0.00,0.00,0.00
2021-04-27,152.52,153.48,150.25,150.92,932200,0.00,0.00,0.00
2021-04-28,149.84,151.08,148.29,150.03,755000,0.00,0.00,0.00
2021-04-29,151.21,151.27,144.53,146.05,1019400,0.00,0.00,0.00
2021-04-30,143.45,146.57,143.38,144.56,637000,0.00,0.00,0.00
2021-05-03,145.14,145.38,141.04,141.33,1290900,0.00,0.00,0.00
2021-05-04,139.08,139.28,134.14,137.49,2052300,0.00,0.00,0.00
2021-05-05,138.89,139.12,134.31,134.98,2217700,0.00,0.00,0.00
2021-05-06,133.84,134.00,128.88,131.28,2563200,0.00,0.00,0.00
2021-05-07,133.86,136.55,132.81,133.54,2956500,0.00,0.00,0.00
2021-05-10,131.74,131.74,126.47,126.53,3153200,0.00,0.00,0.00
2021-05-11,120.27,129.68,120.27,129.42,2583800,0.00,0.00,0.00
2021-05-12,126.62,128.79,123.29,124.30,2217700,0.00,0.00,0.00
2021-05-13,125.05,125.90,117.53,120.16,2195300,0.00,0.00,0.00
2021-05-14,122.36,125.70,121.25,125.13,1199600,0.00,0.00,0.00
2021-05-17,123.12,125.34,121.08,123.87,959500,0.00,0.00,0.00
2021-05-18,123.83,127.30,122.80,125.10,721100,0.00,0.00,0.00
2021-05-19,119.36,123.79,119.36,123.64,1322200,0.00,0.00,0.00
2021-05-20,125.84,128.17,125.40,127.75,1738300,0.00,0.00,0.00
2021-05-21,129.24,129.85,126.82,127.00,1263000,0.00,0.00,0.00
2021-05-24,127.79,131.50,127.17,130.85,2471200,0.00,0.00,0.00
2021-05-25,131.76,132.78,130.45,131.26,845100,0.00,0.00,0.00
2021-05-26,132.33,134.25,131.95,133.66,1120800,0.00,0.00,0.00
2021-05-27,133.73,134.87,131.45,134.85,1004600,0.00,0.00,0.00
2021-05-28,135.17,136.88,133.87,133.89,779100,0.00,0.00,0.00
2021-06-01,134.99,136.27,132.88,134.32,1759000,0.00,0.00,0.00
2021-06-02,134.40,135.66,133.59,134.75,834800,0.00,0.00,0.00
2021-06-03,133.15,133.90,130.65,130.89,807000,0.00,0.00,0.00
2021-06-04,132.10,133.02,131.45,132.07,762300,0.00,0.00,0.00
2021-06-07,131.86,134.78,131.02,134.54,1261800,0.00,0.00,0.00
2021-06-08,135.71,136.35,132.15,134.71,795600,0.00,0.00,0.00
2021-06-09,135.67,136.71,133.84,133.97,756800,0.00,0.00,0.00
2021-06-10,133.67,135.65,133.27,135.54,769000,0.00,0.00,0.00
2021-06-11,135.72,136.80,135.32,136.67,412300,0.00,0.00,0.00
2021-06-14,137.40,139.67,137.40,138.80,973800,0.00,0.00,0.00
2021-06-15,138.50,139.10,135.55,135.84,618300,0.00,0.00,0.00
2021-06-16,135.80,136.87,133.22,135.79,846200,0.00,0.00,0.00
2021-06-17,135.07,140.40,134.87,139.54,852300,0.00,0.00,0.00
2021-06-18,138.98,141.26,138.86,140.04,930700,0.00,0.00,0.00
2021-06-21,139.41,140.38,136.85,139.66,876500,0.00,0.00,0.00
2021-06-22,138.84,142.30,138.69,142.05,1296300,0.00,0.00,0.00
2021-06-23,143.07,145.32,142.95,144.77,1146600,0.00,0.00,0.00
2021-06-24,146.46,149.83,146.46,147.99,1227000,0.00,0.00,0.00
2021-06-25,148.45,149.17,146.31,147.46,978200,0.00,0.00,0.00
2021-06-28,148.63,151.31,148.56,150.99,1448700,0.00,0.00,0.00
2021-06-29,151.19,152.27,150.23,151.71,945700,0.00,0.00,0.00
2021-06-30,151.04,151.04,149.45,149.91,939700,0.00,0.00,0.00
2021-07-01,150.08,150.18,146.24,147.18,823100,0.00,0.00,0.00
2021-07-02,148.26,149.76,146.34,146.62,1080200,0.00,0.00,0.00
2021-07-06,146.88,148.04,145.40,146.66,860000,0.00,0.00,0.00
2021-07-07,147.52,148.22,143.41,144.37,853500,0.00,0.00,0.00
2021-07-08,139.72,143.59,138.56,142.63,900300,0.00,0.00,0.00
2021-07-09,143.31,145.03,141.76,144.88,571100,0.00,0.00,0.00
2021-07-12,145.46,146.75,143.54,144.79,495200,0.00,0.00,0.00
2021-07-13,144.35,145.73,143.00,143.20,792100,0.00,0.00,0.00
2021-07-14,144.23,144.31,139.24,139.27,845400,0.00,0.00,0.00
2021-07-15,139.24,140.57,135.06,137.17,797100,0.00,0.00,0.00
2021-07-16,138.24,138.51,135.73,136.52,1007800,0.00,0.00,0.00
2021-07-19,133.25,137.09,132.59,136.81,1179500,0.00,0.00,0.00
2021-07-20,137.57,140.67,135.44,139.83,967700,0.00,0.00,0.00
2021-07-21,140.38,142.48,139.80,142.24,639400,0.00,0.00,0.00
2021-07-22,142.63,143.44,141.53,142.32,361600,0.00,0.00,0.00
2021-07-23,143.06,144.47,142.25,144.19,722600,0.00,0.00,0.00
2021-07-26,144.84,145.68,143.65,144.76,1099400,0.00,0.00,0.00
2021-07-27,144.33,144.77,138.35,141.79,677200,0.00,0.00,0.00
2021-07-28,141.92,145.14,141.05,144.68,664300,0.00,0.00,0.00
2021-07-29,145.15,147.46,144.82,145.16,2030000,0.00,0.00,0.00
2021-07-30,143.67,145.65,142.92,143.57,639100,0.00,0.00,0.00
2021-08-02,143.98,146.51,142.62,144.86,716000,0.00,0.00,0.00
2021-08-03,145.12,145.29,141.71,143.43,610700,0.00,0.00,0.00
2021-08-04,143.13,146.25,143.13,146.00,789500,0.00,0.00,0.00
2021-08-05,144.92,148.22,144.23,147.51,798600,0.00,0.00,0.00
2021-08-06,147.44,147.93,144.32,145.30,896700,0.00,0.00,0.00
2021-08-09,146.28,148.94,145.67,148.27,744000,0.00,0.00,0.00
2021-08-10,148.58,149.35,145.64,145.88,590300,0.00,0.00,0.00
2021-08-11,147.24,147.70,144.38,146.00,688000,0.00,0.00,0.00
2021-08-12,145.53,146.42,144.36,146.12,424300,0.00,0.00,0.00
2021-08-13,146.49,146.97,145.18,145.27,514000,0.00,0.00,0.00
2021-08-16,144.39,144.57,140.19,141.90,704000,0.00,0.00,0.00
2021-08-17,140.10,141.60,138.50,139.97,952600,0.00,0.00,0.00
2021-08-18,140.04,142.32,139.32,139.64,667700,0.00,0.00,0.00
2021-08-19,138.08,140.41,137.47,138.64,831500,0.00,0.00,0.00
2021-08-20,139.63,141.96,139.48,141.52,670100,0.00,0.00,0.00
2021-08-23,142.78,144.73,142.57,144.32,504500,0.00,0.00,0.00
2021-08-24,145.56,146.63,145.30,146.48,685200,0.00,0.00,0.00
2021-08-25,146.43,147.33,145.86,147.05,495400,0.00,0.00,0.00
2021-08-26,146.53,147.88,144.10,144.61,638000,0.00,0.00,0.00
2021-08-27,144.78,147.10,144.43,146.84,358600,0.00,0.00,0.00
2021-08-30,147.04,148.39,146.27,147.85,572300,0.00,0.00,0.00
2021-08-31,147.05,147.73,146.12,146.99,496700,0.00,0.00,0.00
2021-09-01,147.54,149.53,147.37,148.33,745700,0.00,0.00,0.00
2021-09-02,149.41,150.74,148.82,149.19,512700,0.00,0.00,0.00
2021-09-03,149.10,150.62,148.71,150.16,413000,0.00,0.00,0.00
2021-09-07,150.52,151.55,148.61,149.63,617700,0.00,0.00,0.00
2021-09-08,148.87,148.93,145.03,146.32,939300,0.00,0.00,0.00
2021-09-09,146.27,148.24,146.15,146.91,397600,0.00,0.00,0.00
2021-09-10,147.70,148.43,145.56,145.74,396800,0.00,0.00,0.00
2021-09-13,145.95,146.07,140.63,143.47,787000,0.00,0.00,0.00
2021-09-14,144.44,145.40,142.03,142.61,622200,0.00,0.00,0.00
2021-09-15,142.85,144.17,141.51,144.03,471800,0.00,0.00,0.00
2021-09-16,143.59,145.17,142.72,144.96,690700,0.00,0.00,0.00
2021-09-17,144.96,146.44,143.95,146.44,454900,0.00,0.00,0.00
2021-09-20,140.97,142.64,138.08,140.39,1611900,0.00,0.00,0.00
2021-09-21,141.15,142.04,139.81,140.98,676600,0.00,0.00,0.00
2021-09-22,141.16,143.81,140.67,143.35,550000,0.00,0.00,0.00
2021-09-23,144.55,145.22,143.96,144.97,484700,0.00,0.00,0.00
2021-09-24,142.98,143.41,141.50,143.16,964600,0.00,0.00,0.00
2021-09-27,142.36,142.70,140.67,142.33,864200,0.00,0.00,0.00
2021-09-28,140.31,140.61,136.10,136.56,1448100,0.00,0.00,0.00
2021-09-29,137.40,137.81,133.55,133.70,905700,0.00,0.00,0.00
2021-09-30,134.51,136.36,134.10,135.12,609900,0.00,0.00,0.00
2021-10-01,136.40,137.29,134.68,136.81,697200,0.00,0.00,0.00
2021-10-04,136.48,136.48,131.70,133.28,713800,0.00,0.00,0.00
2021-10-05,133.68,136.50,133.61,135.27,469000,0.00,0.00,0.00
2021-10-06,134.69,138.13,134.59,137.52,637300,0.00,0.00,0.00
2021-10-07,139.07,141.25,138.75,140.23,597700,0.00,0.00,0.00
2021-10-08,141.33,141.43,138.55,138.72,449300,0.00,0.00,0.00
2021-10-11,138.52,140.54,138.10,138.20,619800,0.00,0.00,0.00
2021-10-12,139.14,139.85,138.21,139.09,475900,0.00,0.00,0.00
2021-10-13,139.34,142.28,139.34,142.18,470400,0.00,0.00,0.00
2021-10-14,143.99,145.34,143.65,144.18,373200,0.00,0.00,0.00
2021-10-15,145.05,145.48,144.28,145.29,462100,0.00,0.00,0.00
2021-10-18,144.81,147.96,144.59,147.37,462800,0.00,0.00,0.00
2021-10-19,148.43,150.61,148.11,149.94,593400,0.00,0.00,0.00
2021-10-20,150.81,151.55,149.80,150.77,537700,0.00,0.00,0.00
2021-10-21,150.08,152.46,150.07,151.34,397000,0.00,0.00,0.00
2021-10-22,150.58,150.85,147.51,148.86,797900,0.00,0.00,0.00
2021-10-25,150.07,154.58,149.31,153.83,1187000,0.00,0.00,0.00
2021-10-26,155.29,156.73,152.03,152.68,1007200,0.00,0.00,0.00
2021-10-27,152.10,152.85,149.17,149.28,675300,0.00,0.00,0.00
2021-10-28,149.08,152.57,149.08,152.23,380500,0.00,0.00,0.00
2021-10-29,151.79,153.46,151.35,152.73,437500,0.00,0.00,0.00
2021-11-01,153.74,156.94,153.63,156.93,783600,0.00,0.00,0.00
2021-11-02,156.23,156.33,153.45,154.64,660800,0.00,0.00,0.00
2021-11-03,154.00,156.44,153.00,156.40,557400,0.00,0.00,0.00
2021-11-04,156.65,157.60,154.84,155.96,1018000,0.00,0.00,0.00
2021-11-05,155.77,156.51,152.25,153.45,630600,0.00,0.00,0.00
2021-11-08,153.42,156.29,153.38,155.15,790900,0.00,0.00,0.00
2021-11-09,157.12,157.66,152.41,154.03,1080700,0.00,0.00,0.00
2021-11-10,151.51,154.07,147.64,149.54,1100200,0.00,0.00,0.00
2021-11-11,151.03,151.62,149.45,149.45,472500,0.00,0.00,0.00
2021-11-12,150.39,152.49,149.72,152.38,621300,0.00,0.00,0.00
2021-11-15,152.88,153.59,150.49,151.62,697400,0.00,0.00,0.00
2021-11-16,150.26,152.35,149.75,151.97,576400,0.00,0.00,0.00
2021-11-17,151.68,151.98,149.71,150.17,562800,0.00,0.00,0.00
2021-11-18,150.38,150.91,145.92,146.89,939300,0.00,0.00,0.00
2021-11-19,147.24,148.38,145.63,145.88,695800,0.00,0.00,0.00
2021-11-22,146.59,146.66,138.55,140.07,1295800,0.00,0.00,0.00
2021-11-23,139.20,140.03,133.96,136.53,1137900,0.00,0.00,0.00
2021-11-24,135.56,139.15,134.08,138.74,1225000,0.00,0.00,0.00
2021-11-26,138.10,139.57,136.68,137.81,841700,0.00,0.00,0.00
2021-11-29,140.09,140.55,136.22,138.69,499400,0.00,0.00,0.00
2021-11-30,139.25,140.37,133.81,135.57,1476600,0.00,0.00,0.00
2021-12-01,136.89,137.36,126.82,126.92,1614300,0.00,0.00,0.00
2021-12-02,126.91,129.59,124.39,127.22,1488700,0.00,0.00,0.00
2021-12-03,126.97,127.06,118.18,120.84,2443600,0.00,0.00,0.00
2021-12-06,117.75,121.93,114.85,121.44,1888200,0.00,0.00,0.00
2021-12-07,125.45,128.04,125.35,126.49,1441500,0.00,0.00,0.00
2021-12-08,127.20,131.36,125.22,130.87,1125900,0.00,0.00,0.00
2021-12-09,130.19,131.36,123.75,124.28,997100,0.00,0.00,0.00
2021-12-10,125.40,126.87,121.17,122.03,1206500,0.00,0.00,0.00
2021-12-13,121.08,122.03,116.65,118.72,1493700,0.00,0.00,0.00
2021-12-14,116.15,118.83,115.27,117.40,1176200,0.00,0.00,0.00
2021-12-15,116.40,118.90,112.25,118.28,1503000,0.00,0.00,0.00
2021-12-16,119.93,120.14,113.34,114.71,1292600,0.00,0.00,0.00
2021-12-17,113.35,119.04,111.46,118.27,1459900,0.00,0.00,0.00
2021-12-20,115.68,117.30,114.24,115.46,1009300,0.00,0.00,0.00
2021-12-21,117.16,120.54,115.98,120.41,853400,0.00,0.00,0.00
2021-12-22,120.15,121.97,119.24,120.52,966200,0.00,0.00,0.00
2021-12-23,120.45,123.06,118.55,122.69,848800,0.00,0.00,0.00
2021-12-27,122.60,123.63,121.79,122.38,852300,0.00,0.00,0.00
2021-12-28,122.11,122.97,119.07,119.42,746700,0.00,0.00,0.00
2021-12-29,119.24,119.28,116.62,118.09,917500,3.31,0.00,0.00
2021-12-30,117.71,122.59,117.71,120.91,1185200,0.00,0.00,0.00
2021-12-31,120.88,122.13,118.51,118.58,930800,0.00,0.00,0.00
2022-01-03,120.75,121.49,117.79,120.67,1203200,0.00,0.00,0.00
2022-01-04,120.63,120.75,113.83,116.15,1196300,0.00,0.00,0.00
2022-01-05,114.90,116.27,108.48,108.90,1997800,0.00,0.00,0.00
2022-01-06,108.04,110.29,104.87,108.78,1899600,0.00,0.00,0.00
2022-01-07,108.28,110.93,105.87,106.76,1633800,0.00,0.00,0.00
2022-01-10,104.50,106.78,101.50,106.70,3503000,0.00,0.00,0.00
2022-01-11,106.41,110.76,105.41,110.14,1718400,0.00,0.00,0.00
2022-01-12,111.89,113.05,108.09,108.87,1238700,0.00,0.00,0.00
2022-01-13,109.59,109.60,102.81,102.98,1187500,0.00,0.00,0.00
2022-01-14,102.28,104.17,99.98,102.53,1623600,0.00,0.00,0.00
2022-01-18,100.61,102.44,98.75,98.95,2028800,0.00,0.00,0.00
2022-01-19,99.49,101.60,97.76,97.79,1865900,0.00,0.00,0.00
2022-01-20,99.46,103.35,97.70,97.90,1416600,0.00,0.00,0.00
2022-01-21,96.01,96.96,91.07,91.24,2237300,0.00,0.00,0.00
2022-01-24,86.45,93.05,82.73,92.88,4752000,0.00,0.00,0.00
2022-01-25,90.47,92.24,87.74,89.49,2190100,0.00,0.00,0.00
2022-01-26,93.05,93.98,86.69,87.28,1892200,0.00,0.00,0.00
2022-01-27,89.03,89.03,83.58,83.98,1658000,0.00,0.00,0.00
2022-01-28,84.00,87.67,81.81,87.27,2388900,0.00,0.00,0.00
2022-01-31,88.21,94.85,88.21,94.85,2447900,0.00,0.00,0.00
2022-02-01,96.45,97.21,93.01,96.97,1458500,0.00,0.00,0.00
2022-02-02,97.30,97.30,90.78,92.13,1299600,0.00,0.00,0.00
2022-02-03,88.30,90.02,86.25,86.50,1453800,0.00,0.00,0.00
2022-02-04,87.91,93.17,86.45,92.14,1157800,0.00,0.00,0.00
2022-02-07,92.58,95.46,91.80,92.37,1147800,0.00,0.00,0.00
2022-02-08,91.55,93.52,90.17,93.26,1497100,0.00,0.00,0.00
2022-02-09,95.05,97.77,94.20,97.73,1000600,0.00,0.00,0.00
2022-02-10,95.87,100.17,94.29,95.01,1861200,0.00,0.00,0.00
2022-02-11,95.49,97.01,91.13,92.19,1451400,0.00,0.00,0.00
2022-02-14,91.80,94.90,90.87,91.84,818000,0.00,0.00,0.00
2022-02-15,94.19,96.74,93.33,96.61,1302900,0.00,0.00,0.00
2022-02-16,94.31,94.36,91.93,93.17,868500,0.00,0.00,0.00
2022-02-17,91.89,92.05,86.96,87.35,1562600,0.00,0.00,0.00
2022-02-18,85.86,86.08,81.70,82.43,3168500,0.00,0.00,0.00
2022-02-22,80.32,83.54,79.82,80.73,2318600,0.00,0.00,0.00
2022-02-23,81.59,82.31,77.97,78.00,1482200,0.00,0.00,0.00
2022-02-24,73.32,83.61,73.21,83.23,2830800,0.00,0.00,0.00
2022-02-25,84.31,85.42,81.23,85.41,1238800,0.00,0.00,0.00
2022-02-28,85.65,90.03,85.25,89.03,1389300,0.00,0.00,0.00
2022-03-01,89.18,90.73,87.06,87.74,1500600,0.00,0.00,0.00
2022-03-02,87.67,87.79,84.14,86.74,808000,0.00,0.00,0.00
2022-03-03,86.96,87.02,81.19,81.72,942000,0.00,0.00,0.00
2022-03-04,81.57,82.54,77.06,77.66,1239700,0.00,0.00,0.00
2022-03-07,77.80,79.42,73.72,73.84,1734200,0.00,0.00,0.00
2022-03-08,73.38,77.26,71.70,74.39,1060700,0.00,0.00,0.00
2022-03-09,77.41,79.83,77.33,79.21,1803800,0.00,0.00,0.00
2022-03-10,77.43,77.43,74.34,76.30,722700,0.00,0.00,0.00
2022-03-11,77.04,77.19,71.52,71.67,1196700,0.00,0.00,0.00
2022-03-14,71.18,72.25,67.86,68.48,1547300,0.00,0.00,0.00
2022-03-15,69.00,71.62,67.95,71.39,1590800,0.00,0.00,0.00
2022-03-16,73.39,78.36,73.38,78.36,2502900,0.00,0.00,0.00
2022-03-17,77.47,82.24,76.68,82.10,1239800,0.00,0.00,0.00
2022-03-18,81.50,86.24,81.28,86.05,1039500,0.00,0.00,0.00
2022-03-21,85.40,86.14,82.13,83.93,903300,0.00,0.00,0.00
2022-03-22,84.30,88.83,84.07,87.95,1231400,0.00,0.00,0.00
2022-03-23,86.77,89.78,85.46,86.72,692600,0.00,0.00,0.00
2022-03-24,87.64,87.90,84.42,87.83,690400,0.00,0.00,0.00
2022-03-25,87.98,88.31,84.07,85.24,723400,0.00,0.00,0.00
2022-03-28,86.48,89.38,86.00,89.09,672400,0.00,0.00,0.00
2022-03-29,90.66,94.67,89.77,93.94,1306200,0.00,0.00,0.00
2022-03-30,92.71,94.22,89.93,90.57,881900,0.00,0.00,0.00
2022-03-31,90.41,90.41,87.08,87.22,903900,0.00,0.00,0.00
2022-04-01,87.48,89.34,86.64,87.94,639500,0.00,0.00,0.00
2022-04-04,89.01,92.73,88.71,92.45,1011700,0.00,0.00,0.00
2022-04-05,92.34,92.60,87.78,88.15,1443600,0.00,0.00,0.00
2022-04-06,86.01,86.22,81.85,83.56,1478000,0.00,0.00,0.00
2022-04-07,83.60,85.14,80.01,82.54,521200,0.00,0.00,0.00
2022-04-08,82.04,82.24,80.06,80.22,874000,0.00,0.00,0.00
2022-04-11,78.66,80.31,77.13,79.17,1424300,0.00,0.00,0.00
2022-04-12,80.83,83.04,78.12,78.37,1440700,0.00,0.00,0.00
2022-04-13,78.32,81.43,77.52,81.09,903500,0.00,0.00,0.00
2022-04-14,80.92,80.93,77.66,77.66,673400,0.00,0.00,0.00
2022-04-18,77.23,77.52,74.76,76.51,904900,0.00,0.00,0.00
2022-04-19,76.50,80.45,76.09,79.75,813600,0.00,0.00,0.00
2022-04-20,79.12,79.28,75.11,75.16,1957600,0.00,0.00,0.00
2022-04-21,77.28,78.15,71.24,71.82,1390800,0.00,0.00,0.00
2022-04-22,71.82,73.54,69.64,70.11,1127700,0.00,0.00,0.00
2022-04-25,69.46,72.73,69.18,72.34,1928500,0.00,0.00,0.00
2022-04-26,71.62,71.90,67.76,67.84,1257200,0.00,0.00,0.00
2022-04-27,67.17,69.16,66.08,66.20,1650200,0.00,0.00,0.00
2022-04-28,65.61,67.36,62.64,66.58,2460000,0.00,0.00,0.00
2022-04-29,66.17,69.21,63.99,64.07,2758100,0.00,0.00,0.00
2022-05-02,63.78,67.49,63.17,67.42,2989600,0.00,0.00,0.00
2022-05-03,67.03,68.90,66.21,66.87,1761400,0.00,0.00,0.00
2022-05-04,66.76,70.30,64.04,70.01,3816500,0.00,0.00,0.00
2022-05-05,68.24,68.24,62.84,63.93,1686200,0.00,0.00,0.00
2022-05-06,63.78,63.78,59.16,60.97,900600,0.00,0.00,0.00
2022-05-09,58.54,59.29,53.71,54.22,2658200,0.00,0.00,0.00
2022-05-10,56.17,57.58,51.04,53.37,2359000,0.00,0.00,0.00
2022-05-11,50.90,53.07,47.65,47.91,2999400,0.00,0.00,0.00
2022-05-12,46.05,52.49,45.10,50.53,2735000,0.00,0.00,0.00
2022-05-13,53.36,57.01,53.36,56.36,2918600,0.00,0.00,0.00
2022-05-16,55.77,56.67,52.95,53.14,2371300,0.00,0.00,0.00
2022-05-17,55.14,56.34,52.76,55.60,2092600,0.00,0.00,0.00
2022-05-18,54.35,56.21,52.77,53.14,2627600,0.00,0.00,0.00
2022-05-19,53.08,56.99,52.73,55.58,3749600,0.00,0.00,0.00
2022-05-20,56.65,57.23,51.74,54.38,1847300,0.00,0.00,0.00
2022-05-23,54.58,54.85,52.27,54.07,1355700,0.00,0.00,0.00
2022-05-24,52.80,52.80,49.76,50.56,1242100,0.00,0.00,0.00
2022-05-25,50.52,53.57,50.52,53.03,1802800,0.00,0.00,0.00
2022-05-26,52.32,55.60,51.97,55.04,909200,0.00,0.00,0.00
2022-05-27,55.80,58.16,55.73,58.16,1035000,0.00,0.00,0.00
2022-05-31,58.82,59.59,56.52,57.40,1586200,0.00,0.00,0.00
2022-06-01,57.65,58.60,54.66,55.43,1345000,0.00,0.00,0.00
2022-06-02,55.43,59.77,55.19,59.28,1198400,0.00,0.00,0.00
2022-06-03,57.43,58.05,55.42,55.65,882800,0.00,0.00,0.00
2022-06-06,57.21,58.14,55.95,56.73,1184900,0.00,0.00,0.00
2022-06-07,55.60,58.04,54.67,57.91,1091900,0.00,0.00,0.00
2022-06-08,58.09,60.43,57.91,58.97,792500,0.00,0.00,0.00
2022-06-09,58.55,59.12,55.62,55.67,862700,0.00,0.00,0.00
2022-06-10,53.72,54.79,51.76,52.23,1291600,0.00,0.00,0.00
2022-06-13,48.35,49.57,46.93,47.22,1553000,0.00,0.00,0.00
2022-06-14,47.69,48.19,46.07,47.20,725800,0.00,0.00,0.00
2022-06-15,47.70,51.05,47.32,50.13,2574600,0.00,0.00,0.00
2022-06-16,47.83,48.47,45.95,46.42,1755100,0.00,0.00,0.00
2022-06-17,46.60,48.58,46.49,48.08,1713500,0.00,0.00,0.00
2022-06-21,49.39,51.93,49.29,50.70,1889500,0.00,0.00,0.00
2022-06-22,49.47,52.68,49.47,51.13,1323400,0.00,0.00,0.00
2022-06-23,51.64,54.53,50.81,54.32,1298400,0.00,0.00,0.00
2022-06-24,55.04,56.86,54.80,56.62,1276700,0.00,0.00,0.00
2022-06-27,56.66,57.22,53.93,55.12,742700,0.00,0.00,0.00
2022-06-28,55.18,55.89,51.93,52.10,1151900,0.00,0.00,0.00
2022-06-29,51.76,52.19,50.38,51.30,791000,0.00,0.00,0.00
2022-06-30,50.38,50.43,47.87,48.99,1138600,0.00,0.00,0.00
2022-07-01,49.29,51.16,49.06,50.29,945800,0.00,0.00,0.00
2022-07-05,49.55,54.21,48.56,54.18,1193600,0.00,0.00,0.00
2022-07-06,53.97,55.10,52.40,52.85,1036200,0.00,0.00,0.00
2022-07-07,52.93,55.94,52.65,55.89,808300,0.00,0.00,0.00
2022-07-08,54.63,57.45,54.21,56.04,782500,0.00,0.00,0.00
2022-07-11,55.10,55.21,51.88,52.03,615900,0.00,0.00,0.00
2022-07-12,52.37,53.75,50.87,51.88,657700,0.00,0.00,0.00
2022-07-13,50.00,52.37,49.43,51.10,1077500,0.00,0.00,0.00
2022-07-14,50.74,50.99,49.03,49.98,920900,0.00,0.00,0.00
2022-07-15,50.86,51.74,49.69,51.68,782700,0.00,0.00,0.00
2022-07-18,52.99,54.37,51.95,52.25,945900,0.00,0.00,0.00
2022-07-19,53.31,54.51,51.63,54.51,714300,0.00,0.00,0.00
2022-07-20,54.69,58.58,54.69,57.78,939500,0.00,0.00,0.00
2022-07-21,57.05,59.06,56.80,58.82,753800,0.00,0.00,0.00
2022-07-22,58.63,59.28,55.19,55.79,632400,0.00,0.00,0.00
2022-07-25,55.53,55.61,54.04,54.85,503200,0.00,0.00,0.00
2022-07-26,53.20,53.21,50.96,51.13,1008100,0.00,0.00,0.00
2022-07-27,52.64,55.41,52.06,54.97,771900,0.00,0.00,0.00
2022-07-28,54.37,55.51,52.67,55.42,645800,0.00,0.00,0.00
2022-07-29,53.84,54.78,53.01,54.48,600300,0.00,0.00,0.00
2022-08-01,53.99,56.42,53.28,55.47,611900,0.00,0.00,0.00
2022-08-02,54.67,58.07,54.55,57.20,849200,0.00,0.00,0.00
2022-08-03,58.04,61.14,57.92,60.86,782000,0.00,0.00,0.00
2022-08-04,62.21,63.36,60.72,61.70,830800,0.00,0.00,0.00
2022-08-05,60.12,63.20,59.66,61.81,647600,0.00,0.00,0.00
2022-08-08,62.57,64.78,62.39,62.88,1071000,0.00,0.00,0.00
2022-08-09,61.85,61.99,58.86,59.37,575800,0.00,0.00,0.00
2022-08-10,61.99,63.01,60.69,62.97,1056400,0.00,0.00,0.00
2022-08-11,64.43,65.76,61.25,61.46,733500,0.00,0.00,0.00
2022-08-12,62.30,63.99,61.25,63.88,491100,0.00,0.00,0.00
2022-08-15,63.17,64.51,62.98,63.94,479300,0.00,0.00,0.00
2022-08-16,63.51,64.11,60.84,63.01,765900,0.00,0.00,0.00
2022-08-17,61.65,62.01,59.86,60.22,687000,0.00,0.00,0.00
2022-08-18,60.21,60.21,58.89,59.66,319300,0.00,0.00,0.00
2022-08-19,57.71,57.85,55.80,56.01,679000,0.00,0.00,0.00
2022-08-22,54.65,55.64,53.88,54.26,853900,0.00,0.00,0.00
2022-08-23,53.99,55.21,53.34,53.43,608700,0.00,0.00,0.00
2022-08-24,53.63,55.21,53.43,54.27,365400,0.00,0.00,0.00
2022-08-25,54.97,55.58,54.13,55.55,445200,0.00,0.00,0.00
2022-08-26,55.53,55.70,52.41,52.51,1122000,0.00,0.00,0.00
2022-08-29,51.41,53.20,51.41,51.91,565100,0.00,0.00,0.00
2022-08-30,52.50,53.36,50.76,51.68,569300,0.00,0.00,0.00
2022-08-31,52.64,53.46,51.14,51.46,793200,0.00,0.00,0.00
2022-09-01,50.50,50.83,48.64,50.76,978000,0.00,0.00,0.00
2022-09-02,51.84,51.84,49.64,49.95,1125200,0.00,0.00,0.00
2022-09-06,50.15,50.18,48.58,49.14,736000,0.00,0.00,0.00
2022-09-07,48.76,50.86,48.62,50.79,1080800,0.00,0.00,0.00
2022-09-08,49.98,52.10,49.66,52.10,524500,0.00,0.00,0.00
2022-09-09,53.36,54.91,53.25,54.75,883200,0.00,0.00,0.00
2022-09-12,55.03,56.29,54.95,56.18,692700,0.00,0.00,0.00
2022-09-13,52.86,53.62,52.06,52.24,1222300,0.00,0.00,0.00
2022-09-14,52.05,53.53,51.41,53.44,608000,0.00,0.00,0.00
2022-09-15,52.79,55.51,52.64,54.14,992200,0.00,0.00,0.00
2022-09-16,52.70,52.85,51.46,51.86,744600,0.00,0.00,0.00
2022-09-19,51.13,51.99,50.69,51.97,498000,0.00,0.00,0.00
2022-09-20,51.22,51.70,50.21,50.28,573900,0.00,0.00,0.00
2022-09-21,50.57,51.96,49.36,49.40,1403300,0.00,0.00,0.00
2022-09-22,49.03,49.49,47.01,47.19,894600,0.00,0.00,0.00
2022-09-23,46.36,47.09,45.26,46.12,1327000,0.00,0.00,0.00
2022-09-26,46.24,47.59,45.57,45.59,934600,0.00,0.00,0.00
2022-09-27,46.96,47.84,45.72,46.53,808900,0.00,0.00,0.00
2022-09-28,46.57,48.46,46.33,48.20,799500,0.00,0.00,0.00
2022-09-29,47.02,47.20,45.27,45.77,717300,0.00,0.00,0.00
2022-09-30,45.56,47.52,45.32,45.64,699500,0.00,0.00,0.00
2022-10-03,45.84,46.63,44.57,46.16,738100,0.00,0.00,0.00
2022-10-04,47.91,49.89,47.81,49.55,1397500,0.00,0.00,0.00
2022-10-05,48.36,49.14,47.28,48.78,825800,0.00,0.00,0.00
2022-10-06,48.66,49.96,47.99,48.73,628000,0.00,0.00,0.00
2022-10-07,47.61,47.62,45.66,45.91,629700,0.00,0.00,0.00
2022-10-10,45.84,45.90,43.87,44.38,472700,0.00,0.00,0.00
2022-10-11,44.01,44.74,42.23,43.44,710000,0.00,0.00,0.00
2022-10-12,43.35,44.17,42.54,44.01,589200,0.00,0.00,0.00
2022-10-13,41.67,44.40,41.03,43.88,1428400,0.00,0.00,0.00
2022-10-14,44.79,45.33,41.61,41.68,1396600,0.00,0.00,0.00
2022-10-17,43.49,45.22,43.49,44.79,1639000,0.00,0.00,0.00
2022-10-18,46.42,47.00,44.66,45.43,923500,0.00,0.00,0.00
2022-10-19,44.96,45.37,43.67,43.98,643300,0.00,0.00,0.00
2022-10-20,43.73,45.79,43.57,44.35,958600,0.00,0.00,0.00
2022-10-21,43.90,44.93,43.08,44.85,942900,0.00,0.00,0.00
2022-10-24,44.53,44.97,42.89,44.73,1121300,0.00,0.00,0.00
2022-10-25,45.08,47.77,45.08,47.65,1156400,0.00,0.00,0.00
2022-10-26,46.98,49.09,46.63,47.13,973000,0.00,0.00,0.00
2022-10-27,47.91,48.77,47.10,47.66,1222100,0.00,0.00,0.00
2022-10-28,47.65,48.63,46.68,48.56,1019000,0.00,0.00,0.00
2022-10-31,48.21,49.06,47.64,48.26,637900,0.00,0.00,0.00
2022-11-01,49.65,50.10,48.19,48.25,1486300,0.00,0.00,0.00
2022-11-02,48.17,48.79,45.64,45.69,1943900,0.00,0.00,0.00
2022-11-03,44.55,46.74,44.43,45.30,1537200,0.00,0.00,0.00
2022-11-04,45.82,46.01,42.41,43.39,1660300,0.00,0.00,0.00
2022-11-07,43.83,44.18,42.64,43.49,1159900,0.00,0.00,0.00
2022-11-08,43.45,44.45,41.56,42.52,1354900,0.00,0.00,0.00
2022-11-09,41.37,41.41,39.04,39.17,1490400,0.00,0.00,0.00
2022-11-10,42.79,44.51,41.87,44.51,1285900,0.00,0.00,0.00
2022-11-11,43.54,48.14,43.29,47.73,1125600,0.00,0.00,0.00
2022-11-14,47.02,47.50,45.86,46.13,546600,0.00,0.00,0.00
2022-11-15,48.27,49.30,47.58,48.17,570300,0.00,0.00,0.00
2022-11-16,47.20,47.27,45.37,45.72,408400,0.00,0.00,0.00
2022-11-17,44.37,45.45,43.97,44.74,455300,0.00,0.00,0.00
2022-11-18,45.78,45.78,43.44,43.88,332600,0.00,0.00,0.00
2022-11-21,43.15,43.24,41.58,42.14,535000,0.00,0.00,0.00
2022-11-22,42.03,42.57,41.20,42.50,551600,0.00,0.00,0.00
2022-11-23,42.74,44.31,42.64,44.15,413600,0.00,0.00,0.00
2022-11-25,43.92,43.92,43.39,43.74,178800,0.00,0.00,0.00
2022-11-28,43.17,43.98,42.36,42.60,627700,0.00,0.00,0.00
2022-11-29,42.69,43.44,42.17,42.33,399000,0.00,0.00,0.00
2022-11-30,42.53,45.28,42.24,45.23,1040300,0.00,0.00,0.00
2022-12-01,45.44,46.36,44.84,46.01,590800,0.00,0.00,0.00
2022-12-02,45.02,46.41,44.88,46.24,413300,0.00,0.00,0.00
2022-12-05,45.94,46.41,43.53,43.79,540400,0.00,0.00,0.00
2022-12-06,43.87,43.87,41.80,42.17,456200,0.00,0.00,0.00
2022-12-07,41.79,42.48,41.40,41.57,1340000,0.00,0.00,0.00
2022-12-08,41.81,43.12,41.08,42.75,623000,0.00,0.00,0.00
2022-12-09,42.50,43.40,42.21,42.45,589000,0.00,0.00,0.00
2022-12-12,42.12,43.21,41.99,43.18,344000,0.00,0.00,0.00
2022-12-13,45.89,46.70,42.83,43.54,2314800,0.00,0.00,0.00
2022-12-14,43.19,44.12,42.55,43.09,626200,0.00,0.00,0.00
2022-12-15,41.91,42.26,40.88,41.00,484800,0.00,0.00,0.00
2022-12-16,40.60,41.08,39.81,40.31,490200,0.00,0.00,0.00
2022-12-19,40.20,40.31,39.08,39.24,516100,0.00,0.00,0.00
2022-12-20,38.97,40.10,38.68,39.02,368000,0.00,0.00,0.00
2022-12-21,39.27,39.99,38.75,39.58,805000,0.00,0.00,0.00
2022-12-22,38.89,38.93,37.02,38.03,560600,0.00,0.00,0.00
2022-12-23,37.80,38.10,37.07,37.77,415900,0.00,0.00,0.00
2022-12-27,37.21,37.28,36.24,36.47,426200,0.00,0.00,0.00
2022-12-28,36.30,36.97,36.02,36.46,530100,0.00,0.00,0.00
2022-12-29,37.02,38.42,36.85,38.33,483000,0.00,0.00,0.00
2022-12-30,37.50,38.58,37.34,38.55,440200,0.00,0.00,0.00
2023-01-03,39.28,39.71,37.19,37.73,601300,0.00,0.00,0.00
2023-01-04,38.19,39.25,37.82,38.99,241900,0.00,0.00,0.00
2023-01-05,38.32,38.32,37.27,37.58,238000,0.00,0.00,0.00
2023-01-06,37.53,38.63,36.53,38.48,1162100,0.00,0.00,0.00
2023-01-09,39.25,40.93,39.18,40.09,320500,0.00,0.00,0.00
2023-01-10,39.71,41.12,39.68,41.12,212400,0.00,0.00,0.00
2023-01-11,41.41,41.95,40.91,41.94,437800,0.00,0.00,0.00
2023-01-12,42.23,42.96,40.66,42.94,409600,0.00,0.00,0.00
2023-01-13,41.82,44.01,41.82,43.95,417100,0.00,0.00,0.00
2023-01-17,44.55,45.49,43.75,45.39,416900,0.00,0.00,0.00
2023-01-18,46.10,46.43,43.84,43.90,666600,0.00,0.00,0.00
2023-01-19,42.99,43.57,42.38,42.85,273100,0.00,0.00,0.00
2023-01-20,43.32,45.20,43.06,45.15,347000,0.00,0.00,0.00
2023-01-23,45.65,47.27,45.15,47.25,686200,0.00,0.00,0.00
2023-01-24,46.60,47.76,46.23,46.51,224700,0.00,0.00,0.00
2023-01-25,45.13,46.92,44.32,46.67,445700,0.00,0.00,0.00
2023-01-26,48.34,48.66,46.61,47.76,706300,0.00,0.00,0.00
2023-01-27,47.66,50.70,47.40,50.25,986900,0.00,0.00,0.00
2023-01-30,49.35,50.04,47.88,47.94,977900,0.00,0.00,0.00
2023-01-31,48.30,50.00,48.25,49.79,588100,0.00,0.00,0.00
2023-02-01,49.69,52.52,49.20,52.22,885900,0.00,0.00,0.00
2023-02-02,54.29,56.77,54.13,55.76,903400,0.00,0.00,0.00
2023-02-03,53.24,56.22,52.95,53.69,713400,0.00,0.00,0.00
2023-02-06,52.77,53.58,52.28,52.64,518500,0.00,0.00,0.00
2023-02-07,52.59,53.80,51.48,53.55,857000,0.00,0.00,0.00
2023-02-08,53.44,54.25,52.27,52.27,730700,0.00,0.00,0.00
2023-02-09,53.34,53.37,50.22,50.44,743700,0.00,0.00,0.00
2023-02-10,49.86,50.32,48.48,48.89,532800,0.00,0.00,0.00
2023-02-13,49.22,50.06,48.35,49.65,527900,0.00,0.00,0.00
2023-02-14,49.03,51.50,48.68,51.33,782300,0.00,0.00,0.00
2023-02-15,51.79,55.04,51.79,55.04,1091600,0.00,0.00,0.00
2023-02-16,53.99,55.75,53.28,53.50,1099900,0.00,0.00,0.00
2023-02-17,53.35,53.59,52.09,53.08,888800,0.00,0.00,0.00
2023-02-21,51.73,52.75,50.35,50.35,509700,0.00,0.00,0.00
2023-02-22,50.66,51.72,49.98,51.05,463300,0.00,0.00,0.00
2023-02-23,51.91,51.91,49.30,50.75,844100,0.00,0.00,0.00
2023-02-24,49.53,49.86,48.71,49.30,454400,0.00,0.00,0.00
2023-02-27,49.96,50.20,49.27,49.71,495500,0.00,0.00,0.00
2023-02-28,49.64,51.18,49.64,50.56,299900,0.00,0.00,0.00
2023-03-01,50.56,50.81,49.38,49.48,261900,0.00,0.00,0.00
2023-03-02,48.46,50.16,48.11,50.08,347900,0.00,0.00,0.00
2023-03-03,50.19,51.76,50.01,51.51,681400,0.00,0.00,0.00
2023-03-06,51.86,52.55,50.96,51.01,456400,0.00,0.00,0.00
2023-03-07,51.19,51.87,50.22,50.59,492000,0.00,0.00,0.00
2023-03-08,50.45,51.07,49.77,50.78,357200,0.00,0.00,0.00
2023-03-09,50.76,51.70,48.44,48.56,438600,0.00,0.00,0.00
2023-03-10,47.94,48.52,45.92,46.82,934100,0.00,0.00,0.00
2023-03-13,46.04,48.69,45.20,47.78,880700,0.00,0.00,0.00
2023-03-14,49.60,49.95,48.57,49.22,606500,0.00,0.00,0.00
2023-03-15,48.27,49.62,48.11,49.50,715800,0.00,0.00,0.00
2023-03-16,49.85,51.67,49.61,51.59,582500,0.00,0.00,0.00
2023-03-17,51.77,52.17,50.56,51.36,315900,0.00,0.00,0.00
2023-03-20,51.29,51.59,50.20,50.91,256000,0.00,0.00,0.00
2023-03-21,51.45,53.70,51.45,53.55,451900,0.00,0.00,0.00
2023-03-22,53.54,53.82,51.00,51.00,474300,0.00,0.00,0.00
2023-03-23,50.05,52.00,49.50,50.27,714400,0.00,0.00,0.00
2023-03-24,49.75,50.32,49.30,49.93,219800,0.00,0.00,0.00
2023-03-27,50.60,50.96,49.20,49.71,377600,0.00,0.00,0.00
2023-03-28,49.40,49.85,48.91,49.25,217700,0.00,0.00,0.00
2023-03-29,50.03,51.24,50.00,51.15,360900,0.00,0.00,0.00
2023-03-30,51.93,52.29,51.01,51.40,328300,0.00,0.00,0.00
2023-03-31,51.72,53.66,51.50,53.61,595400,0.00,0.00,0.00
2023-04-03,52.85,53.24,51.68,52.66,690000,0.00,0.00,0.00
2023-04-04,53.04,53.27,52.06,52.60,194500,0.00,0.00,0.00
2023-04-05,52.11,52.15,50.20,50.66,338900,0.00,0.00,0.00
2023-04-06,50.15,51.43,49.60,51.27,237200,0.00,0.00,0.00
2023-04-10,50.65,51.77,50.10,51.77,233100,0.00,0.00,0.00
2023-04-11,51.88,52.56,51.72,52.19,341500,0.00,0.00,0.00
2023-04-12,53.18,53.48,50.77,50.79,243300,0.00,0.00,0.00
2023-04-13,51.42,52.69,51.42,52.14,226200,0.00,0.00,0.00
2023-04-14,52.09,52.61,51.12,51.79,158200,0.00,0.00,0.00
2023-04-17,51.05,51.69,50.75,51.68,231400,0.00,0.00,0.00
2023-04-18,52.31,52.48,51.74,52.02,160300,0.00,0.00,0.00
2023-04-19,51.05,51.73,50.72,51.38,145900,0.00,0.00,0.00
2023-04-20,50.45,50.98,49.77,49.87,262700,0.00,0.00,0.00
2023-04-21,49.89,50.13,49.55,49.74,188700,0.00,0.00,0.00
2023-04-24,49.57,50.08,48.36,48.97,231600,0.00,0.00,0.00
2023-04-25,48.61,48.75,47.40,47.41,280700,0.00,0.00,0.00
2023-04-26,48.19,48.50,46.55,46.71,289700,0.00,0.00,0.00
2023-04-27,47.25,48.01,46.96,47.69,239000,0.00,0.00,0.00
2023-04-28,47.23,47.80,46.57,47.67,214200,0.00,0.00,0.00
2023-05-01,47.38,47.77,46.77,47.10,234600,0.00,0.00,0.00
2023-05-02,46.77,47.00,45.96,46.23,202100,0.00,0.00,0.00
2023-05-03,46.10,46.80,45.50,45.59,244700,0.00,0.00,0.00
2023-05-04,46.10,47.09,46.10,46.55,208300,0.00,0.00,0.00
2023-05-05,47.48,48.94,47.48,48.84,210500,0.00,0.00,0.00
2023-05-08,48.77,49.44,48.45,49.33,152800,0.00,0.00,0.00
2023-05-09,48.84,49.77,48.84,49.61,81100,0.00,0.00,0.00
2023-05-10,50.12,50.84,49.53,50.00,293200,0.00,0.00,0.00
2023-05-11,50.13,50.33,49.54,50.15,196400,0.00,0.00,0.00
2023-05-12,50.31,50.31,48.18,48.46,464000,0.00,0.00,0.00
2023-05-15,48.39,49.67,48.31,49.49,166200,0.00,0.00,0.00
2023-05-16,48.81,49.16,48.48,48.56,135300,0.00,0.00,0.00
2023-05-17,48.70,50.15,48.47,49.97,247200,0.00,0.00,0.00
2023-05-18,50.00,50.98,49.84,50.76,320500,0.00,0.00,0.00
2023-05-19,50.54,50.87,49.83,50.13,267300,0.00,0.00,0.00
2023-05-22,50.13,52.25,50.00,52.06,435600,0.00,0.00,0.00
2023-05-23,51.53,52.60,50.94,51.04,220500,0.00,0.00,0.00
2023-05-24,50.20,51.00,49.87,50.75,149700,0.00,0.00,0.00
2023-05-25,51.26,51.29,49.90,50.23,348100,0.00,0.00,0.00
2023-05-26,50.13,51.83,50.13,51.08,474000,0.00,0.00,0.00
2023-05-30,52.50,53.28,51.77,52.33,368100,0.00,0.00,0.00
2023-05-31,51.85,53.17,51.70,53.01,244200,0.00,0.00,0.00
2023-06-01,52.63,54.41,52.21,53.74,316100,0.00,0.00,0.00
2023-06-02,54.48,54.84,53.46,54.10,319000,0.00,0.00,0.00
2023-06-05,54.09,54.97,53.74,54.83,195400,0.00,0.00,0.00
2023-06-06,53.83,55.30,53.28,55.15,291300,0.00,0.00,0.00
2023-06-07,55.88,56.61,54.06,54.23,343600,0.00,0.00,0.00
2023-06-08,54.11,54.97,53.85,54.73,152600,0.00,0.00,0.00
2023-06-09,55.55,56.45,54.54,54.63,327200,0.00,0.00,0.00
2023-06-12,54.89,55.43,54.62,55.35,290500,0.00,0.00,0.00
2023-06-13,56.19,56.62,55.84,56.51,355200,0.00,0.00,0.00
2023-06-14,56.49,57.12,55.51,56.54,383200,0.00,0.00,0.00
2023-06-15,55.85,57.40,55.63,57.13,416800,0.00,0.00,0.00
2023-06-16,57.65,57.85,56.72,57.30,429800,0.00,0.00,0.00
2023-06-20,57.00,58.10,56.35,57.53,310000,0.00,0.00,0.00
2023-06-21,57.53,57.93,56.03,56.13,374900,0.00,0.00,0.00
2023-06-22,55.79,56.16,55.16,56.08,237900,0.00,0.00,0.00
2023-06-23,55.23,56.25,54.63,55.89,345000,0.00,0.00,0.00
2023-06-26,55.60,56.95,55.16,55.33,206600,0.00,0.00,0.00
2023-06-27,55.89,57.93,55.87,57.73,319100,0.00,0.00,0.00
2023-06-28,57.68,59.30,57.41,58.40,259700,0.00,0.00,0.00
2023-06-29,58.62,58.97,57.88,58.18,218200,0.00,0.00,0.00
2023-06-30,58.99,59.36,58.34,58.61,341600,0.00,0.00,0.00
2023-07-03,59.27,60.44,59.11,60.31,347700,0.00,0.00,0.00
2023-07-05,59.73,60.20,59.22,59.88,276200,0.00,0.00,0.00
2023-07-06,59.00,59.11,57.39,58.40,434900,0.00,0.00,0.00
2023-07-07,58.59,59.85,58.51,58.97,431400,0.00,0.00,0.00
2023-07-10,58.78,60.41,58.33,60.41,256300,0.00,0.00,0.00
2023-07-11,60.81,63.27,60.65,62.87,666200,0.00,0.00,0.00
2023-07-12,64.10,64.20,62.41,63.10,610400,0.00,0.00,0.00
2023-07-13,63.63,66.93,63.63,66.75,720800,0.00,0.00,0.00
2023-07-14,66.69,67.85,64.55,65.12,665900,0.00,0.00,0.00
2023-07-17,65.13,66.84,64.68,66.57,335000,0.00,0.00,0.00
2023-07-18,66.72,67.02,66.03,66.57,420700,0.00,0.00,0.00
2023-07-19,67.26,68.33,66.58,67.56,473800,0.00,0.00,0.00
2023-07-20,66.52,66.77,63.67,63.88,628600,0.00,0.00,0.00
2023-07-21,64.68,65.04,63.51,64.00,303400,0.00,0.00,0.00
2023-07-24,63.77,64.06,62.68,63.31,324000,0.00,0.00,0.00
2023-07-25,63.61,64.16,63.02,63.06,184000,0.00,0.00,0.00
2023-07-26,62.98,64.43,62.74,64.10,226500,0.00,0.00,0.00
2023-07-27,65.43,65.64,62.12,62.30,320700,0.00,0.00,0.00
2023-07-28,63.89,65.55,63.74,65.51,630400,0.00,0.00,0.00
2023-07-31,66.13,67.31,66.06,67.31,298300,0.00,0.00,0.00
2023-08-01,66.43,66.56,65.04,66.39,269800,0.00,0.00,0.00
2023-08-02,65.02,65.08,62.54,63.28,494500,0.00,0.00,0.00
2023-08-03,62.45,63.35,62.29,62.78,356500,0.00,0.00,0.00
2023-08-04,63.29,63.46,61.46,61.65,391900,0.00,0.00,0.00
2023-08-07,62.06,62.06,60.34,61.63,347100,0.00,0.00,0.00
2023-08-08,60.77,61.03,59.97,60.98,229100,0.00,0.00,0.00
2023-08-09,60.72,60.79,58.48,58.51,357400,0.00,0.00,0.00
2023-08-10,59.20,60.16,58.05,58.34,580000,0.00,0.00,0.00
2023-08-11,57.66,58.47,57.51,57.96,301700,0.00,0.00,0.00
2023-08-14,57.32,58.45,57.05,58.39,273400,0.00,0.00,0.00
2023-08-15,58.21,58.29,57.30,57.30,202400,0.00,0.00,0.00
2023-08-16,57.12,57.35,56.26,56.30,227800,0.00,0.00,0.00
2023-08-17,55.97,56.01,54.42,54.48,640800,0.00,0.00,0.00
2023-08-18,53.21,54.74,53.08,54.46,268100,0.00,0.00,0.00
2023-08-21,54.72,55.34,54.31,55.26,250200,0.00,0.00,0.00
2023-08-22,55.72,55.92,54.60,54.91,215600,0.00,0.00,0.00
2023-08-23,54.91,56.50,54.87,56.37,319300,0.00,0.00,0.00
2023-08-24,56.79,56.79,54.40,54.42,376900,0.00,0.00,0.00
2023-08-25,54.54,55.57,53.97,55.06,338000,0.00,0.00,0.00
2023-08-28,55.41,55.70,54.93,55.16,168100,0.00,0.00,0.00
2023-08-29,55.00,58.29,54.84,58.27,895300,0.00,0.00,0.00
2023-08-30,58.03,58.67,57.48,58.49,228100,0.00,0.00,0.00
2023-08-31,58.72,59.12,58.12,58.39,162500,0.00,0.00,0.00
2023-09-01,58.65,59.04,57.98,58.31,187200,0.00,0.00,0.00
2023-09-05,57.87,58.99,57.65,58.79,216900,0.00,0.00,0.00
2023-09-06,59.10,59.87,58.46,58.99,254400,0.00,0.00,0.00
2023-09-07,57.88,59.23,57.60,59.16,186100,0.00,0.00,0.00
2023-09-08,59.14,59.66,58.46,58.66,169600,0.00,0.00,0.00
2023-09-11,59.41,59.73,58.79,59.50,246700,0.00,0.00,0.00
2023-09-12,59.15,60.42,58.89,58.89,288100,0.00,0.00,0.00
2023-09-13,58.79,59.02,57.79,58.13,183900,0.00,0.00,0.00
2023-09-14,58.25,58.84,57.89,58.42,264000,0.00,0.00,0.00
2023-09-15,58.44,58.51,57.22,57.67,418900,0.00,0.00,0.00
2023-09-18,57.46,57.49,56.74,56.75,372900,0.00,0.00,0.00
2023-09-19,56.54,56.73,55.53,56.04,346800,0.00,0.00,0.00
2023-09-20,56.29,56.67,55.01,55.02,251400,0.00,0.00,0.00
2023-09-21,53.93,54.18,53.35,53.35,370800,0.00,0.00,0.00
2023-09-22,53.91,54.07,52.69,52.70,304400,0.00,0.00,0.00
2023-09-25,52.40,53.00,52.12,52.70,252800,0.00,0.00,0.00
2023-09-26,52.45,53.04,52.01,52.17,207000,0.00,0.00,0.00
2023-09-27,52.80,53.02,51.84,52.60,399900,0.00,0.00,0.00
2023-09-28,52.49,53.96,52.18,53.48,320100,0.00,0.00,0.00
2023-09-29,54.29,54.86,53.92,54.16,282000,0.00,0.00,0.00
2023-10-02,54.43,54.93,53.61,54.02,261400,0.00,0.00,0.00
2023-10-03,53.35,53.92,52.14,52.38,245200,0.00,0.00,0.00
2023-10-04,52.71,53.57,52.13,53.42,263200,0.00,0.00,0.00
2023-10-05,53.25,53.47,52.49,53.21,159800,0.00,0.00,0.00
2023-10-06,52.33,54.96,52.33,54.81,256600,0.00,0.00,0.00
2023-10-09,53.79,55.00,53.74,54.71,170000,0.00,0.00,0.00
2023-10-10,54.87,56.55,54.87,55.78,277800,0.00,0.00,0.00
2023-10-11,55.97,56.43,54.86,55.27,181700,0.00,0.00,0.00
2023-10-12,55.25,55.33,53.55,53.92,185600,0.00,0.00,0.00
2023-10-13,53.77,53.91,52.46,52.64,147300,0.00,0.00,0.00
2023-10-16,53.21,54.28,52.92,54.05,426800,0.00,0.00,0.00
2023-10-17,53.34,55.30,53.34,54.93,155500,0.00,0.00,0.00
2023-10-18,54.39,54.67,52.84,52.94,300400,0.00,0.00,0.00
2023-10-19,52.97,53.64,52.23,52.40,228600,0.00,0.00,0.00
2023-10-20,52.43,52.83,51.66,51.97,177900,0.00,0.00,0.00
2023-10-23,51.65,53.08,51.02,52.27,211000,0.00,0.00,0.00
2023-10-24,53.57,55.15,53.57,54.09,229900,0.00,0.00,0.00
2023-10-25,53.52,53.69,51.77,51.83,269800,0.00,0.00,0.00
2023-10-26,51.76,52.22,50.20,50.74,351000,0.00,0.00,0.00
2023-10-27,51.34,51.50,49.92,50.04,191300,0.00,0.00,0.00
2023-10-30,50.60,51.13,50.14,50.75,211500,0.00,0.00,0.00
2023-10-31,50.76,51.93,50.40,51.78,270400,0.00,0.00,0.00
2023-11-01,51.83,52.04,51.07,51.95,125000,0.00,0.00,0.00
2023-11-02,54.51,55.77,54.46,55.72,410600,0.00,0.00,0.00
2023-11-03,56.76,58.57,56.76,58.12,318600,0.00,0.00,0.00
2023-11-06,58.40,58.66,56.72,57.53,225600,0.00,0.00,0.00
2023-11-07,57.76,58.97,57.40,58.91,308000,0.00,0.00,0.00
2023-11-08,58.92,58.95,57.74,58.58,232800,0.00,0.00,0.00
2023-11-09,59.39,60.05,57.72,57.88,622000,0.00,0.00,0.00
2023-11-10,57.50,59.07,57.45,58.90,236900,0.00,0.00,0.00
2023-11-13,58.42,59.30,57.90,59.20,139900,0.00,0.00,0.00
2023-11-14,60.72,61.53,60.38,60.85,243600,0.00,0.00,0.00
2023-11-15,61.18,62.92,61.10,62.35,347700,0.00,0.00,0.00
2023-11-16,61.72,61.78,60.65,61.24,193700,0.00,0.00,0.00
2023-11-17,61.36,62.28,60.99,62.27,349500,0.00,0.00,0.00
2023-11-20,62.35,63.86,62.35,63.61,293800,0.00,0.00,0.00
2023-11-21,62.89,63.14,62.16,62.66,182500,0.00,0.00,0.00
2023-11-22,63.09,63.64,62.40,63.49,301800,0.00,0.00,0.00
2023-11-24,63.29,64.54,63.29,64.31,113700,0.00,0.00,0.00
2023-11-27,63.92,65.46,63.72,65.11,498600,0.00,0.00,0.00
2023-11-28,65.12,67.12,64.90,67.05,421500,0.00,0.00,0.00
2023-11-29,67.68,68.49,67.36,67.57,510800,0.00,0.00,0.00
2023-11-30,67.72,67.72,66.06,66.63,349800,0.00,0.00,0.00
2023-12-01,67.11,69.50,66.89,69.50,610300,0.00,0.00,0.00
2023-12-04,69.55,70.46,68.93,70.03,461500,0.00,0.00,0.00
2023-12-05,69.53,70.68,69.43,70.15,204800,0.00,0.00,0.00
2023-12-06,70.79,71.50,69.67,69.67,278200,0.00,0.00,0.00
2023-12-07,69.53,70.30,69.13,69.85,271400,0.00,0.00,0.00
2023-12-08,69.88,71.96,69.70,71.90,302800,0.00,0.00,0.00
2023-12-11,71.13,71.37,70.41,70.79,352400,0.00,0.00,0.00
2023-12-12,70.80,71.36,70.19,71.13,335600,0.00,0.00,0.00
2023-12-13,71.20,73.43,70.30,73.35,347400,0.00,0.00,0.00
2023-12-14,74.58,75.73,74.00,75.03,473100,0.00,0.00,0.00
2023-12-15,74.88,74.91,73.45,74.14,299700,0.00,0.00,0.00
2023-12-18,73.31,74.80,73.07,74.33,262800,0.00,0.00,0.00
2023-12-19,74.81,76.57,74.81,76.51,272900,0.00,0.00,0.00
2023-12-20,76.34,77.00,74.13,74.13,425400,0.00,0.00,0.00
2023-12-21,75.57,75.92,74.57,75.83,334000,0.00,0.00,0.00
2023-12-22,76.03,76.89,75.75,76.47,273200,0.00,0.00,0.00
2023-12-26,76.60,77.43,76.43,77.20,210000,0.00,0.00,0.00
2023-12-27,77.67,78.44,77.56,78.29,241100,0.00,0.00,0.00
2023-12-28,77.99,78.41,77.65,78.00,357500,0.00,0.00,0.00
2023-12-29,77.98,78.12,75.65,75.90,379900,0.00,0.00,0.00
2024-01-02,75.38,75.40,72.50,72.92,660800,0.00,0.00,0.00
2024-01-03,70.71,71.37,70.24,70.50,748000,0.00,0.00,0.00
2024-01-04,70.31,71.69,69.82,71.03,239000,0.00,0.00,0.00
2024-01-05,70.45,71.79,70.26,71.02,273400,0.00,0.00,0.00
2024-01-08,71.52,73.83,71.52,73.71,396800,0.00,0.00,0.00
2024-01-09,73.18,73.52,72.45,72.74,268500,0.00,0.00,0.00
2024-01-10,72.67,73.32,71.47,72.66,229800,0.00,0.00,0.00
2024-01-11,73.30,73.52,70.37,71.40,457100,0.00,0.00,0.00
2024-01-12,71.18,72.00,70.11,70.17,212400,0.00,0.00,0.00
2024-01-16,69.39,70.35,68.57,69.73,373500,0.00,0.00,0.00
2024-01-17,68.41,68.89,67.37,68.83,268800,0.00,0.00,0.00
2024-01-18,69.64,69.93,68.05,68.77,261700,0.00,0.00,0.00
2024-01-19,69.15,69.98,68.12,69.96,428900,0.00,0.00,0.00
2024-01-22,70.70,72.41,70.44,71.07,348700,0.00,0.00,0.00
2024-01-23,71.11,71.64,70.44,70.92,235300,0.00,0.00,0.00
2024-01-24,72.10,72.14,69.82,69.86,306600,0.00,0.00,0.00
2024-01-25,70.14,70.42,68.85,69.36,212900,0.00,0.00,0.00
2024-01-26,69.86,70.70,69.67,70.02,182200,0.00,0.00,0.00
2024-01-29,70.24,72.68,70.24,72.65,249600,0.00,0.00,0.00
2024-01-30,72.74,72.84,71.36,71.51,207600,0.00,0.00,0.00
2024-01-31,70.51,72.05,69.46,69.57,300100,0.00,0.00,0.00
2024-02-01,70.03,70.71,69.08,70.29,218200,0.00,0.00,0.00
2024-02-02,70.29,71.92,69.90,71.74,347200,0.00,0.00,0.00
2024-02-05,71.36,71.50,69.16,69.78,281900,0.00,0.00,0.00
2024-02-06,70.29,71.44,70.29,71.29,282100,0.00,0.00,0.00
2024-02-07,71.86,73.15,71.34,72.85,244900,0.00,0.00,0.00
2024-02-08,73.50,75.02,73.22,74.61,291500,0.00,0.00,0.00
2024-02-09,76.22,76.80,75.81,76.51,340700,0.00,0.00,0.00
2024-02-12,76.43,78.22,76.43,77.43,238800,0.00,0.00,0.00
2024-02-13,74.21,75.57,73.52,74.46,288400,0.00,0.00,0.00
2024-02-14,76.40,77.95,76.17,77.90,221600,0.00,0.00,0.00
2024-02-15,78.43,79.14,77.69,78.66,164100,0.00,0.00,0.00
2024-02-16,78.10,79.00,77.02,77.09,169700,0.00,0.00,0.00
2024-02-20,76.07,76.30,73.66,75.00,264200,0.00,0.00,0.00
2024-02-21,72.98,73.44,71.95,72.53,302600,0.00,0.00,0.00
2024-02-22,74.03,74.56,73.34,74.38,231700,0.00,0.00,0.00
2024-02-23,75.36,76.05,74.55,74.97,159500,0.00,0.00,0.00
2024-02-26,75.08,77.54,75.06,77.19,177000,0.00,0.00,0.00
2024-02-27,78.02,78.75,77.38,78.36,240700,0.00,0.00,0.00
2024-02-28,78.68,80.07,78.26,78.77,207800,0.00,0.00,0.00
2024-02-29,79.95,80.47,78.77,79.99,211100,0.00,0.00,0.00
2024-03-01,80.01,80.72,79.02,80.61,209700,0.00,0.00,0.00
2024-03-04,81.25,82.12,80.42,81.48,291200,0.00,0.00,0.00
2024-03-05,80.46,81.25,77.60,78.23,470200,0.00,0.00,0.00
2024-03-06,80.56,81.21,79.22,80.51,267300,0.00,0.00,0.00
2024-03-07,81.21,81.85,80.60,81.66,273300,0.00,0.00,0.00
2024-03-08,82.31,84.94,81.72,82.34,234700,0.00,0.00,0.00
2024-03-11,82.96,83.95,82.45,82.59,264400,0.00,0.00,0.00
2024-03-12,82.96,83.20,81.21,82.53,187400,0.00,0.00,0.00
2024-03-13,82.25,84.06,82.25,82.83,138400,0.00,0.00,0.00
2024-03-14,83.03,83.11,79.73,80.61,215900,0.00,0.00,0.00
2024-03-15,79.48,80.80,79.32,80.13,263600,0.00,0.00,0.00
2024-03-18,80.32,80.70,79.18,80.20,264300,0.00,0.00,0.00
2024-03-19,78.61,79.53,77.47,79.19,364800,0.00,0.00,0.00
2024-03-20,79.46,82.26,79.07,82.15,204500,0.00,0.00,0.00
2024-03-21,83.20,84.24,82.65,82.66,254600,0.00,0.00,0.00
2024-03-22,81.70,82.31,80.85,81.41,163700,0.00,0.00,0.00
2024-03-25,81.65,83.83,81.64,83.69,192200,0.00,0.00,0.00
2024-03-26,84.36,84.73,83.38,83.44,138900,0.00,0.00,0.00
2024-03-27,84.81,85.00,82.30,82.95,538900,0.00,0.00,0.00
2024-03-28,83.36,84.09,83.10,83.30,234100,0.00,0.00,0.00
2024-04-01,83.08,83.26,81.44,82.11,230900,0.00,0.00,0.00
2024-04-02,79.35,80.31,78.50,80.27,230500,0.00,0.00,0.00
2024-04-03,79.66,80.93,79.50,80.66,234400,0.00,0.00,0.00
2024-04-04,81.53,82.19,79.59,79.59,198500,0.00,0.00,0.00
2024-04-05,79.14,80.81,79.00,80.00,123900,0.00,0.00,0.00
2024-04-08,81.67,82.08,81.22,81.75,155700,0.00,0.00,0.00
2024-04-09,81.63,82.06,80.79,81.44,161800,0.00,0.00,0.00
2024-04-10,79.75,81.12,79.50,80.68,129300,0.00,0.00,0.00
2024-04-11,81.13,82.13,80.18,81.82,168200,0.00,0.00,0.00
2024-04-12,81.14,81.44,78.86,79.14,352100,0.00,0.00,0.00
2024-04-15,79.35,79.39,75.57,75.71,278400,0.00,0.00,0.00
2024-04-16,75.45,75.89,74.33,75.25,237400,0.00,0.00,0.00
2024-04-17,75.60,76.00,73.71,74.41,279400,0.00,0.00,0.00
2024-04-18,74.45,75.70,73.81,74.40,271600,0.00,0.00,0.00
2024-04-19,74.12,74.89,72.49,72.82,170600,0.00,0.00,0.00
2024-04-22,73.45,74.41,72.47,73.98,152300,0.00,0.00,0.00
2024-04-23,74.57,76.71,74.57,76.35,209300,0.00,0.00,0.00
2024-04-24,77.31,77.56,75.26,75.92,241700,0.00,0.00,0.00
2024-04-25,73.53,75.91,73.27,75.88,158800,0.00,0.00,0.00
2024-04-26,75.72,76.45,75.06,76.22,247600,0.00,0.00,0.00
2024-04-29,76.89,77.58,76.45,76.91,150400,0.00,0.00,0.00
2024-04-30,76.16,76.56,74.11,74.15,192700,0.00,0.00,0.00
2024-05-01,73.28,76.17,73.08,73.85,330400,0.00,0.00,0.00
2024-05-02,75.29,76.35,73.92,76.35,339700,0.00,0.00,0.00
2024-05-03,77.96,78.25,76.23,76.74,184900,0.00,0.00,0.00
2024-05-06,77.42,78.70,77.42,78.60,227100,0.00,0.00,0.00
2024-05-07,78.14,78.44,77.26,77.26,208600,0.00,0.00,0.00
2024-05-08,76.23,76.91,75.88,76.31,118800,0.00,0.00,0.00
2024-05-09,75.52,75.82,74.84,75.73,111100,0.00,0.00,0.00
2024-05-10,75.97,76.11,73.86,73.95,301700,0.00,0.00,0.00
2024-05-13,74.59,75.60,74.59,74.89,140100,0.00,0.00,0.00
2024-05-14,74.93,76.91,74.75,75.96,226800,0.00,0.00,0.00
2024-05-15,77.43,78.10,76.53,78.10,212400,0.00,0.00,0.00
2024-05-16,77.61,78.04,76.78,76.96,226900,0.00,0.00,0.00
2024-05-17,77.37,78.21,76.88,78.19,137400,0.00,0.00,0.00
2024-05-20,77.81,79.03,77.40,78.96,151200,0.00,0.00,0.00
2024-05-21,78.84,78.92,78.12,78.53,105500,0.00,0.00,0.00
2024-05-22,78.23,78.74,77.35,77.52,104700,0.00,0.00,0.00
2024-05-23,78.24,78.24,75.35,75.97,272800,0.00,0.00,0.00
2024-05-24,75.89,77.43,75.71,77.43,189100,0.00,0.00,0.00
2024-05-28,77.14,77.81,76.16,77.81,203400,0.00,0.00,0.00
2024-05-29,76.42,76.85,75.91,76.65,277400,0.00,0.00,0.00
2024-05-30,76.23,76.30,75.10,75.84,285000,0.00,0.00,0.00
2024-05-31,76.00,76.46,73.46,74.59,344600,0.00,0.00,0.00
2024-06-03,75.91,76.39,74.46,75.40,327900,0.00,0.00,0.00
2024-06-04,75.10,76.38,74.94,75.91,185400,0.00,0.00,0.00
2024-06-05,76.68,77.49,76.01,77.40,317200,0.00,0.00,0.00
2024-06-06,77.33,78.88,77.30,78.24,258100,0.00,0.00,0.00
2024-06-07,77.70,78.54,76.69,76.90,145400,0.00,0.00,0.00
2024-06-10,76.56,77.89,76.53,77.66,99500,0.00,0.00,0.00
2024-06-11,76.85,77.22,76.00,77.22,165800,0.00,0.00,0.00
2024-06-12,78.85,79.45,78.18,78.36,225200,0.00,0.00,0.00
2024-06-13,78.91,79.08,76.98,77.30,108600,0.00,0.00,0.00
2024-06-14,76.93,77.29,76.22,76.77,167300,0.00,0.00,0.00
2024-06-17,76.50,78.13,76.02,77.73,162100,0.00,0.00,0.00
2024-06-18,77.26,77.48,76.74,76.74,132100,0.00,0.00,0.00
2024-06-20,76.98,77.19,75.89,76.49,219600,0.00,0.00,0.00
2024-06-21,76.15,76.73,75.43,76.67,107000,0.00,0.00,0.00
2024-06-24,75.93,76.65,74.98,75.26,195700,0.00,0.00,0.00
2024-06-25,75.69,76.56,75.26,76.49,143400,0.00,0.00,0.00
2024-06-26,76.17,77.20,76.17,77.01,97000,0.00,0.00,0.00
2024-06-27,77.10,78.30,76.95,78.12,135400,0.00,0.00,0.00
2024-06-28,78.32,78.85,77.63,78.03,109800,0.00,0.00,0.00
2024-07-01,78.57,79.51,78.28,79.23,172800,0.00,0.00,0.00
2024-07-02,79.14,79.87,78.41,79.35,117100,0.00,0.00,0.00
2024-07-03,79.50,80.58,79.44,80.25,106100,0.00,0.00,0.00
2024-07-05,79.28,80.64,78.94,80.56,207800,0.00,0.00,0.00
2024-07-08,80.77,80.95,79.88,80.14,187400,0.00,0.00,0.00
2024-07-09,80.56,81.05,80.10,80.61,130000,0.00,0.00,0.00
2024-07-10,81.09,81.19,79.67,80.62,154100,0.00,0.00,0.00
2024-07-11,81.41,82.18,79.26,79.49,163000,0.00,0.00,0.00
2024-07-12,79.60,81.29,79.60,80.95,142700,0.00,0.00,0.00
2024-07-15,82.45,84.03,82.15,83.63,228300,0.00,0.00,0.00
2024-07-16,83.72,84.67,82.47,84.59,199200,0.00,0.00,0.00
2024-07-17,82.89,84.41,82.05,82.64,230100,0.00,0.00,0.00
2024-07-18,83.33,83.64,80.24,81.32,147300,0.00,0.00,0.00
2024-07-19,80.65,81.92,80.32,81.50,101000,0.00,0.00,0.00
2024-07-22,82.17,82.89,81.41,82.57,119800,0.00,0.00,0.00
2024-07-23,82.83,83.36,82.09,82.09,154100,0.00,0.00,0.00
2024-07-24,80.94,81.07,77.63,78.05,155200,0.00,0.00,0.00
2024-07-25,77.33,79.24,76.06,77.09,175100,0.00,0.00,0.00
2024-07-26,78.96,79.70,77.98,78.48,93000,0.00,0.00,0.00
2024-07-29,79.64,80.44,78.40,78.40,108900,0.00,0.00,0.00
2024-07-30,78.90,79.21,76.67,76.67,104700,0.00,0.00,0.00
2024-07-31,78.43,79.53,77.79,77.79,94500,0.00,0.00,0.00
2024-08-01,78.34,78.89,74.51,75.40,141300,0.00,0.00,0.00
2024-08-02,73.91,74.50,72.00,73.39,150700,0.00,0.00,0.00
2024-08-05,65.07,70.00,64.00,68.06,214600,0.00,0.00,0.00
2024-08-06,69.02,71.31,67.81,70.48,277500,0.00,0.00,0.00
2024-08-07,71.97,72.59,69.52,69.59,193100,0.00,0.00,0.00
2024-08-08,70.98,73.39,70.40,73.06,124600,0.00,0.00,0.00
2024-08-09,72.80,74.09,72.80,73.79,126300,0.00,0.00,0.00
2024-08-12,73.52,73.90,72.53,73.03,93000,0.00,0.00,0.00
2024-08-13,73.45,75.75,73.38,75.63,94000,0.00,0.00,0.00
2024-08-14,75.90,76.26,74.51,75.17,84500,0.00,0.00,0.00
2024-08-15,76.20,77.83,75.80,77.24,96800,0.00,0.00,0.00
2024-08-16,76.96,78.13,76.96,78.11,79100,0.00,0.00,0.00
2024-08-19,78.06,79.42,77.96,79.38,105000,0.00,0.00,0.00
2024-08-20,79.58,80.04,78.27,78.55,131000,0.00,0.00,0.00
2024-08-21,78.87,80.57,78.75,80.51,101600,0.00,0.00,0.00
2024-08-22,80.58,80.74,78.60,78.66,142800,0.00,0.00,0.00
2024-08-23,79.54,81.90,79.54,81.72,150400,0.00,0.00,0.00
2024-08-26,81.60,82.00,80.42,80.46,70000,0.00,0.00,0.00
2024-08-27,79.97,80.68,79.75,80.11,73600,0.00,0.00,0.00
2024-08-28,79.96,79.96,77.57,78.31,98600,0.00,0.00,0.00
2024-08-29,78.76,80.37,78.64,78.64,96100,0.00,0.00,0.00
2024-08-30,79.21,79.55,77.97,79.19,66700,0.00,0.00,0.00
2024-09-03,78.98,78.98,76.17,76.48,108100,0.00,0.00,0.00
2024-09-04,75.71,77.46,75.40,76.34,85200,0.00,0.00,0.00
2024-09-05,76.27,77.83,76.27,76.77,65700,0.00,0.00,0.00
2024-09-06,78.00,78.40,73.87,74.00,125600,0.00,0.00,0.00
2024-09-09,75.17,76.60,74.98,76.22,62200,0.00,0.00,0.00
2024-09-10,76.39,77.09,75.50,77.02,55500,0.00,0.00,0.00
2024-09-11,76.55,78.76,75.74,78.36,50800,0.00,0.00,0.00
2024-09-12,78.92,80.51,78.60,80.13,99600,0.00,0.00,0.00
2024-09-13,80.24,81.38,80.24,81.08,103100,0.00,0.00,0.00
2024-09-16,80.50,81.22,79.92,80.82,51700,0.00,0.00,0.00
2024-09-17,81.32,82.50,81.32,81.60,115700,0.00,0.00,0.00
2024-09-18,81.58,83.50,81.35,81.35,110200,0.00,0.00,0.00
2024-09-19,83.99,84.98,83.57,84.10,283200,0.00,0.00,0.00
2024-09-20,84.05,84.37,82.97,84.03,74700,0.00,0.00,0.00
2024-09-23,84.16,84.90,84.16,84.48,104700,0.00,0.00,0.00
2024-09-24,84.70,85.65,83.83,85.56,182700,0.00,0.00,0.00
2024-09-25,85.51,85.75,84.91,84.96,99600,0.00,0.00,0.00
2024-09-26,85.99,86.01,84.02,85.14,96600,0.00,0.00,0.00
2024-09-27,85.67,86.25,85.40,85.67,88600,0.00,0.00,0.00
2024-09-30,85.30,85.86,84.31,85.13,84000,0.00,0.00,0.00
2024-10-01,85.33,85.76,82.42,83.34,84500,0.00,0.00,0.00
2024-10-02,82.39,83.20,82.12,82.68,77200,0.00,0.00,0.00
2024-10-03,81.89,83.18,81.29,82.23,63500,0.00,0.00,0.00
2024-10-04,83.74,84.69,83.07,84.34,71700,0.00,0.00,0.00
2024-10-07,84.33,84.90,83.43,83.74,69200,0.00,0.00,0.00
2024-10-08,83.33,85.19,83.33,85.16,107500,0.00,0.00,0.00
2024-10-09,85.16,85.74,84.80,85.31,87300,0.00,0.00,0.00
2024-10-10,84.86,86.05,84.40,85.31,108300,0.00,0.00,0.00
2024-10-11,84.61,86.42,84.61,86.11,116000,0.00,0.00,0.00
2024-10-14,86.55,87.44,86.30,87.19,124100,0.00,0.00,0.00
2024-10-15,87.11,88.03,85.66,87.07,104300,0.00,0.00,0.00
2024-10-16,87.71,87.86,86.64,87.54,98000,0.00,0.00,0.00
2024-10-17,87.83,87.83,86.83,87.04,63800,0.00,0.00,0.00
2024-10-18,87.81,88.83,87.62,88.66,71400,0.00,0.00,0.00
2024-10-21,88.32,88.39,87.00,87.81,141000,0.00,0.00,0.00
2024-10-22,87.30,87.61,86.95,87.40,95200,0.00,0.00,0.00
2024-10-23,86.88,87.24,84.68,85.40,79500,0.00,0.00,0.00
2024-10-24,87.28,88.40,87.26,88.28,118900,0.00,0.00,0.00
2024-10-25,88.54,89.71,88.07,88.50,105700,0.00,0.00,0.00
2024-10-28,89.74,90.26,89.51,89.78,182300,0.00,0.00,0.00
2024-10-29,90.05,91.01,89.52,90.71,245800,0.00,0.00,0.00
2024-10-30,90.56,91.55,90.06,90.71,105400,0.00,0.00,0.00
2024-10-31,89.59,89.80,86.67,86.96,113800,0.00,0.00,0.00
2024-11-01,86.97,88.18,86.97,87.28,255500,0.00,0.00,0.00
2024-11-04,86.92,87.79,86.39,86.62,88700,0.00,0.00,0.00
2024-11-05,87.53,89.89,87.53,89.51,230600,0.00,0.00,0.00
2024-11-06,93.61,96.30,92.89,96.11,250600,0.00,0.00,0.00
2024-11-07,96.06,98.20,96.00,97.61,541500,0.00,0.00,0.00
2024-11-08,96.88,98.99,96.76,98.73,203900,0.00,0.00,0.00
2024-11-11,101.90,104.98,101.72,104.75,371400,0.00,0.00,0.00
2024-11-12,104.45,106.12,104.20,105.41,228900,0.00,0.00,0.00
2024-11-13,106.18,107.74,103.97,104.61,243000,0.00,0.00,0.00
2024-11-14,104.87,104.88,102.46,102.49,316700,0.00,0.00,0.00
2024-11-15,102.25,102.47,100.84,102.41,172000,0.00,0.00,0.00
2024-11-18,103.17,105.01,102.33,104.74,277800,0.00,0.00,0.00
2024-11-19,103.85,106.52,103.74,106.36,218100,0.00,0.00,0.00
2024-11-20,106.44,107.05,104.43,105.86,258300,0.00,0.00,0.00
2024-11-21,107.09,107.38,105.11,106.43,130500,0.00,0.00,0.00
2024-11-22,106.35,108.65,106.05,108.34,273400,0.00,0.00,0.00
2024-11-25,109.63,109.67,107.50,107.78,197100,0.00,0.00,0.00
2024-11-26,106.89,108.03,106.08,106.38,161500,0.00,0.00,0.00
2024-11-27,107.48,107.71,106.26,107.51,134100,0.00,0.00,0.00
2024-11-29,107.96,109.03,107.74,108.27,129800,0.00,0.00,0.00
2024-12-02,109.01,110.67,109.01,110.22,324200,0.00,0.00,0.00
2024-12-03,109.21,111.30,109.07,111.30,290000,0.00,0.00,0.00
2024-12-04,112.79,114.98,112.28,114.96,290700,0.00,0.00,0.00
2024-12-05,116.29,116.79,114.94,115.04,325200,0.00,0.00,0.00
2024-12-06,116.69,118.83,116.26,118.69,245600,0.00,0.00,0.00
2024-12-09,118.92,118.98,114.56,115.41,386200,0.00,0.00,0.00
2024-12-10,115.98,117.36,113.18,113.74,194000,0.00,0.00,0.00
2024-12-11,115.89,117.49,115.31,117.19,331100,0.00,0.00,0.00
2024-12-12,116.74,118.05,116.15,116.59,150500,0.00,0.00,0.00
2024-12-13,116.86,117.14,115.23,117.10,203300,0.00,0.00,0.00
2024-12-16,117.73,120.36,117.63,120.04,257400,0.00,0.00,0.00
2024-12-17,119.89,120.39,118.12,119.88,264600,0.00,0.00,0.00
2024-12-18,119.32,119.38,111.32,112.28,410400,0.00,0.00,0.00
2024-12-19,114.30,114.94,110.63,111.18,277600,0.00,0.00,0.00
2024-12-20,109.32,113.90,108.99,112.69,335200,0.00,0.00,0.00
2024-12-23,112.72,112.87,110.68,111.84,262400,0.00,0.00,0.00
2024-12-24,112.84,115.26,112.76,115.11,153500,0.00,0.00,0.00
2024-12-26,114.46,114.82,113.28,114.48,262200,0.00,0.00,0.00
2024-12-27,113.86,113.96,110.39,111.68,238000,0.00,0.00,0.00
2024-12-30,109.44,110.66,108.19,109.71,311200,0.00,0.00,0.00
2024-12-31,110.61,110.61,107.69,107.98,350200,0.00,0.00,0.00
2025-01-02,109.51,110.42,107.52,109.13,164400,0.00,0.00,0.00
2025-01-03,109.94,113.34,109.94,113.22,108000,0.00,0.00,0.00
2025-01-06,114.82,116.67,114.57,115.72,230300,0.00,0.00,0.00
2025-01-07,116.01,116.33,110.12,110.98,218900,0.00,0.00,0.00
2025-01-08,110.86,111.88,109.01,110.99,131200,0.00,0.00,0.00
2025-01-10,109.18,110.27,107.14,109.44,252300,0.00,0.00,0.00
2025-01-13,106.79,108.26,105.94,108.21,118600,0.00,0.00,0.00
2025-01-14,110.39,111.26,108.66,109.13,118500,0.00,0.00,0.00
2025-01-15,112.40,114.24,112.13,113.49,117500,0.00,0.00,0.00
2025-01-16,113.48,114.39,112.50,113.51,80500,0.00,0.00,0.00
2025-01-17,115.88,116.83,114.97,115.58,143900,0.00,0.00,0.00
2025-01-21,117.10,118.50,114.81,117.77,157100,0.00,0.00,0.00
2025-01-22,118.12,118.54,117.55,117.71,213200,0.00,0.00,0.00
2025-01-23,116.71,118.80,116.58,118.62,133800,0.00,0.00,0.00
2025-01-24,119.15,120.42,118.53,118.81,159900,0.00,0.00,0.00
2025-01-27,114.42,117.39,113.64,115.63,191900,0.00,0.00,0.00
2025-01-28,116.26,119.75,115.50,119.29,124700,0.00,0.00,0.00
2025-01-29,119.16,120.68,118.02,120.03,108600,0.00,0.00,0.00
2025-01-30,121.38,122.51,120.96,121.77,176300,0.00,0.00,0.00
2025-01-31,122.30,123.64,120.13,120.44,214700,0.00,0.00,0.00
2025-02-03,115.74,119.47,115.10,118.55,349300,0.00,0.00,0.00
2025-02-04,119.84,121.72,119.84,121.47,206600,0.00,0.00,0.00
2025-02-05,120.97,121.75,120.50,121.63,101900,0.00,0.00,0.00
2025-02-06,120.21,120.67,119.05,120.48,152400,0.00,0.00,0.00
2025-02-07,121.47,123.39,120.75,121.05,203200,0.00,0.00,0.00
2025-02-10,122.16,123.08,121.84,122.14,146100,0.00,0.00,0.00
2025-02-11,121.08,121.50,119.08,119.37,129500,0.00,0.00,0.00
2025-02-12,118.16,121.77,117.80,121.19,273200,0.00,0.00,0.00
2025-02-13,121.20,124.14,121.20,124.09,394500,0.00,0.00,0.00
2025-02-14,125.39,126.12,124.43,125.64,315600,0.00,0.00,0.00
2025-02-18,125.80,125.94,122.73,123.86,186900,0.00,0.00,0.00
2025-02-19,123.79,123.99,121.44,121.89,224200,0.00,0.00,0.00
2025-02-20,121.78,121.78,117.82,120.73,192900,0.00,0.00,0.00
2025-02-21,121.30,121.30,114.68,114.92,407900,0.00,0.00,0.00
2025-02-24,114.64,115.00,110.60,112.41,317800,0.00,0.00,0.00
2025-02-25,110.81,110.81,105.52,107.35,370600,0.00,0.00,0.00
2025-02-26,108.03,109.96,107.25,107.94,123800,0.00,0.00,0.00
2025-02-27,109.52,110.07,105.19,105.40,205500,0.00,0.00,0.00
2025-02-28,104.35,107.19,103.08,107.06,207100,0.00,0.00,0.00
2025-03-03,110.31,110.90,102.91,103.87,292700,0.00,0.00,0.00
2025-03-04,101.50,106.25,98.49,103.68,799000,0.00,0.00,0.00
2025-03-05,104.43,107.09,102.89,106.96,250500,0.00,0.00,0.00
2025-03-06,104.43,106.60,101.19,101.59,151000,0.00,0.00,0.00
2025-03-07,101.01,102.82,96.51,100.82,321300,0.00,0.00,0.00
2025-03-10,97.33,97.33,90.59,91.59,374500,0.00,0.00,0.00
2025-03-11,92.00,95.20,91.43,93.59,255100,0.00,0.00,0.00
2025-03-12,97.00,97.56,94.10,96.23,215600,0.00,0.00,0.00
2025-03-13,95.50,95.57,91.54,92.06,168300,0.00,0.00,0.00
2025-03-14,94.77,96.57,94.55,96.28,192700,0.00,0.00,0.00
2025-03-17,95.93,98.35,95.54,97.38,119400,0.00,0.00,0.00
2025-03-18,95.98,96.22,93.59,94.57,153700,0.00,0.00,0.00
2025-03-19,95.85,99.65,95.85,98.03,242600,0.00,0.00,0.00
2025-03-20,96.88,99.87,96.88,98.20,61600,0.00,0.00,0.00
2025-03-21,97.03,100.18,96.68,100.11,125800,0.00,0.00,0.00
2025-03-24,102.77,105.24,102.76,105.08,217700,0.00,0.00,0.00
2025-03-25,105.53,106.25,104.70,105.83,201700,0.00,0.00,0.00
2025-03-26,105.31,105.45,101.00,101.80,189600,0.00,0.00,0.00
2025-03-27,101.00,102.52,99.96,100.46,103200,0.00,0.00,0.00
2025-03-28,99.50,99.50,95.86,96.36,121700,0.00,0.00,0.00
2025-03-31,93.09,95.02,91.07,94.67,403300,0.00,0.00,0.00
2025-04-01,95.28,97.47,93.93,96.82,198200,0.00,0.00,0.00
2025-04-02,94.67,100.11,94.67,99.34,289000,0.00,0.00,0.00
2025-04-03,92.34,93.50,90.30,91.23,352800,0.00,0.00,0.00
2025-04-04,87.40,88.02,82.44,85.38,368100,0.00,0.00,0.00
2025-04-07,79.86,89.83,78.62,85.18,376500,0.00,0.00,0.00
2025-04-08,89.49,89.90,81.54,82.77,223100,0.00,0.00,0.00
2025-04-09,82.70,96.17,82.24,94.09,404800,0.00,0.00,0.00
2025-04-10,92.49,92.89,87.38,90.55,191500,0.00,0.00,0.00
2025-04-11,90.63,92.42,89.03,92.22,139200,0.00,0.00,0.00
2025-04-14,94.92,95.56,91.34,92.81,181800,0.00,0.00,0.00
2025-04-15,92.85,94.50,92.84,93.58,229200,0.00,0.00,0.00
2025-04-16,91.44,92.70,89.59,91.23,137600,0.00,0.00,0.00
2025-04-17,91.72,92.20,90.29,91.48,111200,0.00,0.00,0.00
2025-04-21,90.48,91.40,88.61,89.72,116400,0.00,0.00,0.00
2025-04-22,91.20,94.33,91.20,93.38,133700,0.00,0.00,0.00
2025-04-23,97.66,99.24,96.49,96.96,215800,0.00,0.00,0.00
2025-04-24,96.91,100.53,96.91,100.44,135500,0.00,0.00,0.00
2025-04-25,100.85,103.39,100.65,103.22,149700,0.00,0.00,0.00
2025-04-28,103.69,104.08,101.01,103.26,135700,0.00,0.00,0.00
2025-04-29,102.72,104.15,102.69,103.95,121200,0.00,0.00,0.00
2025-04-30,100.79,102.91,99.47,102.91,124300,0.00,0.00,0.00
2025-05-01,105.53,105.63,103.16,103.37,149800,0.00,0.00,0.00
2025-05-02,103.37,105.78,103.14,104.85,158100,0.00,0.00,0.00
2025-05-05,103.32,104.58,102.74,103.55,211900,0.00,0.00,0.00
2025-05-06,100.96,102.42,100.39,102.14,186400,0.00,0.00,0.00
2025-05-07,102.39,103.20,101.29,102.58,137700,0.00,0.00,0.00
2025-05-08,104.54,106.89,104.35,105.99,148600,0.00,0.00,0.00
2025-05-09,107.06,108.76,106.28,106.67,163100,0.00,0.00,0.00
2025-05-12,112.04,112.65,110.40,112.10,176700,0.00,0.00,0.00
2025-05-13,113.79,118.55,113.79,117.96,266700,0.00,0.00,0.00
2025-05-14,118.85,120.00,118.28,119.43,181300,0.00,0.00,0.00
2025-05-15,118.08,118.81,115.94,117.75,218800,0.00,0.00,0.00
2025-05-16,118.42,120.18,118.42,119.93,230400,0.00,0.00,0.00
2025-05-19,116.87,119.95,116.87,119.66,152700,0.00,0.00,0.00
2025-05-20,119.87,120.32,118.71,119.81,122700,0.00,0.00,0.00
2025-05-21,119.00,121.66,117.50,118.49,160400,0.00,0.00,0.00
2025-05-22,119.29,121.36,118.91,120.02,205800,0.00,0.00,0.00
2025-05-23,117.41,119.87,117.25,118.94,211000,0.00,0.00,0.00
2025-05-27,121.19,122.85,120.83,122.68,180300,0.00,0.00,0.00
2025-05-28,122.99,122.99,121.32,121.42,573100,0.00,0.00,0.00
2025-05-29,123.27,123.30,120.12,120.33,124100,0.00,0.00,0.00
2025-05-30,119.85,121.11,118.24,120.71,166500,0.00,0.00,0.00
2025-06-02,120.18,121.94,119.27,121.79,775900,0.00,0.00,0.00
2025-06-03,122.55,124.90,121.90,124.50,189900,0.00,0.00,0.00
2025-06-04,124.52,124.77,122.90,124.61,168700,0.00,0.00,0.00
2025-06-05,124.52,125.82,120.19,121.41,523900,0.00,0.00,0.00
2025-06-06,124.79,131.02,124.61,129.66,788400,0.00,0.00,0.00
2025-06-09,131.48,131.69,129.99,131.35,285400,0.00,0.00,0.00
2025-06-10,131.93,132.02,129.37,131.35,223000,0.00,0.00,0.00
2025-06-11,132.29,133.68,131.39,132.38,238400,0.00,0.00,0.00
2025-06-12,131.41,131.91,129.58,129.88,146800,0.00,0.00,0.00
2025-06-13,127.50,131.02,127.36,130.02,269000,0.00,0.00,0.00
2025-06-16,133.21,136.57,132.95,135.90,300500,0.00,0.00,0.00
2025-06-17,135.48,136.08,133.21,134.28,198900,0.00,0.00,0.00
2025-06-18,134.54,139.57,133.91,139.17,390600,0.00,0.00,0.00
2025-06-20,142.16,142.57,139.61,141.46,514100,0.00,0.00,0.00
2025-06-23,140.95,145.53,139.20,143.80,676400,0.00,0.00,0.00
2025-06-24,145.50,147.72,144.16,146.60,331200,0.00,0.00,0.00
2025-06-25,148.31,149.12,144.91,145.22,183100,0.00,0.00,0.00
2025-06-26,146.04,148.45,145.82,147.90,208000,0.00,0.00,0.00
2025-06-27,148.37,148.37,144.16,145.65,215800,0.00,0.00,0.00
2025-06-30,147.05,147.90,146.55,147.62,282300,0.00,0.00,0.00
2025-07-01,146.35,147.56,143.07,144.46,232600,0.00,0.00,0.00
2025-07-02,144.56,147.20,144.17,146.31,193700,0.00,0.00,0.00
2025-07-03,147.17,148.20,146.67,148.08,166600,0.00,0.00,0.00
2025-07-07,147.07,148.50,145.53,148.46,275900,0.00,0.00,0.00
2025-07-08,148.68,149.56,146.96,147.46,313400,0.00,0.00,0.00
2025-07-09,148.60,150.06,147.72,150.04,168600,0.00,0.00,0.00
2025-07-10,150.96,151.30,148.41,150.80,196100,0.00,0.00,0.00
2025-07-11,150.68,151.35,148.71,149.33,184700,0.00,0.00,0.00
2025-07-14,150.23,152.87,150.12,152.50,272000,0.00,0.00,0.00
2025-07-15,153.34,154.11,151.37,151.95,189000,0.00,0.00,0.00
2025-07-16,153.35,157.80,153.11,157.04,411500,0.00,0.00,0.00
2025-07-17,157.44,159.86,156.50,158.96,328900,0.00,0.00,0.00
2025-07-18,160.37,162.79,159.00,160.03,297500,0.00,0.00,0.00
2025-07-21,161.65,162.50,159.24,159.39,290100,0.00,0.00,0.00
2025-07-22,159.29,159.65,154.63,156.97,326900,0.00,0.00,0.00
2025-07-23,157.95,157.95,155.60,157.55,180300,0.00,0.00,0.00
2025-07-24,157.16,157.50,155.27,156.31,177300,0.00,0.00,0.00
2025-07-25,156.17,158.39,155.98,157.58,109500,0.00,0.00,0.00
2025-07-28,158.91,159.33,157.75,158.24,134400,0.00,0.00,0.00
2025-07-29,158.76,159.00,154.89,155.70,203500,0.00,0.00,0.00
2025-07-30,156.01,158.66,155.92,157.58,232200,0.00,0.00,0.00
2025-07-31,161.10,161.24,157.42,157.97,452100,0.00,0.00,0.00
2025-08-01,152.53,152.99,148.27,150.17,1062300,0.00,0.00,0.00
2025-08-04,152.20,154.95,151.48,154.75,399900,0.00,0.00,0.00
2025-08-05,154.12,155.19,152.03,152.91,541600,0.00,0.00,0.00
2025-08-06,153.49,157.16,153.37,157.09,440300,0.00,0.00,0.00
2025-08-07,159.04,159.70,155.44,157.81,437600,0.00,0.00,0.00
2025-08-08,157.80,159.38,157.15,158.77,251400,0.00,0.00,0.00
2025-08-11,160.02,163.19,159.51,159.77,685600,0.00,0.00,0.00
2025-08-12,162.10,162.50,159.58,162.34,953300,0.00,0.00,0.00
2025-08-13,163.18,164.72,161.57,162.15,660800,0.00,0.00,0.00
2025-08-14,160.79,161.87,159.05,160.01,882300,0.00,0.00,0.00
2025-08-15,159.73,160.03,158.48,159.70,133800,0.00,0.00,0.00
2025-08-18,158.61,160.25,157.70,159.79,342000,0.00,0.00,0.00
2025-08-19,159.72,159.75,153.67,154.07,631500,0.00,0.00,0.00
2025-08-20,153.09,153.88,149.11,153.62,686400,0.00,0.00,0.00
2025-08-21,152.63,153.63,151.59,152.60,371600,0.00,0.00,0.00
2025-08-22,152.51,159.46,152.09,158.31,375700,0.00,0.00,0.00
2025-08-25,157.50,158.18,155.70,156.45,336500,0.00,0.00,0.00
2025-08-26,156.17,157.68,155.75,157.50,281800,0.00,0.00,0.00
2025-08-27,157.54,158.09,156.31,157.24,155000,0.00,0.00,0.00
2025-08-28,158.07,159.98,158.07,159.42,190300,0.00,0.00,0.00
2025-08-29,158.61,159.09,156.10,156.66,160700,0.00,0.00,0.00
2025-09-02,153.16,155.88,151.95,155.02,276900,0.00,0.00,0.00
2025-09-03,155.78,157.11,154.96,155.81,153800,0.00,0.00,0.00
2025-09-04,155.36,155.76,153.72,155.50,167700,0.00,0.00,0.00
2025-09-05,157.28,157.93,152.59,155.60,229500,0.00,0.00,0.00
2025-09-08,157.28,158.71,157.03,158.06,250800,0.00,0.00,0.00
2025-09-09,158.55,160.05,158.20,159.75,427100,0.00,0.00,0.00
2025-09-10,161.97,162.26,158.73,159.43,178000,0.00,0.00,0.00
2025-09-11,160.36,162.56,159.91,161.98,132400,0.00,0.00,0.00
2025-09-12,162.61,163.33,161.74,163.23,109138,0.00,0.00,0.00
